Q2,Q2_corr,xbj,xbj_corr,z,z_corr,RunGroup,y_RD,error_RD,y_RD_rho,yield_neg,yield_pos,charge_neg,charge_pos,yield_neg_rho,yield_pos_rho,yield_neg_incnorad,yield_neg_incrad,yield_pos_incnorad,yield_pos_incrad,W2_corr,Wp2_corr,xprime_corr,zprime_corr,shms_p
4,3.41255,0.275000,0.287134,0.375000,0.373686,100,4.91852,1.03816,4.49105,11.4723,17.2874,91.8381,125.853,0.734042,0.734042,18.0277,16.9202,26.6802,25.8821,9.35832,6.10197,0.281077,0.365131,2.36843
4,3.78059,0.325000,0.325361,0.375000,0.376769,100,5.96769,0.814457,5.5873,32.568,46.5904,91.8381,125.853,1.47932,1.47932,42.9392,39.4637,64.6264,62.3665,8.72627,5.68119,0.317242,0.366963,2.33427
4,4.2121,0.375000,0.370503,0.375000,0.380197,100,6.83378,1.22578,6.60667,22.2045,30.7079,91.8381,125.853,0.542809,0.542809,22.9662,20.5806,35.0925,32.2453,8.04359,5.22116,0.359668,0.368969,2.30425
4,4.60704,0.425000,0.41689,0.375000,0.385148,100,3.27669,0.97183,3.15986,4.81986,8.20088,91.8381,125.853,0.123056,0.123056,4.62579,4.08089,7.152,6.06422,7.32982,4.72658,0.403937,0.372821,2.26924
4,3.40661,0.275000,0.286871,0.425000,0.423565,100,5.6406,1.17543,5.33572,10.0031,14.5222,91.8381,125.853,0.411638,0.411638,14.3963,14.2908,21.7829,22.783,9.35477,5.67586,0.280734,0.414115,2.68345
4,3.76941,0.325000,0.326544,0.425000,0.423237,100,4.59586,0.503972,4.30595,32.52,49.9543,91.8381,125.853,1.64085,1.64085,43.1366,41.5198,66.3927,63.4846,8.66252,5.27918,0.315537,0.410406,2.60693
4,4.185,0.375000,0.371533,0.425000,0.423767,100,4.13678,0.532538,3.90077,24.4591,38.7439,91.8381,125.853,1.01892,1.01892,29.5011,26.9501,46.0736,42.2849,7.96565,4.86167,0.360882,0.411194,2.54639
4,4.60596,0.425000,0.418281,0.425000,0.424331,100,5.81822,1.56856,5.57824,7.63287,10.9913,91.8381,125.853,0.243746,0.243746,7.45165,6.88767,11.7766,10.9791,7.29145,4.4466,0.404533,0.410243,2.4923
4,3.40986,0.275000,0.28919,0.475000,0.456171,100,1.82308,0.855707,1.39117,1.20426,2.48399,91.8381,125.853,0.185533,0.185533,2.36001,2.31036,3.6271,3.43095,9.26718,5.35332,0.282074,0.446083,2.8703
4,3.7444,0.325000,0.329254,0.475000,0.464408,100,5.823,1.12647,5.38796,11.7127,16.8627,91.8381,125.853,0.704538,0.704538,15.676,15.1622,24.6104,24.0893,8.51747,4.88318,0.320741,0.45239,2.81811
4,4.15054,0.375000,0.372288,0.475000,0.46825,100,4.90601,0.839478,4.57577,14.0575,21.1981,91.8381,125.853,0.689586,0.689586,15.9564,14.4887,25.4986,23.5981,7.88299,4.50233,0.361256,0.454536,2.7844
4,4.59816,0.425000,0.418439,0.475000,0.471394,100,4.48429,1.12541,4.30182,5.96901,9.23416,91.8381,125.853,0.186853,0.186853,5.52461,4.99182,8.96656,7.92401,7.27597,4.13493,0.404421,0.455635,2.7635
4,3.83507,0.325000,0.323427,0.425000,0.441053,90,8.12312,3.12922,7.90482,7.31197,9.7164,111.463,62.5913,0.142749,0.142749,8.74065,7.56052,13.5822,11.9916,8.90603,5.27303,0.315335,0.4309,2.78956
4,3.4103,0.275000,0.287066,0.475000,0.473855,90,6.79563,1.81135,6.03728,10.3298,14.305,111.463,62.5913,0.900802,0.900802,14.7176,13.789,22.7999,21.7806,9.35595,5.24725,0.280631,0.463816,3.00417
4,3.77388,0.325000,0.325683,0.475000,0.475105,90,5.46239,0.796705,5.15371,30.3135,44.3858,111.463,62.5913,1.28887,1.28887,40.2278,36.0018,63.5253,57.0013,8.70144,4.89411,0.31744,0.463245,2.93788
4,4.19912,0.375000,0.370528,0.475000,0.477632,90,4.45886,0.731512,4.20469,20.4482,31.6858,111.463,62.5913,0.82076,0.82076,22.6783,19.784,36.4599,32.028,8.02021,4.50504,0.360444,0.464311,2.88785
4,4.61113,0.425000,0.416957,0.475000,0.480903,90,3.27088,0.995701,3.12681,4.89365,8.3311,111.463,62.5913,0.154137,0.154137,4.73397,4.16193,7.73264,6.52113,7.33327,4.09889,0.403285,0.46555,2.837
4,3.41315,0.275000,0.287356,0.525000,0.523665,90,8.96039,2.69951,8.19557,10.2786,13.3745,111.463,62.5913,0.647412,0.647412,12.1694,10.7777,19.2454,17.4994,9.35087,4.82085,0.281381,0.512908,3.32005
4,3.76915,0.325000,0.326751,0.525000,0.52364,90,4.45565,0.627519,3.99666,25.2437,39.1249,111.463,62.5913,1.87773,1.87773,35.6919,31.7989,57.6083,51.5622,8.65516,4.48942,0.318016,0.510251,3.2247
4,4.19098,0.375000,0.372064,0.525000,0.523773,90,6.23928,1.11424,5.81651,22.2401,31.4566,111.463,62.5913,1.06058,1.06058,24.3663,20.62,40.0529,34.4459,7.95977,4.14178,0.361573,0.508956,3.14892
4,4.60351,0.425000,0.417988,0.525000,0.523896,90,6.42641,2.15895,5.97597,6.72952,9.448,111.463,62.5913,0.334486,0.334486,6.40831,5.3293,10.7051,8.95981,7.29551,3.79814,0.404359,0.507236,3.07921
4,3.41664,0.275000,0.28897,0.575000,0.563872,90,4.1358,1.45989,3.22303,3.36097,5.32423,111.463,62.5913,0.557831,0.557831,4.69145,4.14418,7.53226,6.40739,9.29522,4.45251,0.281747,0.551355,3.55955
4,3.75466,0.325000,0.327921,0.575000,0.569959,90,3.54536,0.598544,3.03329,14.1936,23.5616,111.463,62.5913,1.38021,1.38021,20.7359,18.2928,34.1035,30.5866,8.58382,4.09839,0.31957,0.555981,3.48363
4,4.16584,0.375000,0.371764,0.575000,0.572305,90,4.00073,0.741997,3.56144,13.8422,22.1463,111.463,62.5913,1.05357,1.05357,17.4875,14.7994,29.3664,24.4778,7.92476,3.78142,0.360646,0.556417,3.42266
4,4.60333,0.425000,0.418281,0.575000,0.572921,90,3.26499,0.937797,2.93923,4.8063,8.18706,111.463,62.5913,0.334363,0.334363,4.90179,4.22341,8.38421,6.9385,7.28748,3.47592,0.404766,0.554225,3.36538
4,4.09398,0.375000,0.37398,0.625000,0.611355,90,2.70015,1.02053,2.21375,2.62268,4.74909,111.463,62.5913,0.293009,0.293009,3.38883,2.8482,5.77971,4.80789,7.73734,3.42856,0.360584,0.593459,3.57193
4,3.41095,0.275000,0.286406,0.525000,0.532555,80,2.25325,0.57251,1.9474,5.25331,10.0977,108.44,94.6964,0.477786,0.477786,8.41577,7.58066,13.3508,11.2382,9.3845,4.76229,0.280142,0.52159,3.38501
4,3.81008,0.325000,0.32331,0.525000,0.535706,80,4.34773,0.866549,3.92101,11.4915,17.9381,108.44,94.6964,0.759643,0.759643,14.293,12.2723,23.1635,20.3404,8.85894,4.48783,0.315276,0.522898,3.36862
4,4.27733,0.375000,0.366917,0.525000,0.538565,80,3.08453,0.936672,2.82958,4.30713,7.47063,108.44,94.6964,0.220281,0.220281,4.33722,3.522,7.17347,5.7847,8.26701,4.18086,0.357171,0.524076,3.35063
4,3.41176,0.275000,0.287083,0.575000,0.574183,80,2.88625,0.606698,2.37253,7.67267,13.5956,108.44,94.6964,0.853626,0.853626,11.9294,10.3345,19.212,17.0892,9.35864,4.39364,0.281199,0.562307,3.64275
4,3.77402,0.325000,0.326098,0.575000,0.574857,80,4.00371,0.50675,3.49404,24.856,39.7585,108.44,94.6964,2.15489,2.15489,32.4413,28.5714,53.4293,48.1729,8.68689,4.09951,0.317751,0.560848,3.55182
4,4.20147,0.375000,0.371329,0.575000,0.576209,80,3.62575,0.561355,3.20149,17.6226,29.0516,108.44,94.6964,1.29049,1.29049,20.1331,16.5435,33.8585,28.4136,7.99981,3.78158,0.361141,0.560162,3.47998
4,4.60559,0.425000,0.417076,0.575000,0.578486,80,2.90798,0.897211,2.62299,4.29587,7.59364,108.44,94.6964,0.23196,0.23196,4.47814,3.57172,7.67445,6.53902,7.32309,3.45106,0.403656,0.559799,3.40961
4,3.41179,0.275000,0.287154,0.625000,0.623877,80,3.44162,0.736491,3.00953,7.09561,11.8882,108.44,94.6964,0.545935,0.545935,9.59791,8.01573,15.657,13.6474,9.3559,3.96447,0.281203,0.610535,3.95738
4,3.766,0.325000,0.326282,0.625000,0.623861,80,3.97707,0.508014,3.32364,23.1453,37.0965,108.44,94.6964,2.39427,2.39427,29.0921,24.1794,48.6377,42.0232,8.66485,3.70546,0.317863,0.608178,3.84511
4,4.18464,0.375000,0.371305,0.625000,0.623805,80,2.62216,0.35787,2.14385,16.1615,29.5471,108.44,94.6964,1.88572,1.88572,18.4995,16.1891,31.6337,27.4312,7.972,3.42836,0.360702,0.60626,3.75345
4,4.60194,0.425000,0.417921,0.625000,0.624539,80,3.19547,0.923686,2.77049,4.62098,7.92524,108.44,94.6964,0.373439,0.373439,5.05769,4.10043,8.82699,7.24967,7.29519,3.1379,0.404428,0.604461,3.67114
4,3.41371,0.275000,0.288043,0.675000,0.669305,80,3.16647,0.753082,2.22046,4.89705,8.42309,108.44,94.6964,0.927211,0.927211,5.91143,5.0665,9.73592,8.56597,9.32399,3.56688,0.282018,0.655282,4.23514
4,3.76175,0.325000,0.326758,0.675000,0.672301,80,2.1395,0.288073,1.50214,14.7614,28.8669,108.44,94.6964,2.62343,2.62343,21.1437,18.2015,35.7389,30.1634,8.63917,3.31764,0.318613,0.65604,4.1331
4,4.17809,0.375000,0.371713,0.675000,0.673524,80,2.40471,0.334687,1.9904,14.8182,27.8749,108.44,94.6964,1.51761,1.51761,15.847,12.8427,27.4477,21.4464,7.94756,3.06479,0.36094,0.653979,4.04173
4,4.59441,0.425000,0.417176,0.675000,0.671772,80,3.52135,0.973817,2.75663,4.5286,7.5334,108.44,94.6964,0.553901,0.553901,4.00773,3.15435,7.09794,6.0108,7.30434,2.83676,0.403609,0.649562,3.95011
4,3.72359,0.325000,0.331753,0.725000,0.713864,80,5.01523,1.61002,3.42482,4.15604,6.2288,108.44,94.6964,0.786267,0.786267,5.09136,4.08382,8.71343,7.61365,8.38898,2.92583,0.321928,0.696087,4.27875
4,4.12435,0.375000,0.371383,0.725000,0.713788,80,3.77385,0.943017,2.88057,5.27255,8.58595,108.44,94.6964,0.793798,0.793798,5.51122,4.58778,9.64001,8.2455,7.86399,2.75689,0.358459,0.692891,4.23118
4,4.54759,0.425000,0.408925,0.725000,0.707721,80,1.10209,0.801023,0.664804,0.484015,1.17478,108.44,94.6964,0.0958378,0.0958378,0.645923,0.615631,1.15036,1.09905,7.45736,2.66678,-nan,-nan,4.20284
4,3.4077,0.275000,0.286363,0.625000,0.626323,70,3.93979,0.841054,3.3216,7.65545,12.3047,130.017,102.151,0.858754,0.858754,9.02817,8.05681,14.7414,13.1152,9.37822,3.95388,0.280287,0.612848,3.97892
4,3.80071,0.325000,0.323724,0.625000,0.630556,70,2.23968,0.35341,1.7697,12.233,23.5611,130.017,102.151,1.54912,1.54912,17.5728,15.2329,29.3666,25.2658,8.82461,3.71076,0.315925,0.615896,3.95122
4,4.2627,0.375000,0.367315,0.625000,0.633612,70,2.18753,0.516066,1.82869,5.45544,10.5899,130.017,102.151,0.506132,0.506132,6.04854,5.05308,10.3459,8.77077,8.22945,3.45768,0.357256,0.616745,3.92531
4,3.40909,0.275000,0.287001,0.675000,0.673902,70,1.7254,0.3758,1.11513,5.77805,12.1383,130.017,102.151,1.14885,1.14885,9.46637,8.1358,15.5948,12.819,9.35574,3.53574,0.280739,0.659702,4.27417
4,3.7693,0.325000,0.32629,0.675000,0.674186,70,2.36348,0.284682,1.70044,20.196,38.2094,130.017,102.151,3.25349,3.25349,27.0027,22.3645,45.6344,38.3709,8.67131,3.31128,0.318125,0.657587,4.15912
4,4.19029,0.375000,0.370963,0.675000,0.675401,70,2.56821,0.369327,2.05857,15.1728,27.9294,130.017,102.151,1.85629,1.85629,17.1395,14.1066,29.6854,23.529,7.9916,3.06187,0.36016,0.656609,4.07323
4,4.59436,0.425000,0.41598,0.675000,0.67481,70,2.24238,0.692864,1.83488,3.5579,6.84983,130.017,102.151,0.350537,0.350537,3.88046,3.05495,6.87619,5.4379,7.33551,2.8221,0.402179,0.653265,3.97889
4,3.41538,0.275000,0.287585,0.725000,0.724101,70,2.05167,0.454306,1.29922,5.25628,10.4236,130.017,102.151,1.04655,1.04655,7.7253,6.34215,12.8012,10.743,9.34696,3.10356,0.281696,0.709393,4.59198
4,3.76793,0.325000,0.3263,0.725000,0.723779,70,2.07445,0.250503,1.31234,17.7804,35.1302,130.017,102.151,3.65072,3.65072,23.1353,19.1135,39.409,32.4497,8.66814,2.92128,0.317908,0.706431,4.46389
4,4.18149,0.375000,0.368745,0.725000,0.719461,70,3.2356,0.560203,2.45761,10.9853,18.766,130.017,102.151,1.60268,1.60268,12.4549,9.88373,21.7369,17.2359,8.04466,2.7644,0.356875,0.699181,4.35712
4,4.55332,0.425000,0.408949,0.725000,0.708281,70,1.5283,1.00884,1.09263,0.65192,1.42547,130.017,102.151,0.0904563,0.0904563,0.857782,0.695626,1.52659,1.25078,7.4625,2.65759,-nan,-nan,4.20918
4,3.40792,0.275000,0.286943,0.775000,0.76614,70,1.93672,0.545084,1.09902,2.91978,5.90248,130.017,102.151,0.703134,0.703134,4.2372,3.56949,7.04667,5.91806,9.35569,2.75201,0.280328,0.750791,4.8597
4,3.74686,0.325000,0.320135,0.775000,0.759744,70,2.12775,0.541702,1.5318,3.88436,7.61007,130.017,102.151,0.590085,0.590085,5.84862,4.87402,9.96006,8.77042,8.84139,2.68774,0.307056,0.741585,4.74777
4,3.45877,0.325000,0.327552,0.425000,0.437112,400,5.56863,1.32914,5.09877,10.3213,15.0352,120.391,75.3767,0.614724,0.614724,12.7577,11.2668,19.6003,17.8423,7.98636,4.77748,0.318658,0.425249,2.46151
4,3.92221,0.375000,0.373351,0.425000,0.43845,400,8.75941,3.24111,8.19208,7.91695,10.3506,120.391,75.3767,0.327901,0.327901,10.2165,8.71161,15.9709,14.5531,7.46672,4.47315,0.361858,0.425417,2.45587
4,4.32816,0.425000,0.41671,0.425000,0.440665,400,5.11404,2.21555,4.95087,3.15669,4.7056,120.391,75.3767,0.0636988,0.0636988,2.81553,2.29988,4.46261,3.79915,6.94425,4.15785,0.402693,0.425319,2.44041
4,3.45288,0.325000,0.330053,0.475000,0.473762,400,5.00492,0.826063,4.61331,18.36,27.5324,120.391,75.3767,1.07832,1.07832,25.7351,23.4531,40.367,37.0234,7.89649,4.46837,0.320772,0.460652,2.64464
4,3.81482,0.375000,0.374866,0.475000,0.47523,400,4.28365,0.565125,3.97814,28.2393,44.2734,120.391,75.3767,1.38665,1.38665,37.4909,32.3257,59.8117,52.0518,7.2477,4.1154,0.363097,0.460101,2.57955
4,4.19329,0.425000,0.421534,0.475000,0.47805,400,3.83907,0.602553,3.54983,19.0187,30.8094,120.391,75.3767,1.00856,1.00856,20.332,17.3638,32.901,27.421,6.63983,3.76517,0.406798,0.461049,2.53577
4,4.54049,0.475000,0.468887,0.475000,0.481184,400,3.21345,0.919508,2.97886,5.5856,9.56257,120.391,75.3767,0.264346,0.264346,5.69282,4.73169,9.32634,7.62429,6.02821,3.40434,0.451083,0.462477,2.48425
4,3.44934,0.325000,0.32975,0.525000,0.523582,400,4.39055,0.739344,3.82854,14.3441,22.327,120.391,75.3767,1.22424,1.22424,20.7076,18.4398,33.3327,31.395,7.89884,4.11522,0.32074,0.509351,2.92324
4,3.80068,0.375000,0.376057,0.525000,0.523415,400,5.13268,0.7082,4.67031,26.5278,39.5048,120.391,75.3767,1.80201,1.80201,33.4683,29.3888,54.8649,47.5387,7.19297,3.77883,0.36388,0.50625,2.82307
4,4.14387,0.425000,0.421908,0.525000,0.524087,400,4.43457,0.663146,4.1101,21.4638,33.3122,120.391,75.3767,1.01886,1.01886,22.6054,18.5927,37.606,31.5697,6.56276,3.45708,0.407025,0.505233,2.74628
4,4.51191,0.475000,0.470712,0.525000,0.52336,400,7.199,2.07687,6.55978,9.69012,13.2357,120.391,75.3767,0.544396,0.544396,8.14133,6.46179,13.7169,11.3437,5.95846,3.14399,0.451014,0.502236,2.67628
4,3.44895,0.325000,0.333731,0.575000,0.563306,400,4.12194,1.11141,3.43376,5.2681,8.3537,120.391,75.3767,0.591736,0.591736,6.70541,5.80116,11.0152,9.76002,7.77364,3.7843,0.323993,0.547896,3.10692
4,3.75301,0.375000,0.376617,0.575000,0.569941,400,5.8569,1.15835,4.9802,15.0498,21.6343,120.391,75.3767,1.49557,1.49557,18.9767,15.7592,31.8686,27.4066,7.09951,3.44458,0.36431,0.551728,3.03075
4,4.1156,0.425000,0.42257,0.575000,0.571499,400,3.51047,0.596018,3.09496,13.1853,21.9551,120.391,75.3767,1.08432,1.08432,15.6275,13.4553,26.7219,22.4243,6.50859,3.16002,0.406876,0.550452,2.96958
4,4.50846,0.475000,0.470917,0.575000,0.572926,400,3.89855,0.99389,3.53519,6.58376,10.6158,120.391,75.3767,0.411363,0.411363,6.40847,5.22037,11.1277,8.87153,5.94986,2.88398,0.451167,0.549211,2.92679
4,3.99397,0.425000,0.422783,0.625000,0.615339,400,3.8457,1.20498,3.33545,4.07185,6.59275,120.391,75.3767,0.37443,0.37443,3.95061,3.24247,6.90323,5.43949,6.33591,2.84202,0.405028,0.59097,3.10135
4,3.45342,0.325000,0.327966,0.525000,0.529611,390,5.83787,1.39959,5.14625,13.4869,19.404,107.597,55.8068,1.03563,1.03563,17.0131,14.3805,27.4551,24.5663,7.96295,4.10311,0.319072,0.515791,2.97575
4,3.89409,0.375000,0.373287,0.525000,0.532383,390,6.19691,1.6414,5.6353,12.7388,18.0489,107.597,55.8068,0.771184,0.771184,15.8426,13.0315,26.1055,22.0748,7.42106,3.82557,0.361918,0.516069,2.96219
4,4.30673,0.425000,0.418003,0.525000,0.535886,390,4.46353,1.66554,4.03292,4.9905,7.73076,107.597,55.8068,0.290014,0.290014,4.83411,3.79921,8.1088,6.63342,6.88265,3.54086,0.403704,0.517839,2.94589
4,3.45154,0.325000,0.329967,0.575000,0.574308,390,3.9882,0.695536,3.43269,16.1297,25.8303,107.597,55.8068,1.52995,1.52995,20.9314,18.1974,34.4767,30.3999,7.89648,3.75254,0.320858,0.558718,3.20694
4,3.80731,0.375000,0.375272,0.575000,0.574921,390,3.92156,0.579409,3.35384,25.5661,41.1502,107.597,55.8068,2.30057,2.30057,31.6543,25.6705,53.2767,44.4172,7.22509,3.46221,0.362975,0.55677,3.11316
4,4.17985,0.425000,0.421683,0.575000,0.576734,390,4.81116,0.96097,4.31085,16.9674,25.7268,107.597,55.8068,1.08605,1.08605,17.5665,14.2949,30.1052,25.881,6.61796,3.17483,0.407395,0.556506,3.0501
4,4.53597,0.475000,0.469262,0.575000,0.578081,390,3.44293,1.00983,3.1836,6.47631,10.8493,107.597,55.8068,0.299442,0.299442,5.4401,4.28509,9.48122,7.43825,6.01498,2.88276,0.450266,0.554802,2.98109
4,3.45115,0.325000,0.330215,0.625000,0.623082,390,4.86077,0.947884,3.81939,14.0702,21.2724,107.597,55.8068,1.9385,1.9385,17.1813,14.3514,28.8347,25.3026,7.88791,3.40115,0.321035,0.60645,3.47688
4,3.79869,0.375000,0.376176,0.625000,0.623722,390,2.83639,0.399857,2.27064,20.735,36.9494,107.597,55.8068,2.56462,2.56462,27.4502,23.1638,47.17,40.0292,7.18667,3.13217,0.363446,0.603164,3.3625
4,4.14602,0.425000,0.421821,0.625000,0.623242,390,2.56695,0.427298,2.216,15.599,28.7185,107.597,55.8068,1.26826,1.26826,18.0473,14.7544,31.6341,25.6077,6.56807,2.8835,0.405964,0.600389,3.26969
4,4.49423,0.475000,0.463859,0.625000,0.616852,390,2.67647,1.03056,2.16921,3.25496,5.911,107.597,55.8068,0.348997,0.348997,3.77768,2.99833,6.71106,5.43653,6.07818,2.71165,0.437187,0.582678,3.18974
4,3.44512,0.325000,0.331219,0.675000,0.668126,390,3.05353,0.711658,2.16633,6.90903,12.0224,107.597,55.8068,1.24586,1.24586,8.83727,7.45572,15.0541,12.9964,7.84397,3.06869,0.322414,0.650292,3.71019
4,3.77308,0.375000,0.374701,0.675000,0.670395,390,3.34207,0.572781,2.59254,14.4995,24.5175,107.597,55.8068,1.90174,1.90174,17.5784,14.13,30.6972,25.9296,7.18244,2.83448,0.362101,0.649244,3.60358
4,4.1626,0.425000,0.415954,0.675000,0.664509,390,3.39718,0.942406,2.90014,5.87399,9.88156,107.597,55.8068,0.546384,0.546384,6.93344,5.57197,12.3158,9.7223,6.72728,2.70681,0.398448,0.639178,3.5499
4,3.45698,0.325000,0.329346,0.625000,0.626301,380,2.7414,0.507323,2.01563,12.0467,21.7062,107.933,61.4134,1.95601,1.95601,16.5273,14.2931,27.7526,24.8205,7.92645,3.39579,0.320692,0.609585,3.50939
4,3.87018,0.375000,0.373283,0.625000,0.629561,380,4.77943,0.985787,3.8777,14.5864,22.1579,107.933,61.4134,1.80524,1.80524,17.2396,14.1047,29.6344,24.7234,7.38173,3.16421,0.361556,0.610743,3.48293
4,4.28762,0.425000,0.419009,0.625000,0.631577,380,3.08117,0.88562,2.53924,5.80104,10.0653,107.933,61.4134,0.601207,0.601207,6.2211,5.04195,10.923,9.15067,6.83074,2.93546,0.404677,0.609631,3.44908
4,3.453,0.325000,0.330239,0.675000,0.673669,380,3.25676,0.578189,2.42794,13.0866,22.3096,107.933,61.4134,2.25962,2.25962,17.0353,14.538,29.0164,23.9726,7.8908,3.04391,0.321103,0.655526,3.76127
4,3.80837,0.375000,0.374292,0.675000,0.673306,380,3.529,0.539659,2.83434,19.7342,32.8061,107.933,61.4134,2.55878,2.55878,23.4359,19.7867,40.9328,34.5252,7.2515,2.83701,0.362366,0.651891,3.65725
4,4.20752,0.425000,0.41572,0.675000,0.666982,380,2.04804,0.537806,1.74616,5.73968,11.3889,107.933,61.4134,0.475726,0.475726,7.35348,6.0993,13.0642,10.732,6.79662,2.71297,0.398791,0.642223,3.60341
4,3.44326,0.325000,0.328119,0.725000,0.717719,380,3.87242,0.905889,2.63852,8.25296,13.3344,107.933,61.4134,1.67701,1.67701,10.3861,8.38919,17.8486,14.4963,7.93787,2.74656,0.318416,0.698922,4.02213
4,3.79539,0.375000,0.364834,0.725000,0.71028,380,3.66682,1.42577,2.54873,3.14781,5.17134,107.933,61.4134,0.731431,0.731431,4.99012,4.48904,8.75191,7.41866,7.48894,2.67479,0.345444,0.687119,3.94394
4,3.17935,0.325000,0.337811,0.325000,0.340202,140,5.25436,2.59415,4.62323,2.49495,3.69169,131.166,72.0861,0.292892,0.292892,5.69208,5.77175,8.12371,7.70937,7.11644,4.88235,0.327522,0.329685,1.70457
4,3.4861,0.375000,0.373966,0.325000,0.341749,140,4.07344,1.2555,3.80912,5.61736,8.93899,131.166,72.0861,0.238767,0.238767,9.36956,8.22778,13.5331,12.4784,6.71935,4.6104,0.361444,0.330121,1.69569
4,3.9451,0.425000,0.423084,0.325000,0.341949,140,7.03446,3.23221,6.80218,3.93872,5.40941,131.166,72.0861,0.11743,0.11743,5.31008,4.95678,7.75718,6.98629,6.26283,4.30517,0.406986,0.328747,1.69712
4,3.43177,0.375000,0.376533,0.375000,0.374812,140,4.4558,0.618534,4.15962,25.9785,40.2634,131.166,72.0861,1.26959,1.26959,37.6343,34.2353,55.4709,50.7714,6.56883,4.32618,0.363191,0.361003,1.81977
4,3.77607,0.425000,0.424028,0.375000,0.377242,140,4.88442,0.736281,4.58347,25.1198,37.9264,131.166,72.0861,1.10703,1.10703,34.6262,31.2379,51.5344,47.6941,6.01363,3.96279,0.40721,0.361762,1.78824
4,4.11058,0.475000,0.471877,0.375000,0.379762,140,6.92575,1.64492,6.71309,15.2627,21.0398,131.166,72.0861,0.353891,0.353891,16.817,14.6931,25.1416,22.0611,5.48581,3.61025,0.450874,0.362181,1.76067
4,4.40145,0.525000,0.520408,0.375000,0.383253,140,5.68775,2.02721,5.38961,5.7172,8.28184,131.166,72.0861,0.195149,0.195149,5.23759,4.38071,7.85718,6.86969,4.94103,3.23774,0.494156,0.363953,1.72518
4,3.16808,0.325000,0.338366,0.425000,0.419415,140,4.47321,1.30094,4.0334,4.68397,7.25137,131.166,72.0861,0.397073,0.397073,8.77895,8.45363,13.1978,12.0808,7.07937,4.36041,0.328083,0.406387,2.09308
4,3.42575,0.375000,0.377791,0.425000,0.42179,140,7.33802,1.27947,6.7188,22.2749,30.2894,131.166,72.0861,1.32472,1.32472,29.894,26.9693,45.5131,43.1846,6.52915,4.03314,0.366412,0.408574,2.03876
4,3.71415,0.425000,0.425235,0.425000,0.423019,140,5.4645,0.788903,5.12732,26.9489,39.4552,131.166,72.0861,1.22062,1.22062,35.8853,31.9624,55.1056,49.7068,5.90631,3.66358,0.408121,0.405528,1.96894
4,3.98834,0.475000,0.472974,0.425000,0.423542,140,7.13225,1.35848,6.76302,22.2347,30.4371,131.166,72.0861,0.803979,0.803979,23.424,20.184,36.2038,32.2168,5.32858,3.31161,0.451365,0.403602,1.90275
4,4.29724,0.525000,0.521168,0.425000,0.423952,140,5.9916,1.54109,5.73078,11.1838,15.9826,131.166,72.0861,0.354288,0.354288,9.89239,8.18439,15.331,12.5401,4.83239,2.99994,0.49457,0.401669,1.86217
4,4.57124,0.575000,0.564826,0.425000,0.421317,140,2.91635,1.19753,2.77668,2.64367,4.66877,131.166,72.0861,0.0856618,0.0856618,2.53386,2.20373,3.91824,3.2958,4.4051,2.74076,0.514553,0.350785,1.81619
4,3.36833,0.375000,0.383347,0.475000,0.459752,140,4.00862,1.42878,3.6358,2.89934,4.63595,131.166,72.0861,0.207652,0.207652,4.15399,3.90345,6.48688,6.00471,6.30371,3.70473,0.369267,0.443543,2.15391
4,3.61038,0.425000,0.42795,0.475000,0.468137,140,5.37477,1.24557,4.97392,9.77295,14.3722,131.166,72.0861,0.542263,0.542263,13.1967,11.7525,20.9003,18.6999,5.71222,3.33351,0.41008,0.448329,2.10491
4,3.90911,0.475000,0.474142,0.475000,0.47046,140,4.51177,0.924247,4.10915,10.9606,16.9264,131.166,72.0861,0.767815,0.767815,12.266,11.2,19.6306,17.4348,5.21891,3.04052,0.451665,0.447841,2.06636
4,4.2724,0.525000,0.5211,0.475000,0.470054,140,4.69335,1.19582,4.42186,7.2909,11.1327,131.166,72.0861,0.281967,0.281967,6.61312,5.58078,10.6587,9.2012,4.80917,2.80119,0.492205,0.442872,2.05349
4,3.76504,0.475000,0.474619,0.525000,0.510429,140,4.10096,1.93752,3.82904,1.8841,2.99218,131.166,72.0861,0.0936849,0.0936849,1.33147,1.14505,2.19002,1.79632,5.05033,2.77591,0.422492,0.47653,2.158
4,3.17431,0.325000,0.337606,0.425000,0.430952,130,3.51909,1.07304,3.23637,4.48908,7.46915,154.833,64.4966,0.247772,0.247772,9.78022,9.02151,14.8277,14.1334,7.11241,4.30819,0.327283,0.417677,2.15987
4,3.46193,0.375000,0.374143,0.425000,0.434447,130,3.44873,0.676142,3.16892,11.1465,18.6632,154.833,64.4966,0.609891,0.609891,18.2533,16.4555,28.0908,26.0029,6.67508,4.03962,0.361009,0.419692,2.14227
4,3.91215,0.425000,0.423475,0.425000,0.434677,130,3.12178,0.793674,2.85163,7.06105,12.2004,154.833,64.4966,0.391215,0.391215,12.3163,10.5723,19.2217,16.7008,6.2092,3.77091,0.407135,0.41842,2.13968
4,4.25486,0.475000,0.468176,0.425000,0.438256,130,7.44866,3.931,7.07169,3.35512,4.54647,154.833,64.4966,0.11372,0.11372,3.15593,2.62751,4.97067,4.29149,5.71821,3.46455,0.447895,0.419621,2.12277
4,3.17435,0.325000,0.338423,0.475000,0.474296,130,3.8368,1.00302,3.2873,6.06473,9.82634,154.833,64.4966,0.663261,0.663261,11.9769,10.5917,18.6656,15.6181,7.08996,4.02018,0.328257,0.459362,2.37254
4,3.42595,0.375000,0.37669,0.475000,0.473961,130,4.68138,0.715122,4.17389,20.8522,31.863,154.833,64.4966,1.70581,1.70581,32.045,29.7283,50.6477,47.3425,6.55582,3.74752,0.363393,0.456982,2.29909
4,3.75219,0.425000,0.424276,0.475000,0.475812,130,3.76196,0.531617,3.4131,23.6509,38.5507,154.833,64.4966,1.51442,1.51442,33.2042,28.165,53.1669,44.2107,5.9763,3.42871,0.407215,0.456501,2.24303
4,4.09361,0.475000,0.472078,0.475000,0.478173,130,2.90164,0.500111,2.64349,13.5034,23.8862,154.833,64.4966,0.747106,0.747106,16.4442,14.0771,26.6148,23.2376,5.46268,3.13261,0.451541,0.457168,2.20955
4,4.39297,0.525000,0.518708,0.475000,0.479004,130,6.36244,2.36711,5.81997,5.8203,8.19191,154.833,64.4966,0.313158,0.313158,5.456,4.32808,8.9033,7.34146,4.95972,2.84397,0.492824,0.454514,2.16164
4,3.17271,0.325000,0.338435,0.525000,0.522021,130,6.39454,2.39436,5.46853,4.1382,5.81709,154.833,64.4966,0.447372,0.447372,8.21503,7.52532,13.1753,12.4212,7.08643,3.71456,0.3279,0.506398,2.61049
4,3.4225,0.375000,0.37698,0.525000,0.523621,130,3.41661,0.485942,2.99382,17.8266,29.9353,154.833,64.4966,1.44061,1.44061,26.1226,22.4865,42.6009,37.2209,6.54291,3.45397,0.35741,0.501734,2.53621
4,3.72319,0.425000,0.425475,0.525000,0.523492,130,3.60358,0.49212,3.24354,22.1862,36.6442,154.833,64.4966,1.4471,1.4471,30.7381,25.7629,50.8707,42.7867,5.91351,3.15045,0.408292,0.502225,2.44348
4,3.99115,0.475000,0.472127,0.525000,0.523105,130,3.11065,0.476979,2.77888,16.7404,28.9577,154.833,64.4966,1.1779,1.1779,19.0956,16.3256,31.9492,26.9018,5.34634,2.86418,0.449802,0.498432,2.35829
4,4.34677,0.525000,0.513156,0.525000,0.517906,130,4.89118,1.79407,4.42284,3.91061,5.90204,154.833,64.4966,0.247106,0.247106,4.06796,3.40574,6.84413,5.90406,5.00646,2.70715,0.47725,0.47249,2.33972
4,3.64688,0.425000,0.426185,0.575000,0.570041,130,4.7234,0.993258,3.97336,11.3941,17.3665,154.833,64.4966,1.11689,1.11689,15.7834,12.8489,26.9207,23.1493,5.79567,2.86569,0.407841,0.545841,2.60202
4,4.00142,0.475000,0.467579,0.575000,0.56446,130,5.09998,1.59215,4.30685,6.03822,9.00784,154.833,64.4966,0.617278,0.617278,7.85503,6.17638,13.5309,10.6398,5.43646,2.72184,0.436747,0.532966,2.57566
4,3.17295,0.325000,0.337993,0.525000,0.525027,120,3.77851,1.13641,3.02202,5.62385,9.15457,88.5775,67.6945,0.717046,0.717046,10.7564,9.00829,17.3076,14.939,7.09896,3.70735,0.327826,0.509029,2.62907
4,3.45238,0.375000,0.374907,0.525000,0.528608,120,6.19051,1.34456,5.50769,16.2669,23.0537,88.5775,67.6945,1.14428,1.14428,22.1583,18.6954,36.2541,32.6822,6.64106,3.46929,0.361586,0.510773,2.59608
4,3.87619,0.425000,0.423264,0.525000,0.530001,120,4.09233,0.884703,3.66252,11.8354,18.8079,88.5775,67.6945,0.855058,0.855058,15.6417,13.0473,26.0387,21.369,6.16499,3.23201,0.406809,0.509812,2.5878
4,4.23265,0.475000,0.468405,0.525000,0.532588,120,5.97774,2.29783,5.56479,5.27452,7.54223,88.5775,67.6945,0.230361,0.230361,4.92812,3.97846,8.32959,7.02605,5.68876,2.98231,0.448219,0.510187,2.56643
4,3.16859,0.325000,0.337946,0.575000,0.573931,120,9.27798,4.24187,7.44044,5.35132,6.9133,88.5775,67.6945,0.725992,0.725992,9.41731,7.93079,15.5565,13.633,7.09204,3.39033,0.327861,0.555912,2.87148
4,3.42377,0.375000,0.376594,0.575000,0.573719,120,3.97757,0.638861,3.38727,19.1503,30.6922,88.5775,67.6945,1.87124,1.87124,26.1982,22.0483,44.042,37.6164,6.55428,3.16979,0.363331,0.553638,2.7835
4,3.7516,0.425000,0.423772,0.575000,0.57492,120,3.98889,0.629211,3.46154,21.0195,33.6593,88.5775,67.6945,1.81055,1.81055,27.3105,22.6728,46.7418,39.3011,5.98503,2.91532,0.406789,0.551954,2.71493
4,4.12453,0.475000,0.467492,0.575000,0.57122,120,4.95452,1.34131,4.39674,8.57895,12.9012,88.5775,67.6945,0.619145,0.619145,9.79236,7.98763,16.9599,14.3012,5.58132,2.74789,0.445509,0.544197,2.68858
4,3.17474,0.325000,0.338705,0.625000,0.624127,120,4.23237,1.48448,2.70252,3.67017,5.77448,88.5775,67.6945,0.859148,0.859148,6.92406,5.96406,11.6883,10.727,7.08289,3.06616,0.328648,0.60568,3.122
4,3.4242,0.375000,0.376836,0.625000,0.623701,120,3.8104,0.66091,2.85847,14.592,23.6923,88.5775,67.6945,2.25487,2.25487,20.8412,17.6395,35.9133,32.5169,6.54927,2.87773,0.363635,0.60199,3.02529
4,3.76201,0.425000,0.420024,0.625000,0.618179,120,4.27197,0.91021,3.32062,10.8102,16.9617,88.5775,67.6945,1.72865,1.72865,15.3447,13.3025,26.873,22.9505,6.07592,2.72743,0.402081,0.593052,2.9543
4,3.38638,0.375000,0.371276,0.675000,0.660075,120,6.19438,2.53231,4.82943,4.06908,5.76586,88.5775,67.6945,0.725699,0.725699,4.69312,3.86596,8.19986,6.35042,6.61816,2.69494,0.344574,0.635051,3.21292
4,3.50217,0.375000,0.372747,0.575000,0.58931,110,4.513,2.36682,3.1351,3.42653,5.29114,46.6482,49.077,0.681628,0.681628,6.32991,5.20817,10.7055,9.0296,6.77639,3.15829,0.359845,0.569571,2.9539
4,3.43679,0.375000,0.375409,0.625000,0.62622,110,3.95341,0.947,3.11118,14.3624,23.0608,46.6482,49.077,2.04104,2.04104,21.1442,17.6865,36.4521,30.5092,6.60283,2.88229,0.362416,0.60481,3.05908
4,3.85899,0.425000,0.420248,0.625000,0.623911,110,4.39932,1.4575,3.5401,7.97743,12.4099,46.6482,49.077,1.02512,1.02512,11.9161,10.0171,20.9091,18.0669,6.20563,2.74416,0.402976,0.600325,3.05634
4,3.17331,0.325000,0.338292,0.675000,0.671087,110,5.79317,2.99588,4.56008,3.7195,5.36211,46.6482,49.077,0.526697,0.526697,6.7349,5.76975,11.5772,10.4729,7.09162,2.77462,0.327891,0.650857,3.36012
4,3.40427,0.375000,0.370086,0.675000,0.663552,110,8.73821,3.97014,7.33873,8.24633,10.7867,46.6482,49.077,0.874987,0.874987,10.4134,8.44408,18.1983,15.2975,6.67911,2.69635,0.354308,0.640161,3.25813
4,3.30457,0.375000,0.37903,0.325000,0.338537,350,6.58991,2.20442,6.2047,5.31784,7.41977,167.857,90.7974,0.25617,0.25617,10.0527,9.61844,14.3045,13.7327,6.29855,4.34032,0.365564,0.326025,1.57039
4,3.65849,0.425000,0.423205,0.325000,0.340161,350,7.31146,2.53786,6.90058,5.73051,7.79892,167.857,90.7974,0.232838,0.232838,8.98433,7.95746,12.907,11.779,5.86901,4.0471,0.406068,0.326574,1.56399
4,3.29851,0.375000,0.381243,0.375000,0.373756,350,5.33349,0.964713,4.94743,12.5514,18.4966,167.857,90.7974,0.705226,0.705226,21.4726,20.2223,31.3892,29.8888,6.23925,4.11018,0.36721,0.359362,1.72213
4,3.56557,0.425000,0.425171,0.375000,0.375148,350,6.53531,1.00073,6.20121,23.3338,32.6235,167.857,90.7974,0.881743,0.881743,31.1789,28.3567,45.8549,42.904,5.7057,3.77308,0.407414,0.358751,1.67476
4,3.89154,0.475000,0.4735,0.375000,0.377596,350,5.61504,0.913496,5.3825,18.845,27.3914,167.857,90.7974,0.601229,0.601229,24.7214,22.5184,36.5423,33.3434,5.21088,3.44642,0.451063,0.35893,1.65075
4,4.19937,0.525000,0.521748,0.375000,0.379176,350,8.31256,2.26988,7.85917,11.1643,14.7609,167.857,90.7974,0.457415,0.457415,11.735,10.2807,17.3583,15.4213,4.73357,3.13029,0.494763,0.359002,1.62322
4,4.48044,0.575000,0.568739,0.375000,0.381286,350,9.57986,5.03966,9.01742,3.96898,5.09442,167.857,90.7974,0.144446,0.144446,3.71577,3.00028,5.49096,4.68546,4.2803,2.82325,0.535178,0.356992,1.59762
4,3.29742,0.375000,0.382415,0.425000,0.419107,350,6.29352,1.44976,5.75292,7.77198,10.9688,167.857,90.7974,0.48938,0.48938,11.9201,11.2412,17.9822,17.83,6.21091,3.84687,0.367972,0.403219,1.92547
4,3.54319,0.425000,0.426318,0.425000,0.421966,350,6.73186,1.10703,6.01653,17.3802,24.1238,167.857,90.7974,1.38246,1.38246,22.7487,21.5472,34.6474,34.3092,5.65373,3.51366,0.408522,0.403748,1.86828
4,3.80559,0.475000,0.474921,0.425000,0.422902,350,4.4905,0.635427,4.15086,18.7922,29.0602,167.857,90.7974,1.04326,1.04326,25.4081,22.6503,38.8959,34.5395,5.09289,3.17936,0.451958,0.401727,1.80481
4,4.05003,0.525000,0.521761,0.425000,0.422856,350,7.02842,1.49963,6.60198,14.3269,19.6804,167.857,90.7974,0.759642,0.759642,16.4823,14.7801,25.2879,21.8013,4.59572,2.87659,0.493173,0.398184,1.74788
4,4.4115,0.575000,0.563115,0.425000,0.418655,350,5.41947,2.17961,4.9729,3.19808,4.69264,167.857,90.7974,0.183961,0.183961,3.71323,3.09968,5.68936,4.77211,4.30442,2.70904,-nan,-nan,1.74656
4,3.46222,0.425000,0.431941,0.475000,0.461438,350,4.96112,1.59845,4.93509,2.9753,4.47266,167.857,90.7974,0.016167,0.016167,3.55409,3.69181,5.57552,5.34437,5.43858,3.21525,0.412391,0.44073,1.97076
4,3.67837,0.475000,0.476876,0.475000,0.468761,350,4.64498,1.09941,4.00382,6.76068,10.3536,167.857,90.7974,0.664922,0.664922,9.61242,8.61301,15.2454,13.9513,4.92008,2.89401,0.452333,0.44473,1.92619
4,3.30364,0.375000,0.379813,0.425000,0.429619,340,4.2883,0.947747,3.83151,9.48428,14.8646,163.336,72.9859,0.7384,0.7384,16.9355,14.9712,25.8034,22.5415,6.27963,3.82796,0.366013,0.414042,1.99124
4,3.63118,0.425000,0.423581,0.425000,0.432724,340,5.75763,1.31832,5.43937,11.8086,17.0509,163.336,72.9859,0.427677,0.427677,17.4474,14.7563,26.911,23.8701,5.82468,3.55346,0.406211,0.415006,1.97575
4,4.04641,0.475000,0.472683,0.425000,0.433063,340,6.99614,2.29867,6.67419,7.49785,10.3109,163.336,72.9859,0.257991,0.257991,10.2797,8.76583,16.0236,13.6522,5.39717,3.30138,0.451954,0.413277,1.97447
4,4.36272,0.525000,0.518307,0.425000,0.436588,340,2.57458,1.04209,2.41431,2.53336,4.65951,163.336,72.9859,0.0867484,0.0867484,2.73867,2.15978,4.3026,3.4932,4.93917,3.01649,0.493082,0.414808,1.95766
4,3.29885,0.375000,0.381496,0.475000,0.473531,340,3.34324,0.629576,2.83389,10.0871,17.0545,163.336,72.9859,1.03691,1.03691,18.7719,16.283,29.5376,25.4141,6.23404,3.562,0.367613,0.456009,2.18331
4,3.5618,0.425000,0.425661,0.475000,0.473847,340,5.07206,0.816891,4.60597,19.1339,28.5872,163.336,72.9859,1.26057,1.26057,27.2322,24.2432,43.3542,39.3801,5.6914,3.27829,0.40795,0.453663,2.11381
4,3.86644,0.475000,0.473599,0.475000,0.476218,340,4.98529,0.872593,4.55115,18.0412,27.0839,163.336,72.9859,1.10337,1.10337,24.0597,20.3253,38.6881,32.7169,5.18198,2.99263,0.451247,0.453305,2.07152
4,4.21868,0.525000,0.518917,0.475000,0.473761,340,5.80396,1.78301,5.39098,7.54687,10.8744,163.336,72.9859,0.338888,0.338888,9.44913,7.64385,15.2749,12.9235,4.79363,2.78638,0.490756,0.446855,2.05207
4,3.29683,0.375000,0.382095,0.525000,0.521778,340,7.21396,2.04178,5.88528,7.42991,10.1435,163.336,72.9859,1.05581,1.05581,11.3332,10.4907,18.4135,17.4531,6.21732,3.28792,0.367582,0.502354,2.40129
4,3.54559,0.425000,0.425956,0.525000,0.522735,340,4.38696,0.690166,3.92666,15.6822,24.4157,163.336,72.9859,1.15255,1.15255,20.7508,18.2189,34.2215,30.4308,5.66427,3.02442,0.408089,0.50067,2.32059
4,3.83751,0.475000,0.472068,0.525000,0.521242,340,5.6698,1.15957,5.04722,13.6868,19.8429,163.336,72.9859,1.07339,1.07339,18.9431,16.0393,31.5612,26.8267,5.17436,2.79106,0.448933,0.495402,2.2592
4,4.25353,0.525000,0.512319,0.525000,0.51555,340,5.99971,3.12266,5.0319,2.37073,3.3868,163.336,72.9859,0.240258,0.240258,3.3676,2.77065,5.64153,4.94257,4.93115,2.68663,0.464741,0.451645,2.28246
4,3.46748,0.425000,0.426818,0.575000,0.564354,340,5.61514,1.97286,4.92837,4.42394,6.43022,163.336,72.9859,0.293052,0.293052,5.74423,4.56011,9.75028,8.83167,5.54236,2.77822,0.405719,0.539654,2.4458
4,3.30046,0.375000,0.380588,0.525000,0.524909,330,6.00402,1.49477,5.25201,10.7322,15.3291,86.0119,112.713,0.932527,0.932527,16.4027,14.2278,26.7544,24.0354,6.25694,3.29101,0.366621,0.505448,2.42786
4,3.60192,0.425000,0.42369,0.525000,0.528561,330,3.2148,0.597874,2.90604,13.2064,22.6064,86.0119,112.713,0.806077,0.806077,19.407,16.4194,32.1684,27.5424,5.78306,3.0478,0.406132,0.506559,2.3955
4,4.01463,0.475000,0.472309,0.525000,0.528003,330,4.27052,1.1056,3.85229,8.67628,13.6149,86.0119,112.713,0.543654,0.543654,12.0127,9.78717,20.1778,16.769,5.36752,2.84671,0.450541,0.503578,2.39181
4,4.34871,0.525000,0.511693,0.525000,0.523929,330,2.43219,1.31854,2.00899,1.55515,2.91448,86.0119,112.713,0.155569,0.155569,1.90191,1.5589,3.21377,2.6615,5.03306,2.70021,0.473635,0.474794,2.37393
4,3.29869,0.375000,0.381133,0.575000,0.573563,330,5.73689,1.43252,4.38593,9.4064,13.5952,86.0119,112.713,1.43062,1.43062,14.3133,11.8467,24.0584,20.979,6.24202,3.01253,0.367035,0.552387,2.64882
4,3.56136,0.425000,0.424485,0.575000,0.572611,330,4.95929,0.946349,4.10109,15.6895,23.5878,86.0119,112.713,1.73946,1.73946,21.614,17.7111,36.9212,31.4452,5.71267,2.79906,0.406158,0.548312,2.56287
4,3.95129,0.475000,0.466899,0.575000,0.565747,330,5.32105,1.68377,4.42539,5.63252,8.30574,86.0119,112.713,0.678344,0.678344,8.02998,6.96763,13.8456,12.1542,5.39213,2.68901,0.440487,0.536191,2.55358
4,3.29331,0.375000,0.380217,0.625000,0.620683,330,6.44807,1.93517,5.66892,6.51294,9.13628,86.0119,112.713,0.483252,0.483252,9.26726,7.57657,15.9636,14.0135,6.25382,2.75743,0.365775,0.598389,2.86913
4,3.56329,0.425000,0.4164,0.625000,0.61183,330,7.44229,3.22569,5.34148,3.72949,5.05477,86.0119,112.713,0.775025,0.775025,5.74392,5.09923,10.0144,9.16372,5.87581,2.67008,0.383441,0.580324,2.79318
4,3.68074,0.425000,0.422688,0.575000,0.586337,320,3.62579,1.24884,2.62639,3.71799,6.12925,102.643,72.8146,0.685568,0.685568,6.79072,5.79958,11.6806,9.98129,5.9095,2.8004,0.406602,0.563387,2.72249
4,3.29414,0.375000,0.379927,0.625000,0.621736,320,5.11819,1.30794,4.12917,7.91506,11.7961,102.643,72.8146,1.00231,1.00231,11.9281,10.0358,20.579,18.098,6.26161,2.75962,0.36565,0.598875,2.87693
4,3.58961,0.425000,0.416297,0.625000,0.614029,320,3.32593,1.15134,2.18269,3.62025,6.13087,102.643,72.8146,0.751966,0.751966,6.76556,5.52097,11.8131,10.0007,5.9145,2.67427,0.384928,0.582026,2.82447
4.75,4.70778,0.425000,0.422497,0.325000,0.344853,180,6.05671,3.30062,5.9491,1.15024,1.63923,227.573,140.285,0.0156478,0.0156478,1.46676,1.38956,2.22222,2.16312,7.31875,4.98376,0.409098,0.333995,2.0476
4.75,4.16517,0.375000,0.378695,0.375000,0.374483,180,4.31549,0.56908,4.14818,13.3297,20.8529,227.573,140.285,0.364687,0.364687,17.1063,15.3318,25.9921,23.727,7.7203,5.05005,0.367623,0.362833,2.19608
4.75,4.5664,0.425000,0.424416,0.375000,0.377035,180,5.16591,0.676528,4.99396,16.526,24.5667,227.573,140.285,0.404461,0.404461,20.561,18.5795,31.5709,28.9575,7.07844,4.62874,0.409972,0.363774,2.16204
4.75,4.94878,0.475000,0.47111,0.375000,0.379773,180,4.10271,0.658736,3.9465,9.71377,15.4247,227.573,140.285,0.25928,0.25928,10.5729,9.31225,16.3379,14.4791,6.44161,4.20402,0.455207,0.366694,2.1257
4.75,5.32048,0.525000,0.519438,0.375000,0.384221,180,4.72852,1.39895,4.57694,3.43407,5.23248,227.573,140.285,0.0808195,0.0808195,2.9133,2.43219,4.52297,3.65538,5.80751,3.76588,0.497687,0.367794,2.09713
4.75,4.16514,0.375000,0.379235,0.425000,0.423033,180,3.7341,0.495172,3.48897,9.75579,15.938,227.573,140.285,0.465227,0.465227,13.8343,13.1742,21.5835,21.0319,7.70495,4.70515,0.367814,0.41016,2.47846
4.75,4.54311,0.425000,0.425473,0.425000,0.42332,180,4.79334,0.571804,4.4921,16.358,24.8288,227.573,140.285,0.741004,0.741004,21.2976,19.1518,33.5669,30.7259,7.02119,4.30548,0.411453,0.408951,2.41093
4.75,4.90145,0.475000,0.472231,0.425000,0.423598,180,5.36178,0.797596,5.10213,12.3043,18.1065,227.573,140.285,0.438985,0.438985,13.547,12.143,21.5002,19.5154,6.36318,3.90935,0.454475,0.40672,2.34456
4.75,5.28682,0.525000,0.520494,0.425000,0.423916,180,5.11836,1.18564,4.87703,5.13253,7.64915,227.573,140.285,0.15801,0.15801,5.08916,4.35932,8.11032,7.31102,5.75544,3.53254,0.498733,0.405197,2.29594
4.75,4.16288,0.375000,0.385303,0.475000,0.458126,180,5.15855,1.86608,4.59275,1.5795,2.34891,227.573,140.285,0.125261,0.125261,2.09821,1.96985,3.33786,3.28817,7.52761,4.37046,0.372902,0.444171,2.64064
4.75,4.47788,0.425000,0.428121,0.475000,0.465151,180,4.36121,0.822409,4.09311,5.78794,9.02673,227.573,140.285,0.249621,0.249621,7.69915,6.84265,12.4225,11.2425,6.86826,3.96723,0.413023,0.448702,2.59493
4.75,4.84032,0.475000,0.472844,0.475000,0.469159,180,5.96322,1.18762,5.55808,6.82815,9.76996,227.573,140.285,0.337778,0.337778,7.47061,6.74279,12.1905,11.3217,6.28002,3.61193,0.454419,0.450681,2.56068
4.75,5.27392,0.525000,0.520977,0.475000,0.471308,180,3.20276,0.751147,2.93951,3.40681,5.83865,227.573,140.285,0.186741,0.186741,3.6068,3.04756,5.94166,4.89204,5.7335,3.28437,0.498585,0.451105,2.54451
4.75,4.16922,0.375000,0.376276,0.425000,0.438207,170,4.09056,0.877003,3.93404,4.93421,7.84207,261.768,150.52,0.123217,0.123217,6.33145,5.34945,9.96693,8.63256,7.7962,4.65232,0.365179,0.42558,2.58974
4.75,4.66785,0.425000,0.42315,0.425000,0.439474,170,5.71481,1.63566,5.47086,3.67705,5.31986,261.768,150.52,0.105145,0.105145,4.70985,4.13322,7.51509,6.96625,7.24699,4.32928,0.409248,0.425163,2.58525
4.75,5.07752,0.475000,0.466445,0.425000,0.442223,170,2.11993,0.895361,2.09663,0.994976,1.95171,261.768,150.52,0.00633463,0.00633463,1.11453,0.948808,1.79854,1.52893,6.69366,3.99105,0.449908,0.426519,2.56757
4.75,3.87146,0.325000,0.344925,0.475000,0.473603,170,4.00689,2.06382,3.64478,0.687044,1.0987,261.768,150.52,0.0467258,0.0467258,1.43585,1.31904,2.27692,2.06091,8.23652,4.63386,0.335853,0.46041,2.83583
4.75,4.16502,0.375000,0.379027,0.475000,0.473896,170,3.82495,0.504208,3.60858,10.9142,17.7004,261.768,150.52,0.454605,0.454605,14.536,12.9518,23.34,20.2593,7.71051,4.35696,0.367724,0.45984,2.77874
4.75,4.5562,0.425000,0.424846,0.475000,0.47486,170,5.64978,0.75818,5.2482,15.9856,23.1974,261.768,150.52,0.756138,0.756138,19.5287,16.5177,31.7801,27.952,7.05409,4.00039,0.410363,0.458696,2.71674
4.75,4.93852,0.475000,0.471475,0.475000,0.477899,170,4.06953,0.6343,3.82925,9.94036,15.8228,261.768,150.52,0.418404,0.418404,10.8601,8.91745,17.8654,14.0136,6.42165,3.63487,0.454293,0.460151,2.6698
4.75,5.31108,0.525000,0.519297,0.475000,0.480926,170,3.64783,0.995272,3.39486,3.0744,5.05881,261.768,150.52,0.121489,0.121489,3.05169,2.44917,5.07061,4.38488,5.80148,3.26829,0.497421,0.460781,2.62323
4.75,3.87332,0.325000,0.345023,0.525000,0.523889,170,2.89054,1.49502,2.41832,0.46363,0.821136,261.768,150.52,0.0611363,0.0611363,1.04748,1.05347,1.70146,1.60648,8.23684,4.2533,0.336046,0.508984,3.13831
4.75,4.16523,0.375000,0.37914,0.525000,0.523676,170,5.41128,0.869869,4.80611,8.56667,12.5752,261.768,150.52,0.679666,0.679666,11.2089,10.1867,18.452,17.5039,7.70756,4.00971,0.368011,0.507547,3.07067
4.75,4.54286,0.425000,0.425758,0.525000,0.523813,170,4.63486,0.60703,4.21254,13.0333,19.9722,261.768,150.52,0.780184,0.780184,17.2393,14.6518,28.8017,25.4167,7.01396,3.67447,0.41066,0.505251,2.98291
4.75,4.90265,0.475000,0.471875,0.525000,0.523564,170,3.99913,0.552818,3.67436,10.4411,16.7068,261.768,150.52,0.534625,0.534625,11.2581,9.40893,19.0376,16.5517,6.37283,3.35165,0.453908,0.50347,2.90279
4.75,5.28694,0.525000,0.520807,0.525000,0.523914,170,3.56179,0.7267,3.35676,4.58582,7.60163,261.768,150.52,0.163721,0.163721,4.17934,3.38935,7.14203,5.87665,5.74969,3.02142,0.498874,0.501257,2.8378
4.75,5.62842,0.575000,0.564186,0.525000,0.52162,170,4.21247,2.02786,3.86965,0.976494,1.53851,261.768,150.52,0.0478131,0.0478131,0.713117,0.547518,1.22623,0.959977,5.23178,2.75495,0.528416,0.476327,2.77576
4.75,4.15999,0.375000,0.381337,0.575000,0.563261,170,4.44697,1.07464,4.01534,3.18964,4.94638,261.768,150.52,0.218089,0.218089,4.36435,3.8597,7.32482,6.5759,7.63649,3.7073,0.369959,0.546573,3.27973
4.75,4.50314,0.425000,0.426435,0.575000,0.569485,170,3.66176,0.611767,3.24799,7.02034,11.5382,261.768,150.52,0.499481,0.499481,10.2795,8.40677,17.5916,14.5955,6.94357,3.36078,0.411975,0.550139,3.20924
4.75,4.86982,0.475000,0.47259,0.575000,0.572166,170,4.17191,0.695315,3.6796,7.16613,11.3229,261.768,150.52,0.539483,0.539483,8.19961,6.73459,14.249,11.9994,6.31942,3.05561,0.454227,0.549992,3.14599
4.75,5.28014,0.525000,0.519001,0.575000,0.571769,170,2.82435,0.630975,2.62482,3.07396,5.48532,261.768,150.52,0.141615,0.141615,3.10355,2.61527,5.46255,4.43545,5.77799,2.79762,0.49569,0.546173,3.10445
4.75,4.42251,0.425000,0.43447,0.625000,0.610256,170,1.45264,0.669549,0.94142,0.624745,1.38892,261.768,150.52,0.101761,0.101761,0.995173,0.833943,1.73998,1.64157,6.64241,2.99296,0.418157,0.588341,3.31529
4.75,4.7478,0.475000,0.472174,0.625000,0.612208,170,2.80248,0.845586,2.55477,1.66515,2.97889,261.768,150.52,0.0841123,0.0841123,1.81782,1.44653,3.22484,2.62424,6.1904,2.78408,0.448612,0.586558,3.28467
4.75,4.16634,0.375000,0.376902,0.525000,0.530912,160,4.63289,1.0174,4.30861,6.90893,10.5885,197.632,109.779,0.344718,0.344718,8.80447,7.44834,14.5485,12.1435,7.77365,3.99104,0.366288,0.515795,3.13174
4.75,4.63928,0.425000,0.423207,0.525000,0.533866,160,3.51083,0.711945,3.17606,6.42964,10.7058,197.632,109.779,0.400764,0.400764,7.51375,6.35108,12.6284,10.7239,7.20662,3.69953,0.40916,0.516664,3.12206
4.75,5.07125,0.475000,0.468924,0.525000,0.537502,160,4.08806,1.65278,3.78144,1.99756,3.17535,197.632,109.779,0.0968374,0.0968374,2.08453,1.72397,3.55603,2.99368,6.62906,3.3936,0.450699,0.518031,3.10129
4.75,4.16688,0.375000,0.379034,0.575000,0.574128,160,3.88445,0.656925,3.3975,8.59682,13.8769,197.632,109.779,0.752683,0.752683,11.267,10.0251,18.9845,17.0448,7.71337,3.66137,0.367809,0.557144,3.36924
4.75,4.54813,0.425000,0.424864,0.575000,0.57447,160,3.86272,0.566918,3.38684,12.9226,20.8951,197.632,109.779,0.981991,0.981991,16.0185,13.1673,27.4787,23.531,7.04271,3.36901,0.410332,0.555072,3.28219
4.75,4.92812,0.475000,0.471713,0.575000,0.576474,160,4.54671,0.849019,4.17995,9.14545,14.0919,197.632,109.779,0.457946,0.457946,9.12626,7.52644,15.8985,13.8242,6.40481,3.06546,0.45408,0.554553,3.21384
4.75,5.301,0.525000,0.517058,0.575000,0.5771,160,3.51613,1.17931,3.07225,2.79216,4.64695,197.632,109.779,0.189895,0.189895,2.71512,2.01964,4.79395,3.77457,5.83419,2.79376,0.495287,0.551402,3.15588
4.75,4.16061,0.375000,0.378781,0.625000,0.623584,160,3.47889,0.618374,2.81535,7.05928,11.7876,197.632,109.779,0.89812,0.89812,9.35568,7.93761,16.0529,13.492,7.71065,3.314,0.367531,0.605563,3.65697
4.75,4.54142,0.425000,0.425646,0.625000,0.624187,160,3.61971,0.54592,3.02797,11.1085,18.3223,197.632,109.779,1.10259,1.10259,14.2775,11.5705,24.9999,20.9762,7.01458,3.0452,0.411298,0.603062,3.55526
4.75,4.89858,0.475000,0.470332,0.625000,0.622474,160,2.80544,0.478719,2.34733,7.50567,13.4227,197.632,109.779,0.765626,0.765626,8.56211,7.13081,15.2402,12.5007,6.40141,2.80555,0.451524,0.598138,3.46068
4.75,4.15788,0.375000,0.380144,0.675000,0.669487,160,2.65368,0.55778,2.01013,4.13578,7.53163,197.632,109.779,0.646169,0.646169,5.4911,4.69803,9.55721,7.89774,7.6671,2.98189,0.36785,0.649779,3.90962
4.75,4.51867,0.425000,0.423244,0.675000,0.668918,160,3.86288,0.808332,3.1642,6.00415,9.70822,197.632,109.779,0.728566,0.728566,8.27829,6.89446,14.7047,12.1253,7.04311,2.77707,0.407699,0.646111,3.81255
4.75,4.94238,0.475000,0.462464,0.675000,0.661651,160,2.51911,1.04665,1.98325,1.16396,2.15622,197.632,109.779,0.15952,0.15952,1.78433,1.52127,3.21201,2.6006,6.62742,2.67072,0.410247,0.615798,3.77489
4.75,4.16706,0.375000,0.377723,0.625000,0.626374,150,2.72541,0.477769,2.17603,6.80712,12.2888,185.963,109.477,0.81021,0.81021,8.91625,7.58067,15.3081,13.7061,7.7511,3.31177,0.366826,0.607647,3.68868
4.75,4.61868,0.425000,0.423621,0.625000,0.629594,150,5.14141,1.09816,4.35574,7.31434,10.8873,185.963,109.477,0.772157,0.772157,8.43004,7.06481,14.7734,12.4899,7.16815,3.0668,0.409258,0.608834,3.66303
4.75,5.0429,0.475000,0.467907,0.625000,0.631857,150,2.09528,0.598882,1.79418,2.56666,5.05431,185.963,109.477,0.217433,0.217433,2.82023,2.37912,5.03482,4.10914,6.62008,2.83454,0.450562,0.609356,3.6345
4.75,3.86914,0.325000,0.344853,0.675000,0.674053,150,1.11973,0.868883,0.0785363,0.36652,0.885247,185.963,109.477,0.14725,0.14725,0.84053,0.70198,1.43547,1.27355,8.23448,3.13559,0.336092,0.654945,4.03768
4.75,4.1654,0.375000,0.379064,0.675000,0.674702,150,3.05366,0.487301,2.57483,7.84927,13.6583,185.963,109.477,0.823975,0.823975,9.21481,7.90703,16.044,13.3802,7.71076,2.95954,0.367705,0.65432,3.95901
4.75,4.55211,0.425000,0.422786,0.675000,0.671393,150,2.76429,0.429767,2.16735,8.69178,15.6188,185.963,109.477,1.13255,1.13255,10.9518,9.09134,19.4634,16.3158,7.09898,2.77869,0.407767,0.648606,3.85909
4.75,4.96985,0.475000,0.462451,0.675000,0.661982,150,7.7499,4.33014,5.95567,1.82256,2.44744,185.963,109.477,0.245293,0.245293,2.02904,1.50737,3.65244,2.87704,6.66088,2.67626,0.406596,0.607046,3.79785
4.75,3.87333,0.325000,0.344969,0.725000,0.722345,150,0.303098,0.471528,0.0928248,0.268453,0.886486,185.963,109.477,0.0367664,0.0367664,0.637686,0.517957,1.0988,0.798256,8.23895,2.76835,0.336044,0.704273,4.33028
4.75,4.13969,0.375000,0.375028,0.725000,0.714222,150,3.25469,0.808493,2.62441,3.36248,5.73337,185.963,109.477,0.412386,0.412386,4.226,3.48331,7.41037,6.08594,7.78508,2.71008,0.361901,0.693442,4.20997
4.75,4.15372,0.375000,0.389798,0.375000,0.374036,300,5.8648,1.73869,5.48159,2.72461,3.9153,284.343,183.995,0.116996,0.116996,4.17268,3.54222,6.32453,5.63928,7.38661,4.83135,0.377998,0.362142,2.1245
4.75,4.44952,0.425000,0.426563,0.375000,0.374072,300,5.16958,0.713741,4.90004,11.2344,16.6972,284.343,183.995,0.41779,0.41779,14.5413,13.005,22.1867,20.3672,6.86775,4.507,0.411673,0.360664,2.07991
4.75,4.84739,0.475000,0.474666,0.375000,0.376968,300,5.15461,0.738685,4.93026,11.5023,17.109,284.343,183.995,0.343891,0.343891,14.7515,12.799,22.6531,20.2474,6.24988,4.09846,0.456322,0.361764,2.05113
4.75,5.20423,0.525000,0.521772,0.375000,0.380209,300,4.91076,0.919169,4.72688,6.84604,10.3207,284.343,183.995,0.189231,0.189231,7.38524,6.34572,11.3712,9.6049,5.65529,3.69903,0.498765,0.362553,2.02004
4.75,5.53481,0.575000,0.570007,0.375000,0.384342,300,3.64243,1.10953,3.49946,2.20277,3.62622,284.343,183.995,0.0558233,0.0558233,2.221,1.86783,3.42629,2.92436,5.06024,3.28808,0.542832,0.366008,1.9881
4.75,4.15604,0.375000,0.390386,0.425000,0.422209,300,9.91629,4.22221,9.40821,2.00775,2.55952,284.343,183.995,0.0809491,0.0809491,3.15868,2.90693,4.92086,4.61157,7.37426,4.50433,0.378558,0.408546,2.39687
4.75,4.45249,0.425000,0.427625,0.425000,0.423023,300,4.88632,0.670409,4.5675,8.78998,13.2698,284.343,183.995,0.448946,0.448946,11.9069,11.3844,18.7139,18.0282,6.84597,4.19655,0.412824,0.407264,2.34916
4.75,4.80879,0.475000,0.47514,0.425000,0.423367,300,5.23849,0.695113,4.95847,11.5573,17.115,284.343,183.995,0.446242,0.446242,15.006,13.3437,23.7363,21.4713,6.19807,3.81508,0.456825,0.406609,2.28495
4.75,5.13417,0.525000,0.522715,0.425000,0.423841,300,5.2641,0.833333,5.00544,8.99972,13.3099,284.343,183.995,0.300062,0.300062,10.1189,8.56159,16.0535,13.9154,5.57317,3.43571,0.499953,0.404614,2.21966
4.75,5.48678,0.575000,0.571153,0.425000,0.423753,300,9.38172,3.05809,8.75116,4.28421,5.52222,284.343,183.995,0.159913,0.159913,4.01915,3.24553,6.38937,5.71124,5.00423,3.08407,0.543143,0.402531,2.17001
4.75,4.41122,0.425000,0.432584,0.475000,0.458884,300,8.84578,3.75336,8.34342,1.68206,2.19458,284.343,183.995,0.0572199,0.0572199,1.90113,1.66085,3.05273,2.96204,6.67235,3.89153,0.417029,0.44236,2.49592
4.75,4.71485,0.475000,0.477576,0.475000,0.465848,300,4.99034,1.04784,4.54825,4.15557,6.23671,284.343,183.995,0.255429,0.255429,5.39237,4.75103,8.75664,7.96434,6.04382,3.50556,0.45832,0.44695,2.45243
4.75,5.06143,0.525000,0.52347,0.475000,0.469173,300,5.40288,1.10382,5.01355,4.97128,7.30052,284.343,183.995,0.251165,0.251165,5.53978,4.80189,9.074,8.03859,5.49138,3.17354,0.500063,0.447676,2.41832
4.75,5.46092,0.575000,0.57109,0.475000,0.471334,300,7.05095,2.19843,6.56504,2.91033,3.9948,284.343,183.995,0.142505,0.142505,2.81498,2.37121,4.63873,3.96772,4.98523,2.86907,0.542505,0.446396,2.40325
4.75,4.15431,0.375000,0.389454,0.425000,0.43508,290,4.67187,1.88665,4.28735,1.2647,1.93363,287.998,164.403,0.0819665,0.0819665,2.12805,2.01118,3.3423,3.1384,7.39718,4.43359,0.376996,0.421891,2.47512
4.75,4.46664,0.425000,0.423873,0.425000,0.437803,290,4.43303,1.02821,4.29261,4.09362,6.35403,287.998,164.403,0.0822962,0.0822962,5.50735,4.72444,8.74331,7.96494,6.95538,4.16652,0.409548,0.423064,2.46006
4.75,4.96471,0.475000,0.47283,0.425000,0.438402,290,7.08618,2.36004,6.86703,3.16858,4.34414,287.998,164.403,0.058406,0.058406,3.69433,3.08006,5.92387,5.40431,6.41884,3.85487,0.455167,0.421966,2.45427
4.75,4.15122,0.375000,0.389582,0.475000,0.474562,290,2.23951,0.64701,1.79877,1.6954,3.26544,287.998,164.403,0.225236,0.225236,3.58251,3.21765,5.75184,4.75713,7.38882,4.16599,0.378042,0.459371,2.69754
4.75,4.44921,0.425000,0.42701,0.475000,0.473885,290,5.88228,0.956535,5.49197,9.73448,13.9778,287.998,164.403,0.438526,0.438526,12.5193,10.941,20.3118,18.6131,6.85677,3.89311,0.412261,0.457291,2.63438
4.75,4.82583,0.475000,0.474526,0.475000,0.475387,290,3.92666,0.526985,3.70813,11.0402,17.7629,287.998,164.403,0.414276,0.414276,14.0224,11.8327,22.9898,19.3685,6.22922,3.54764,0.455994,0.456402,2.5786
4.75,5.18492,0.525000,0.52177,0.475000,0.477463,290,3.06525,0.536884,2.86587,6.0885,10.5816,287.998,164.403,0.261688,0.261688,7.29307,6.15308,12.0579,9.88688,5.63748,3.20896,0.499627,0.456869,2.52995
4.75,5.53223,0.575000,0.569015,0.475000,0.479927,290,3.69375,1.0353,3.4746,2.68341,4.3985,287.998,164.403,0.10093,0.10093,2.45674,1.95534,4.09397,3.23237,5.07474,2.87885,0.541766,0.456293,2.48786
4.75,4.1551,0.375000,0.390125,0.525000,0.523677,290,5.25301,1.85958,4.47666,1.54567,2.28723,287.998,164.403,0.16961,0.16961,2.59794,2.34282,4.28398,3.90681,7.38001,3.83478,0.378229,0.507962,2.97606
4.75,4.44909,0.425000,0.427287,0.525000,0.523673,290,3.8324,0.584003,3.50605,7.24226,11.7383,287.998,164.403,0.437782,0.437782,10.4848,9.0602,17.5013,14.7829,6.84979,3.58466,0.412856,0.50507,2.90993
4.75,4.8075,0.475000,0.475198,0.525000,0.523544,290,4.3507,0.614859,3.96437,9.4198,14.7012,287.998,164.403,0.546291,0.546291,12.1877,10.4431,20.5955,18.3892,6.19534,3.26693,0.456771,0.50301,2.82622
4.75,5.1264,0.525000,0.522606,0.525000,0.523128,290,4.52182,0.762126,4.13478,7.49567,11.5681,287.998,164.403,0.415017,0.415017,8.25748,6.79359,14.0888,11.8794,5.56794,2.9493,0.499688,0.499963,2.7378
4.75,5.47713,0.575000,0.564568,0.525000,0.519231,290,2.89429,0.93482,2.61476,1.76137,3.11826,287.998,164.403,0.104197,0.104197,2.23715,1.83612,3.83683,3.13833,5.10738,2.72599,0.527483,0.474354,2.68721
4.75,4.43105,0.425000,0.430227,0.575000,0.564478,290,3.32011,0.776853,2.78015,2.65108,4.49205,287.998,164.403,0.283735,0.283735,3.64664,3.16967,6.22806,5.47895,6.75472,3.29906,0.41493,0.544939,3.10248
4.75,4.74889,0.475000,0.475841,0.575000,0.57013,290,3.71525,0.695227,3.43105,5.08749,8.32432,287.998,164.403,0.243831,0.243831,7.03532,5.76859,12.2175,10.2336,6.11673,2.98136,0.456522,0.547994,3.03592
4.75,5.10408,0.525000,0.519092,0.575000,0.567897,290,5.32351,1.30591,4.80521,3.90897,5.76346,287.998,164.403,0.242153,0.242153,4.63625,3.74473,8.13622,6.81351,5.61158,2.75741,0.493393,0.54045,2.97915
4.75,4.1543,0.375000,0.389447,0.525000,0.526519,280,3.15708,0.78425,2.72853,1.50845,2.59704,460.266,270.746,0.145373,0.145373,2.69351,2.44928,4.45114,3.96061,7.39705,3.82761,0.377863,0.510809,2.99677
4.75,4.46863,0.425000,0.425375,0.525000,0.530566,280,3.99555,0.548819,3.6539,5.88499,9.41913,460.266,270.746,0.354932,0.354932,7.73947,6.76349,12.9721,11.2707,6.92164,3.57516,0.410892,0.512653,2.97368
4.75,4.93059,0.475000,0.472813,0.525000,0.532695,280,3.68075,0.571873,3.36909,4.7137,7.73482,460.266,270.746,0.261249,0.261249,5.67072,4.63374,9.64446,7.78298,6.3815,3.30151,0.455358,0.51261,2.9631
4.75,5.32978,0.525000,0.518534,0.525000,0.536323,280,2.7058,0.653206,2.50034,1.6902,3.05848,460.266,270.746,0.0712144,0.0712144,1.62451,1.27875,2.79878,2.2728,5.83414,3.01088,0.497352,0.514591,2.94096
4.75,4.15344,0.375000,0.389583,0.575000,0.574211,280,4.5617,1.13634,3.93566,1.72366,2.65341,460.266,270.746,0.14874,0.14874,2.72081,2.28645,4.5997,4.10537,7.39211,3.50307,0.377861,0.556245,3.26706
4.75,4.45182,0.425000,0.427289,0.575000,0.573815,280,3.60326,0.404427,3.08762,7.68477,12.693,460.266,270.746,0.706383,0.706383,10.0804,8.47425,17.2865,14.7976,6.85323,3.27946,0.412797,0.554019,3.19107
4.75,4.81949,0.475000,0.474673,0.575000,0.574525,280,3.96446,0.431308,3.55751,9.46559,15.1856,460.266,270.746,0.620502,0.620502,11.551,9.512,20.1151,16.895,6.219,2.99717,0.45639,0.551848,3.11285
4.75,5.20148,0.525000,0.518846,0.575000,0.573017,280,4.38148,0.706044,3.92551,4.78688,7.45541,460.266,270.746,0.317777,0.317777,5.13487,4.17712,9.04355,7.53243,5.7068,2.7691,0.495353,0.546795,3.06497
4.75,4.15222,0.375000,0.389569,0.625000,0.62427,280,2.67028,0.688797,1.78041,1.12594,2.04625,460.266,270.746,0.239744,0.239744,1.99939,1.74737,3.44591,2.99583,7.39056,3.16514,0.37762,0.60609,3.55138
4.75,4.4499,0.425000,0.427348,0.625000,0.623491,280,3.12019,0.364919,2.58187,5.93516,10.2567,460.266,270.746,0.615704,0.615704,8.14642,6.886,14.2751,12.7567,6.84912,2.9725,0.412571,0.602338,3.46575
4.75,4.82373,0.475000,0.472283,0.625000,0.620765,280,3.50346,0.449252,2.94524,5.86208,9.76713,460.266,270.746,0.569868,0.569868,8.14009,6.74789,14.4864,12.553,6.27385,2.76515,0.453401,0.59555,3.38423
4.75,5.23316,0.525000,0.510196,0.625000,0.611009,280,3.98158,1.39083,3.45875,0.849302,1.36077,460.266,270.746,0.0706476,0.0706476,0.992491,0.819433,1.78054,1.51253,5.90663,2.66826,-nan,-nan,3.34478
4.75,4.15555,0.375000,0.39072,0.675000,0.661227,280,4.2383,1.81017,2.86099,0.500173,0.786625,460.266,270.746,0.133201,0.133201,0.714759,0.642815,1.24825,1.03269,7.36604,2.91245,0.379402,0.64222,3.75474
4.75,4.42919,0.425000,0.425157,0.675000,0.663717,280,2.49911,0.425511,1.85199,2.42066,4.49604,460.266,270.746,0.394665,0.394665,3.33598,2.90215,5.92873,5.08711,6.87369,2.73732,0.408117,0.6405,3.6911
4.75,4.83849,0.475000,0.46232,0.675000,0.65751,280,7.38166,4.09039,6.11031,0.556433,0.755594,460.266,270.746,0.0803418,0.0803418,0.855408,0.774637,1.53805,1.3648,6.5088,2.65232,-nan,-nan,3.67248
4.75,4.50652,0.425000,0.422137,0.575000,0.594019,270,3.13989,1.6753,2.47363,0.628629,1.08417,141.348,238.035,0.0972599,0.0972599,0.887192,0.834887,1.53318,1.41692,7.05271,3.22507,0.408167,0.575056,3.38404
4.75,4.14983,0.375000,0.389334,0.625000,0.623565,270,3.39169,1.20867,2.80535,1.50726,2.53687,141.348,238.035,0.162894,0.162894,2.32339,1.99498,4.00644,3.61321,7.39322,3.17822,0.377367,0.604519,3.54744
4.75,4.45896,0.425000,0.426096,0.625000,0.626707,270,3.05284,0.638141,2.45086,5.18021,9.01472,141.348,238.035,0.604874,0.604874,7.66323,6.39511,13.4423,11.8521,6.89103,2.96914,0.411524,0.605557,3.50044
4.75,4.9071,0.475000,0.470763,0.625000,0.626314,270,2.4051,0.522292,1.96689,3.93788,7.40727,141.348,238.035,0.429619,0.429619,5.2857,4.51856,9.42796,8.12862,6.39924,2.78111,0.452883,0.602363,3.48359
4.75,4.15061,0.375000,0.389573,0.675000,0.674296,270,1.63246,0.656119,0.476711,1.05054,2.24776,141.348,238.035,0.412827,0.412827,2.09486,1.8074,3.66597,2.94699,7.38785,2.83763,0.377494,0.654466,3.8349
4.75,4.43564,0.425000,0.423729,0.675000,0.667588,270,2.11221,0.432879,1.50033,4.021,7.89704,141.348,238.035,0.62174,0.62174,5.79493,4.6804,10.3024,8.59909,6.91776,2.72956,0.408021,0.643808,3.73084
4.75,4.83312,0.475000,0.461778,0.675000,0.658197,270,0.87532,0.651866,0.643208,0.471149,1.22486,141.348,238.035,0.0494178,0.0494178,1.14157,0.972806,2.05358,1.76799,6.51469,2.65123,-nan,-nan,3.67667
4.75,4.01596,0.425000,0.428163,0.325000,0.340484,220,9.99505,4.5373,9.46898,2.4605,3.13185,256.992,210.156,0.0978034,0.0978034,3.9492,3.71153,5.7736,5.63822,6.2482,4.28796,0.412132,0.327556,1.70015
4.75,4.41044,0.475000,0.472812,0.325000,0.341504,220,5.78353,2.16449,5.4037,2.20536,3.18068,256.992,210.156,0.0976342,0.0976342,3.59124,3.08665,5.28211,4.73298,5.8006,3.98335,0.453491,0.327207,1.69549
4.75,4.86318,0.525000,0.521924,0.325000,0.341852,220,6.35898,2.8865,6.1985,1.37248,1.93199,256.992,210.156,0.0315719,0.0315719,1.69532,1.68916,2.50049,2.43515,5.33812,3.67115,0.497648,0.326129,1.69544
4.75,4.01212,0.425000,0.430672,0.375000,0.373533,220,6.75419,1.38843,6.294,6.68322,9.26887,256.992,210.156,0.358717,0.358717,11.0426,10.3792,16.5285,15.7908,6.18926,4.07073,0.414381,0.358352,1.85391
4.75,4.31265,0.475000,0.475167,0.375000,0.374639,220,6.35124,1.03463,5.91321,10.8342,15.2556,256.992,210.156,0.55606,0.55606,15.3249,14.0224,23.0278,21.656,5.64845,3.72746,0.454746,0.357991,1.81094
4.75,4.66122,0.525000,0.523905,0.375000,0.377252,220,5.61162,0.925457,5.27503,9.9291,14.4344,256.992,210.156,0.427061,0.427061,12.539,11.0711,18.8851,17.0413,5.12009,3.37745,0.498506,0.358076,1.78662
4.75,4.9699,0.575000,0.571971,0.375000,0.379754,220,9.81651,2.97558,9.33933,6.00921,7.67589,256.992,210.156,0.209483,0.209483,6.16256,5.17463,9.26444,7.92322,4.60344,3.03206,0.541934,0.359105,1.75602
4.75,5.27193,0.625000,0.613517,0.375000,0.380614,220,3.23191,1.27888,2.99981,1.36479,2.33229,256.992,210.156,0.0625243,0.0625243,1.44046,1.17521,2.15716,1.72974,4.20331,2.76354,0.565012,0.320042,1.74036
4.75,4.0129,0.425000,0.431477,0.425000,0.420494,220,4.61455,0.885467,4.11286,4.5098,6.9195,256.992,210.156,0.381197,0.381197,7.32774,6.88081,11.3239,10.5876,6.17297,3.80487,0.414805,0.403895,2.08448
4.75,4.2992,0.475000,0.476408,0.425000,0.422163,220,7.15139,1.21617,6.59608,9.32274,12.7538,256.992,210.156,0.522961,0.522961,12.4827,11.4362,19.4198,18.6199,5.61039,3.47317,0.456,0.403513,2.03035
4.75,4.59242,0.525000,0.52483,0.425000,0.422993,220,6.02404,0.971052,5.54423,9.82872,14.0266,256.992,210.156,0.546171,0.546171,13.1341,11.5444,20.4955,18.705,5.04338,3.13343,0.499514,0.401687,1.97232
4.75,4.20656,0.475000,0.480337,0.475000,0.460835,220,4.99429,1.67367,4.46923,1.40187,2.10347,256.992,210.156,0.175614,0.175614,2.09372,2.31445,3.34909,3.29214,5.43706,3.19951,0.458308,0.440149,2.15147
4.75,4.45984,0.525000,0.526337,0.475000,0.467529,220,7.8673,2.40425,7.06335,3.46383,4.63571,256.992,210.156,0.258951,0.258951,4.8034,4.29005,7.75025,7.14296,4.89838,2.86869,0.499404,0.442809,2.11135
4.75,4.80935,0.575000,0.565716,0.475000,0.461565,220,6.58061,2.77932,5.93328,1.6122,2.25023,256.992,210.156,0.124521,0.124521,2.34842,2.03536,3.78916,3.22571,4.57215,2.70258,-nan,-nan,2.09027
4.75,4.01695,0.425000,0.429206,0.425000,0.431926,210,3.66228,0.81739,3.41207,3.98848,6.55492,303.691,155.463,0.182303,0.182303,7.29898,6.45459,11.3856,10.3379,6.22704,3.77421,0.412943,0.414957,2.1547
4.75,4.37698,0.475000,0.473756,0.425000,0.434799,210,5.47395,1.36113,5.00149,4.86471,7.119,303.691,155.463,0.283184,0.283184,7.77686,6.49676,12.2589,10.489,5.74517,3.48402,0.453966,0.41643,2.14049
4.75,4.8162,0.525000,0.522416,0.425000,0.435299,210,6.75935,2.34776,6.30426,3.17495,4.40248,303.691,155.463,0.136822,0.136822,4.2923,3.49198,6.81719,5.80156,5.28629,3.21303,0.498453,0.414702,2.13819
4.75,5.14397,0.575000,0.567451,0.425000,0.439181,210,3.60742,1.65599,3.43293,1.10047,1.81701,303.691,155.463,0.0277549,0.0277549,1.07058,0.787018,1.70946,1.35171,4.80514,2.9129,0.539598,0.416294,2.12128
4.75,4.01177,0.425000,0.4305,0.475000,0.47422,210,3.80981,0.699819,3.30408,5.2824,8.57717,303.691,155.463,0.539464,0.539464,9.31262,8.4913,14.9713,13.0923,6.19254,3.52287,0.413936,0.455749,2.35684
4.75,4.30459,0.475000,0.475601,0.475000,0.473999,210,4.37733,0.637902,3.98303,10.0364,15.6356,303.691,155.463,0.577378,0.577378,14.0636,11.9308,22.8066,20.3434,5.63183,3.23109,0.454935,0.453087,2.28777
4.75,4.63663,0.525000,0.523571,0.475000,0.475873,210,4.69772,0.743875,4.3349,9.76127,14.9008,303.691,155.463,0.504228,0.504228,12.1775,9.99118,19.894,16.4275,5.10315,2.93468,0.498387,0.452388,2.24619
4.75,5.01402,0.575000,0.566037,0.475000,0.472121,210,3.98299,1.07215,3.64326,3.1587,5.06039,303.691,155.463,0.176366,0.176366,3.92986,3.17905,6.43398,5.16395,4.72657,2.74016,0.530162,0.434772,2.22913
4.75,4.01271,0.425000,0.431085,0.525000,0.52304,210,6.07361,1.70276,5.07386,3.61068,5.14201,303.691,155.463,0.438067,0.438067,6.71995,6.04095,11.1507,10.2635,6.181,3.24803,0.414449,0.503127,2.59725
4.75,4.30449,0.475000,0.476031,0.525000,0.523196,210,4.22792,0.663823,3.68713,7.83604,12.3327,303.691,155.463,0.703884,0.703884,11.2988,9.65014,18.9729,16.0357,5.62362,2.9844,0.455177,0.500379,2.52384
4.75,4.63455,0.525000,0.520743,0.525000,0.520604,210,5.1631,1.01489,4.51037,6.35043,9.44162,303.691,155.463,0.53757,0.53757,8.89456,7.3474,15.0404,12.655,5.14719,2.76102,0.494054,0.493543,2.47083
4.75,3.99992,0.425000,0.438051,0.575000,0.557879,210,1.73718,0.897713,1.65057,0.400794,0.840072,303.691,155.463,0.0147143,0.0147143,0.609511,0.612117,1.03676,0.903681,6.01616,3.00005,0.420421,0.536057,2.71787
4.75,4.01712,0.425000,0.430115,0.525000,0.524996,200,3.87084,0.899087,3.44286,5.12936,8.28858,183.22,116.124,0.38453,0.38453,8.02565,6.89062,13.3624,11.5217,6.20765,3.25185,0.413807,0.505295,2.61561
4.75,4.3537,0.475000,0.474102,0.525000,0.529132,200,4.07256,0.86602,3.56755,6.57728,10.4672,183.22,116.124,0.521781,0.521781,9.19447,7.72637,15.5127,13.5204,5.71328,2.99554,0.454036,0.506884,2.59108
4.75,4.78854,0.525000,0.521358,0.525000,0.528756,200,4.90594,1.4664,4.42626,4.01011,6.04709,183.22,116.124,0.268541,0.268541,5.13593,4.27556,8.76068,7.33236,5.27852,2.78248,0.496325,0.504184,2.58926
4.75,4.01232,0.425000,0.43059,0.575000,0.573202,200,4.85136,1.19658,4.17324,4.81386,7.28193,183.22,116.124,0.448423,0.448423,7.2651,6.14378,12.4473,10.854,6.1918,2.9778,0.413954,0.551301,2.85045
4.75,4.30694,0.475000,0.473512,0.575000,0.571691,200,2.97297,0.537911,2.47566,7.11948,12.4954,183.22,116.124,0.695543,0.695543,10.2725,8.27598,17.827,14.7732,5.67275,2.76833,0.45283,0.546144,2.77446
4.75,4.72291,0.525000,0.513394,0.575000,0.562909,200,4.8179,2.07522,3.90581,1.69577,2.57019,183.22,116.124,0.205941,0.205941,2.36068,1.95688,4.12025,3.5684,5.35758,2.66881,0.47144,0.522508,2.76224
4.75,4.00065,0.425000,0.428431,0.625000,0.619526,200,2.943,0.841745,1.99574,2.53647,4.46633,183.22,116.124,0.482261,0.482261,4.90025,4.02052,8.59261,7.31903,6.22237,2.73576,0.411296,0.596391,3.08767
4.75,4.29586,0.475000,0.463537,0.625000,0.609496,200,3.95223,1.83749,3.31295,1.08151,1.73667,183.22,116.124,0.112739,0.112739,1.89535,1.62045,3.35121,2.98717,5.85361,2.65997,0.410779,0.567584,3.01374
4.75,4.02173,0.425000,0.427388,0.575000,0.588836,190,4.47976,1.77093,3.8247,1.68904,2.61373,186.167,126.223,0.165604,0.165604,2.83468,2.4238,4.88664,4.29179,6.27313,2.92314,0.412452,0.567538,2.95624
4.75,4.44018,0.475000,0.472618,0.575000,0.589261,190,3.89113,1.57483,3.17457,1.36209,2.19753,186.167,126.223,0.175253,0.175253,2.16691,1.8839,3.79295,3.27385,5.83707,2.73881,0.453258,0.565775,2.95293
4.75,4.00105,0.425000,0.42796,0.625000,0.61991,190,6.69229,2.22866,5.26,3.43393,4.77317,186.167,126.223,0.465419,0.465419,5.37891,4.46594,9.44169,8.40559,6.23318,2.7424,0.410928,0.596752,3.09333
4.75,4.3104,0.475000,0.463216,0.625000,0.611354,190,4.58645,2.3789,3.47079,1.12631,1.73115,186.167,126.223,0.187869,0.187869,2.03022,1.66395,3.59305,2.90831,5.87645,2.65945,0.403885,0.562911,3.03498
4.75,3.87124,0.425000,0.439737,0.325000,0.337271,260,5.12517,2.74997,4.47617,0.828383,1.23411,287.19,205.234,0.0949066,0.0949066,2.49271,2.36179,3.5911,3.18648,5.81573,4.00626,0.422123,0.323902,1.57984
4.75,4.1226,0.475000,0.474348,0.325000,0.339164,260,9.9168,3.97605,9.53932,3.24086,4.13147,287.19,205.234,0.0931475,0.0931475,5.07378,4.46308,7.33549,6.56138,5.45227,3.75567,0.453415,0.323941,1.56812
4.75,3.86686,0.425000,0.439799,0.375000,0.37373,260,6.72893,2.68969,6.02733,1.60529,2.22839,287.19,205.234,0.131085,0.131085,4.27615,3.99666,6.34456,6.0303,5.80907,3.8154,0.421966,0.358341,1.74969
4.75,4.09998,0.475000,0.477535,0.375000,0.373826,260,7.04856,1.32455,6.55716,8.23304,11.3018,287.19,205.234,0.419735,0.419735,12.0415,10.8183,17.9036,16.5845,5.3708,3.54358,0.456109,0.356474,1.70907
4.75,4.38853,0.525000,0.524742,0.375000,0.374834,260,5.73389,0.971697,5.43824,9.07657,13.1202,287.19,205.234,0.353429,0.353429,12.9943,11.564,19.3205,17.2214,4.85898,3.21801,0.498174,0.354813,1.66851
4.75,4.70978,0.575000,0.572173,0.375000,0.376652,260,7.47835,1.67169,7.11098,7.14092,9.66768,287.19,205.234,0.265684,0.265684,8.75293,7.69718,12.9989,11.534,4.40447,2.91776,0.540114,0.354168,1.64924
4.75,3.86802,0.425000,0.440403,0.425000,0.415368,260,2.09437,0.815452,1.65595,0.702047,1.38268,287.19,205.234,0.113283,0.113283,2.03535,2.01601,3.11171,2.6867,5.79843,3.59607,0.422761,0.398467,1.94364
4.75,4.08886,0.475000,0.478314,0.425000,0.419946,260,4.46388,0.805767,3.95521,4.94697,7.66316,287.19,205.234,0.40546,0.40546,7.44582,6.76791,11.4696,10.6342,5.34499,3.3141,0.456328,0.400272,1.91263
4.75,4.35401,0.525000,0.525477,0.425000,0.421791,260,4.99941,0.832576,4.61366,7.11385,10.6711,287.19,205.234,0.380945,0.380945,10.1589,8.96555,15.6982,14.3105,4.81643,2.99985,0.498402,0.399487,1.86144
4.75,4.66898,0.575000,0.569755,0.425000,0.420005,260,8.71017,2.27104,7.818,5.58776,7.31412,287.19,205.234,0.392903,0.392903,7.0994,6.00733,10.9711,9.6297,4.40695,2.76071,0.534944,0.390836,1.83279
4.75,4.11404,0.475000,0.475667,0.425000,0.430812,250,4.67667,1.03162,4.27848,4.78093,7.30755,308.574,196.574,0.280278,0.280278,8.45365,7.37426,13.1659,11.7776,5.41924,3.30475,0.454257,0.411441,1.98519
4.75,4.48545,0.525000,0.52347,0.425000,0.432527,250,5.34427,1.39841,5.12746,4.16789,6.13875,308.574,196.574,0.119825,0.119825,6.74534,5.6456,10.586,8.83789,4.96603,3.03562,0.497595,0.411057,1.97384
4.75,4.89116,0.575000,0.570622,0.425000,0.432578,250,6.56562,2.62002,6.0245,2.28239,3.18743,308.574,196.574,0.124713,0.124713,3.31251,2.71144,5.21779,4.40542,4.56304,2.79721,0.539939,0.408277,1.97476
4.75,3.86601,0.425000,0.439746,0.475000,0.473749,250,2.87796,1.06844,1.86853,1.07963,1.91484,308.574,196.574,0.244163,0.244163,3.6003,3.18115,5.7637,5.1848,5.80903,3.30384,0.42195,0.454111,2.22036
4.75,4.09845,0.475000,0.477535,0.475000,0.473408,250,2.94478,0.479411,2.61771,5.7628,10.1454,308.574,196.574,0.416511,0.416511,10.2651,8.91425,16.5528,14.3292,5.36938,3.0779,0.456053,0.45146,2.16627
4.75,4.38214,0.525000,0.523529,0.475000,0.473068,250,5.64196,1.03772,5.11417,8.02471,11.6493,308.574,196.574,0.551728,0.551728,11.4148,9.42908,18.5182,14.9643,4.87172,2.81722,0.496799,0.448017,2.11068
4.75,4.79132,0.575000,0.563527,0.475000,0.466835,250,3.70196,1.20221,3.39016,1.79752,2.9444,308.574,196.574,0.104187,0.104187,3.06881,2.63784,4.98243,4.23473,4.59243,2.68582,0.500599,0.381476,2.11549
4.75,3.86649,0.425000,0.439998,0.525000,0.51935,250,3.01175,1.13879,2.78469,0.815639,1.42558,308.574,196.574,0.0445488,0.0445488,1.97003,1.80195,3.25127,2.85581,5.80476,3.06597,0.422296,0.497585,2.43363
4.75,4.09278,0.475000,0.477479,0.525000,0.521504,250,4.19009,0.784993,3.59566,4.70036,7.41729,308.574,196.574,0.457137,0.457137,7.01044,6.01446,11.7112,10.1155,5.36393,2.85092,0.455736,0.497388,2.38395
4.75,4.38387,0.525000,0.51686,0.525000,0.516064,250,9.89138,4.00542,8.88641,2.72599,3.47685,308.574,196.574,0.193456,0.193456,4.48826,3.90191,7.53411,6.81957,4.97905,2.69145,0.48011,0.478818,2.33364
4.75,4.60029,0.525000,0.523299,0.475000,0.493931,240,1.29057,0.916157,1.02092,0.421361,0.973225,237.687,168.562,0.0387475,0.0387475,1.24601,0.952156,2.05925,1.52439,5.07375,2.8188,0.498501,0.470244,2.31493
4.75,3.86965,0.425000,0.44,0.525000,0.523962,240,3.08472,1.17887,2.82886,1.27238,2.20687,237.687,168.562,0.0721471,0.0721471,3.56554,2.98538,5.92203,4.68301,5.80848,3.04866,0.422224,0.502996,2.45745
4.75,4.10466,0.475000,0.476574,0.525000,0.525519,240,4.53,0.899128,3.84182,5.59722,8.63368,237.687,168.562,0.610995,0.610995,8.47546,7.47257,14.2249,12.5816,5.39274,2.84556,0.455197,0.502064,2.4137
4.75,3.86403,0.425000,0.439507,0.575000,0.572888,240,8.48894,4.99828,5.67292,1.12901,1.48596,237.687,168.562,0.24917,0.24917,2.69045,2.25038,4.60837,4.08361,5.81117,2.79578,0.421466,0.549783,2.68674
4.75,4.07738,0.475000,0.470659,0.575000,0.566391,240,3.04432,0.760096,2.38225,2.6196,4.56276,237.687,168.562,0.37739,0.37739,4.57028,3.87649,7.88755,6.48218,5.46953,2.6903,0.443625,0.536781,2.61762
4.75,3.86701,0.425000,0.439241,0.575000,0.582807,230,4.45422,2.13609,2.34053,0.697429,1.08104,242.611,276.215,0.228146,0.228146,2.15741,1.84862,3.714,3.22618,5.82037,2.75029,0.421311,0.55971,2.7371
4.75,4.07669,0.475000,0.464583,0.575000,0.581051,230,3.04278,1.27541,2.0674,0.742727,1.29388,242.611,276.215,0.148309,0.148309,2.00037,1.73378,3.47433,3.15709,5.58059,2.66743,0.442965,0.556125,2.71914
5.5,4.89461,0.425000,0.4249,0.325000,0.346352,480,2.56084,1.10461,2.50058,0.540754,0.996337,403.717,235.704,0.00877393,0.00877393,0.464214,0.423176,0.708081,0.619415,7.50893,5.09464,0.411544,0.335336,2.12639
5.5,4.57574,0.375000,0.395063,0.375000,0.374451,480,2.70395,1.38712,2.59265,0.363087,0.657168,403.717,235.704,0.0123137,0.0123137,0.479445,0.449636,0.738143,0.606599,7.8905,5.1473,0.383867,0.363453,2.3123
5.5,4.88823,0.425000,0.428885,0.375000,0.374858,480,4.48902,0.722,4.35704,5.14172,7.95191,403.717,235.704,0.124496,0.124496,6.83284,6.38521,10.5772,9.50131,7.39515,4.83415,0.415098,0.362452,2.27813
5.5,5.30575,0.475000,0.474579,0.375000,0.376812,480,5.61012,0.886647,5.40521,6.78392,9.8628,403.717,235.704,0.190327,0.190327,8.56334,7.77604,13.3477,12.1396,6.75953,4.41893,0.457742,0.362945,2.24558
5.5,5.69473,0.525000,0.521086,0.375000,0.380271,480,5.14726,1.04224,4.93503,4.00173,5.95467,403.717,235.704,0.123577,0.123577,4.66605,4.10631,7.30392,6.37578,6.11931,3.98741,0.501104,0.365235,2.21494
5.5,6.07354,0.575000,0.568521,0.375000,0.384387,480,9.00423,4.33252,8.75399,1.33092,1.73003,403.717,235.704,0.0265201,0.0265201,1.31892,1.13997,2.06844,1.8358,5.49423,3.55905,0.544458,0.367031,2.18889
5.5,4.57219,0.375000,0.394737,0.425000,0.422939,480,1.99452,1.06939,1.93377,0.217003,0.434403,403.717,235.704,0.00462354,0.00462354,0.335457,0.366375,0.529107,0.602458,7.89479,4.80204,0.383242,0.410002,2.61295
5.5,4.88492,0.425000,0.429093,0.425000,0.423439,480,6.16346,1.10182,5.8539,4.59336,6.51702,403.717,235.704,0.180789,0.180789,5.69568,5.40413,9.05029,8.74682,7.38558,4.50791,0.415485,0.409696,2.57151
5.5,5.29317,0.475000,0.475906,0.425000,0.42372,480,5.95972,0.883318,5.66139,7.22168,10.3346,403.717,235.704,0.259006,0.259006,9.12424,8.03363,14.606,13.1705,6.71561,4.11288,0.456556,0.404866,2.51399
5.5,5.65217,0.525000,0.521955,0.425000,0.423915,480,5.13256,0.837616,4.87516,5.29499,7.88525,403.717,235.704,0.182184,0.182184,6.38162,5.61137,10.2566,9.3661,6.06188,3.71912,0.501026,0.406303,2.44822
5.5,6.06977,0.575000,0.570321,0.425000,0.423963,480,8.98591,3.39932,8.53058,2.03409,2.64518,403.717,235.704,0.0747511,0.0747511,2.40559,2.04284,3.8762,3.34823,5.4576,3.34631,0.545209,0.404627,2.40629
5.5,4.88647,0.425000,0.432803,0.475000,0.457675,480,6.93673,2.90578,6.50587,0.887388,1.22281,403.717,235.704,0.0417291,0.0417291,1.25069,1.19593,2.02528,2.02052,7.29047,4.23115,0.41765,0.442919,2.7571
5.5,5.241,0.475000,0.477639,0.475000,0.463943,480,5.32723,1.20684,4.90976,2.57557,3.79676,403.717,235.704,0.131744,0.131744,3.57296,3.08686,5.85589,5.37115,6.61803,3.82415,0.459644,0.446759,2.71552
5.5,5.61283,0.525000,0.522686,0.475000,0.468055,480,3.83268,0.777944,3.45829,2.64898,4.2934,403.717,235.704,0.168857,0.168857,3.85141,3.30117,6.37002,5.61766,6.01044,3.45798,0.5012,0.448487,2.68072
5.5,6.05631,0.575000,0.57103,0.475000,0.470887,480,3.0573,0.825705,2.78913,1.29103,2.24564,403.717,235.704,0.0826685,0.0826685,1.74031,1.54271,2.90017,2.40877,5.4336,3.11209,0.546043,0.447941,2.66434
5.5,4.88712,0.425000,0.426612,0.425000,0.440045,470,4.13906,1.17255,3.95951,1.72852,2.73756,424.513,264.721,0.0493336,0.0493336,1.90694,1.56688,3.06036,2.52357,7.45373,4.43637,0.413125,0.426382,2.68909
5.5,5.39954,0.475000,0.473346,0.425000,0.441056,470,4.05367,1.27828,3.85572,1.35271,2.15571,424.513,264.721,0.039323,0.039323,1.46847,1.19177,2.38194,2.0517,6.89169,4.10543,0.456829,0.425798,2.68351
5.5,4.88307,0.425000,0.428464,0.475000,0.473869,470,5.62777,1.06354,5.31289,4.39498,6.38433,424.513,264.721,0.195113,0.195113,5.78713,5.21526,9.46359,8.38654,7.39983,4.1805,0.415086,0.458512,2.88177
5.5,5.28938,0.475000,0.474422,0.475000,0.475201,470,5.26992,0.805065,4.9747,6.34213,9.37669,424.513,264.721,0.258486,0.258486,8.06412,7.12711,13.3236,11.901,6.74537,3.8209,0.457234,0.457919,2.82665
5.5,5.68279,0.525000,0.521503,0.475000,0.477593,470,3.21118,0.523193,2.99136,4.19853,7.18952,424.513,264.721,0.177992,0.177992,4.88869,3.978,8.14897,6.64055,6.09936,3.45134,0.500942,0.458279,2.7761
5.5,6.08587,0.575000,0.569349,0.475000,0.480592,470,2.53811,0.720981,2.3605,1.26607,2.33959,424.513,264.721,0.0515958,0.0515958,1.45125,1.18791,2.43956,2.01178,5.48814,3.08933,0.544892,0.459567,2.74022
5.5,4.88581,0.425000,0.429056,0.525000,0.523639,470,6.02374,1.26495,5.51845,3.66451,5.2297,424.513,264.721,0.196339,0.196339,4.84825,4.03991,8.12882,7.16545,7.38771,3.84345,0.415339,0.506575,3.1825
5.5,5.28717,0.475000,0.475322,0.525000,0.523348,470,5.59481,0.909,5.10385,5.74842,8.36339,424.513,264.721,0.35746,0.35746,7.3943,6.30259,12.5522,10.8076,6.72251,3.52076,0.456605,0.502157,3.10696
5.5,5.65028,0.525000,0.521858,0.525000,0.523713,470,4.53262,0.784129,4.11311,4.36831,6.73698,424.513,264.721,0.260362,0.260362,5.29965,4.32966,9.08406,7.59669,6.0621,3.18455,0.500926,0.502371,3.02576
5.5,6.06293,0.575000,0.569576,0.525000,0.523755,470,3.68248,0.910615,3.37749,1.84399,3.0254,424.513,264.721,0.0962632,0.0962632,2.06183,1.63179,3.56605,2.79823,5.46638,2.87181,0.543786,0.499108,2.97507
5.5,4.88119,0.425000,0.430433,0.575000,0.564161,470,2.30875,0.553444,1.79977,1.36078,2.59459,424.513,264.721,0.184035,0.184035,2.2017,1.93442,3.76752,3.30793,7.34574,3.55802,0.41626,0.545701,3.41524
5.5,5.25984,0.475000,0.475948,0.575000,0.569378,470,3.65642,0.70222,3.14947,3.01556,4.95839,424.513,264.721,0.267562,0.267562,4.6621,3.85204,8.10725,6.76618,6.67793,3.22762,0.458377,0.548822,3.35821
5.5,5.64212,0.525000,0.522478,0.575000,0.572392,470,3.08374,0.56815,2.74,2.82994,4.90887,424.513,264.721,0.202986,0.202986,3.91813,3.31751,6.9071,5.8185,6.04131,2.91639,0.501436,0.548913,3.29861
5.5,6.0148,0.575000,0.562781,0.575000,0.568187,470,2.56625,0.869964,2.21685,0.760166,1.39963,424.513,264.721,0.0617245,0.0617245,0.960026,0.780402,1.70413,1.36097,5.55673,2.70854,0.529966,0.527948,3.24092
5.5,5.1831,0.475000,0.484683,0.625000,0.607406,470,1.19291,0.814045,0.754243,0.175163,0.414795,424.513,264.721,0.0284884,0.0284884,0.358415,0.298918,0.636304,0.55516,6.3953,2.89237,0.462342,0.584398,3.46697
5.5,5.49167,0.525000,0.518602,0.625000,0.608594,470,3.34008,1.77891,2.86469,0.357855,0.605215,424.513,264.721,0.0365836,0.0365836,0.626338,0.523888,1.12459,0.870494,5.97997,2.70317,-nan,-nan,3.43948
5.5,4.57201,0.375000,0.393587,0.525000,0.528518,460,3.47565,1.48272,3.2227,0.311137,0.519691,720.514,439.523,0.0180038,0.0180038,0.223595,0.218306,0.37225,0.351848,7.92859,4.06644,0.382543,0.513864,3.27643
5.5,4.88736,0.425000,0.42652,0.525000,0.5329,460,2.97516,0.42572,2.7321,2.96178,5.197,720.514,439.523,0.150763,0.150763,2.85301,2.4148,4.81159,4.12795,7.45689,3.8135,0.413166,0.516175,3.25876
5.5,5.36911,0.475000,0.472592,0.525000,0.535246,460,2.90328,0.444129,2.69911,2.6991,4.77358,720.514,439.523,0.118556,0.118556,2.57431,2.13505,4.40238,3.61507,6.87586,3.519,0.456262,0.516687,3.24444
5.5,5.80306,0.525000,0.518028,0.525000,0.538937,460,1.85762,0.489397,1.76712,0.827019,1.69525,720.514,439.523,0.0240892,0.0240892,0.690246,0.584489,1.19563,0.932246,6.28463,3.20672,0.498432,0.51846,3.2217
5.5,4.57667,0.375000,0.394137,0.575000,0.573932,460,2.65497,0.925664,2.53132,0.365068,0.664716,720.514,439.523,0.0152104,0.0152104,0.29977,0.29794,0.508383,0.434106,7.91962,3.73301,0.382516,0.557265,3.55713
5.5,4.89029,0.425000,0.428768,0.575000,0.57394,460,4.62595,0.59774,4.17895,4.46606,6.84756,720.514,439.523,0.259978,0.259978,4.59579,3.77945,7.89222,6.98586,7.40135,3.51329,0.415249,0.555557,3.49435
5.5,5.29534,0.475000,0.475104,0.575000,0.57438,460,3.20621,0.31892,2.88043,6.30365,10.7996,720.514,439.523,0.391813,0.391813,7.04094,5.72312,12.2715,10.0749,6.73621,3.21794,0.457736,0.553399,3.41713
5.5,5.67812,0.525000,0.521592,0.575000,0.57595,460,4.14158,0.550474,3.81401,4.39432,6.95831,720.514,439.523,0.214092,0.214092,4.32987,3.43551,7.64968,6.21511,6.09313,2.91499,0.500865,0.552676,3.34603
5.5,6.05306,0.575000,0.561494,0.575000,0.572244,460,6.3756,2.37141,5.8453,0.856653,1.20509,720.514,439.523,0.042931,0.042931,0.735235,0.574422,1.30879,1.07973,5.61038,2.7088,0.526385,0.520414,3.29161
5.5,4.57447,0.375000,0.393966,0.625000,0.624181,460,1.50718,0.628563,1.20526,0.283924,0.623657,720.514,439.523,0.0286085,0.0286085,0.250769,0.198798,0.432606,0.320062,7.92105,3.36875,0.382657,0.605924,3.86853
5.5,4.8862,0.425000,0.428604,0.625000,0.623878,460,2.24483,0.26018,1.91987,3.40688,6.5567,720.514,439.523,0.287269,0.287269,3.85901,3.25591,6.75202,5.70907,7.40033,3.17937,0.414907,0.604053,3.79721
5.5,5.29057,0.475000,0.475093,0.625000,0.623519,460,3.07449,0.313991,2.70793,5.26051,9.13377,720.514,439.523,0.375501,0.375501,5.95964,4.87721,10.6094,8.90896,6.73148,2.92096,0.45815,0.601253,3.70688
5.5,5.65335,0.525000,0.516255,0.625000,0.618545,460,3.5716,0.564058,3.12817,2.58401,4.2797,720.514,439.523,0.196145,0.196145,2.75311,2.16904,4.95854,3.92583,6.18136,2.72618,0.492033,0.589915,3.61596
5.5,4.5778,0.375000,0.394609,0.675000,0.665136,460,0.850512,0.542994,0.839991,0.100944,0.264592,720.514,439.523,0.000646897,0.000646897,0.12259,0.130895,0.213873,0.210288,7.90698,3.06962,0.382999,0.646715,4.11884
5.5,4.88389,0.425000,0.429668,0.675000,0.669353,460,2.41831,0.346038,1.90547,2.09418,3.93209,720.514,439.523,0.271205,0.271205,2.51662,2.17826,4.46595,3.8764,7.36901,2.86637,0.415572,0.647812,4.06203
5.5,5.27054,0.475000,0.469824,0.675000,0.664625,460,1.99371,0.301226,1.57229,1.96321,3.93054,720.514,439.523,0.230789,0.230789,2.5031,2.08264,4.51035,3.73669,6.83094,2.71248,0.44997,0.639795,3.98001
5.5,4.57635,0.375000,0.393692,0.625000,0.623555,360,3.73649,1.96405,2.88498,0.456133,0.745039,363.341,196.717,0.0788428,0.0788428,0.73947,0.681713,1.27472,1.13895,7.93229,3.3825,0.382295,0.605222,3.86907
5.5,4.89302,0.425000,0.427229,0.625000,0.626634,360,4.25432,0.77899,3.5224,4.29567,6.74832,363.341,196.717,0.450058,0.450058,4.84916,3.95999,8.48597,7.34799,7.44555,3.17938,0.413843,0.607032,3.83111
5.5,5.35483,0.475000,0.472589,0.625000,0.6299,360,2.88037,0.512992,2.42167,3.57888,6.3458,363.341,196.717,0.341461,0.341461,4.23263,3.58201,7.54256,6.66673,6.86009,2.92886,0.455918,0.608036,3.80893
5.5,5.78794,0.525000,0.513267,0.625000,0.630272,360,3.16956,1.22785,2.58362,0.888015,1.52694,363.341,196.717,0.0999231,0.0999231,0.994957,0.799249,1.79848,1.44862,6.373,2.73385,0.493222,0.605704,3.79357
5.5,4.57528,0.375000,0.393725,0.675000,0.674215,360,1.34405,0.721091,0.285055,0.355879,0.811348,363.341,196.717,0.129351,0.129351,0.717949,0.579596,1.2523,1.01915,7.92971,3.01412,0.382119,0.654268,4.18268
5.5,4.88584,0.425000,0.428284,0.675000,0.673645,360,3.07832,0.518463,2.42649,3.77046,6.544,363.341,196.717,0.537208,0.537208,4.97183,4.37851,8.82127,7.68723,7.40826,2.84934,0.414422,0.652314,4.10328
5.5,5.2855,0.475000,0.468987,0.675000,0.6664,360,3.21085,0.796198,2.502,2.41676,4.13858,363.341,196.717,0.315977,0.315977,3.77277,3.07012,6.79748,5.76746,6.86827,2.71425,0.449688,0.641036,4.00949
5.5,4.81633,0.425000,0.418637,0.725000,0.709631,360,1.64157,0.557622,1.33166,0.723651,1.54549,363.341,196.717,0.0836151,0.0836151,1.02719,0.939939,1.83056,1.53504,7.57365,2.66811,0.386388,0.683879,4.35958
5.5,4.98317,0.475000,0.473555,0.375000,0.391769,550,6.55478,2.9221,6.2486,1.55987,2.1793,283.008,171.978,0.0476746,0.0476746,1.50571,1.25308,2.34612,2.03987,6.4231,4.11531,0.456669,0.377124,2.19732
5.5,4.64655,0.425000,0.438555,0.425000,0.424691,550,4.55912,1.64729,4.37595,1.4019,2.15844,283.008,171.978,0.0382511,0.0382511,1.776,1.58508,2.80571,2.61766,6.83302,4.16676,0.423789,0.40953,2.39955
5.5,4.95421,0.475000,0.476835,0.425000,0.424232,550,4.77416,0.941458,4.57483,5.13553,7.80373,283.008,171.978,0.163059,0.163059,6.74485,6.13838,10.7162,9.69771,6.32112,3.87431,0.459013,0.407762,2.35052
5.5,5.33177,0.525000,0.523851,0.425000,0.4263,550,7.0362,1.58268,6.67976,6.14201,8.43489,283.008,171.978,0.222996,0.222996,7.09668,6.1456,11.3429,10.0501,5.73126,3.51559,0.501614,0.407786,2.31319
5.5,5.67469,0.575000,0.571791,0.425000,0.429244,550,3.86122,1.01173,3.64791,2.9684,4.80028,283.008,171.978,0.111381,0.111381,3.90313,3.31934,6.25909,5.30418,5.13484,3.14356,0.545305,0.40802,2.27011
5.5,6.02246,0.625000,0.617598,0.425000,0.431869,550,2.72014,1.1559,2.53256,0.983058,1.77582,283.008,171.978,0.0428488,0.0428488,1.17976,0.977572,1.89486,1.51674,4.61349,2.81195,0.58498,0.406524,2.24497
5.5,4.64195,0.425000,0.438431,0.475000,0.473562,550,4.68908,1.87302,4.15138,1.05464,1.61077,283.008,171.978,0.0863714,0.0863714,1.48877,1.34521,2.42005,2.24255,6.83025,3.86657,0.423719,0.456914,2.67445
5.5,4.9528,0.475000,0.477224,0.475000,0.472953,550,3.59418,0.68011,3.25143,4.13988,6.84322,283.008,171.978,0.273032,0.273032,5.91595,5.23319,9.69794,8.58259,6.31113,3.59654,0.458834,0.45331,2.61853
5.5,5.31095,0.525000,0.525242,0.475000,0.473502,550,4.16479,0.786271,3.84069,4.9576,7.83725,283.008,171.978,0.264811,0.264811,6.97458,6.04576,11.5147,10.0961,5.68625,3.25558,0.503386,0.453397,2.55409
5.5,5.61749,0.575000,0.57236,0.475000,0.473531,550,5.68174,1.45137,5.28588,3.94433,5.71527,283.008,171.978,0.198713,0.198713,4.93862,4.16264,8.18864,6.8732,5.082,2.9183,0.544985,0.450027,2.47889
5.5,4.9297,0.475000,0.480339,0.525000,0.511372,550,5.10283,1.99024,4.60234,1.16992,1.74503,283.008,171.978,0.0829895,0.0829895,1.78876,1.62001,3.00524,2.79207,6.21903,3.34133,0.461337,0.491851,2.79996
5.5,5.24731,0.525000,0.52685,0.525000,0.518181,550,6.25455,1.90404,5.61054,2.58326,3.65152,283.008,171.978,0.198083,0.198083,3.49563,3.02947,5.94624,5.16111,5.5987,2.99362,0.503278,0.495504,2.75317
5.5,5.58802,0.575000,0.568734,0.525000,0.516611,550,4.76111,1.63402,4.14804,1.80578,2.74611,283.008,171.978,0.14167,0.14167,2.51254,1.99831,4.30204,3.58622,5.12038,2.75238,0.53328,0.483025,2.70735
5.5,4.64764,0.425000,0.438442,0.475000,0.482265,540,3.84957,1.72782,3.57694,0.767338,1.24202,384.769,171.704,0.048675,0.048675,0.945398,0.899217,1.54826,1.33518,6.83692,3.81742,0.423258,0.465689,2.72715
5.5,4.97328,0.475000,0.474907,0.475000,0.48541,540,3.28169,0.759139,2.97683,2.49542,4.24386,384.769,171.704,0.136193,0.136193,2.90585,2.3906,4.80564,4.18486,6.38319,3.56406,0.456721,0.467607,2.71125
5.5,5.43374,0.525000,0.521726,0.475000,0.486702,540,5.45095,1.78537,5.14444,1.9131,2.80279,384.769,171.704,0.0717312,0.0717312,1.99437,1.64167,3.33226,2.80196,5.86464,3.27909,0.500743,0.466678,2.70323
5.5,4.63827,0.425000,0.437545,0.525000,0.52402,540,3.65999,1.20618,3.34533,1.13826,1.87104,384.769,171.704,0.0684417,0.0684417,1.41423,1.25026,2.3717,2.08631,6.84675,3.56947,0.422748,0.505689,2.96388
5.5,4.94831,0.475000,0.476582,0.525000,0.523873,540,4.6432,0.852364,4.28376,4.52088,6.92424,384.769,171.704,0.242483,0.242483,5.56305,4.81365,9.41947,8.28009,6.32029,3.31701,0.458906,0.503741,2.90259
5.5,5.32654,0.525000,0.524335,0.525000,0.525365,540,3.05627,0.491118,2.76016,4.90271,8.52873,384.769,171.704,0.303431,0.303431,6.34862,5.35714,10.8642,9.13344,5.71677,3.01088,0.502344,0.502386,2.8473
5.5,5.68393,0.575000,0.567261,0.525000,0.523488,540,2.80333,0.663081,2.51594,2.28487,4.08714,384.769,171.704,0.139272,0.139272,2.79905,2.26027,4.82412,3.899,5.21891,2.7655,0.537755,0.493934,2.79767
5.5,4.64146,0.425000,0.438372,0.575000,0.573176,540,4.60382,1.80001,4.10314,0.934709,1.4351,384.769,171.704,0.0617501,0.0617501,1.10601,0.945475,1.90172,1.78997,6.83112,3.25638,0.422689,0.553748,3.23856
5.5,4.94952,0.475000,0.476757,0.575000,0.572614,540,2.43714,0.428652,2.10149,3.30412,6.18801,384.769,171.704,0.266295,0.266295,4.61761,3.87722,8.03809,6.86485,6.31785,3.04212,0.460767,0.552848,3.17297
5.5,5.31527,0.525000,0.522625,0.575000,0.572169,540,2.99587,0.530018,2.58422,3.79027,6.63591,384.769,171.704,0.297973,0.297973,5.11274,4.08456,9.00368,7.48687,5.73931,2.78666,0.499575,0.546544,3.10552
5.5,4.64137,0.425000,0.438876,0.625000,0.610404,540,2.90001,1.48531,2.72288,0.36337,0.642884,384.769,171.704,0.0168017,0.0168017,0.414531,0.364817,0.725714,0.575787,6.8184,3.02287,0.423033,0.589914,3.44585
5.5,4.93271,0.475000,0.476931,0.625000,0.615008,540,4.60495,1.35376,4.07454,1.64319,2.52269,384.769,171.704,0.12667,0.12667,2.30646,1.95153,4.10046,3.55064,6.29557,2.79807,0.457309,0.590844,3.39524
5.5,5.29909,0.525000,0.512444,0.625000,0.609728,540,4.4717,1.99196,3.84548,0.702944,1.08835,384.769,171.704,0.0655498,0.0655498,0.925961,0.764677,1.66013,1.38256,5.92416,2.67281,-nan,-nan,3.36503
5.5,4.64442,0.425000,0.437997,0.575000,0.575467,530,3.04457,1.01581,2.72196,1.09862,1.9135,298.041,169.227,0.0735753,0.0735753,1.24987,1.05666,2.15231,1.82975,6.84357,3.24923,0.423594,0.555472,3.25622
5.5,4.96961,0.475000,0.475454,0.575000,0.578672,530,2.865,0.580995,2.4516,2.97971,5.29256,298.041,169.227,0.269554,0.269554,3.57192,3.05149,6.2384,5.37659,6.3673,3.02731,0.457159,0.556995,3.22753
5.5,5.4131,0.525000,0.52104,0.575000,0.579966,530,4.0026,0.971308,3.64649,2.58004,4.12726,298.041,169.227,0.152311,0.152311,2.52327,2.07346,4.46755,3.64967,5.85887,2.79744,0.498507,0.555898,3.21453
5.5,4.64773,0.425000,0.438779,0.625000,0.624586,530,1.62003,0.575329,1.27842,0.801016,1.7182,298.041,169.227,0.0877066,0.0877066,1.17785,1.0164,2.07134,1.85467,6.82902,2.93854,0.424042,0.603967,3.53135
5.5,4.946,0.475000,0.475136,0.625000,0.621624,530,3.25418,0.641125,2.81553,3.26589,5.56897,298.041,169.227,0.259346,0.259346,4.0224,3.27392,7.16915,6.10811,6.34845,2.77815,0.456706,0.597729,3.45408
5.5,5.30863,0.525000,0.512391,0.625000,0.611903,530,7.77757,4.54579,6.61526,0.937927,1.25849,298.041,169.227,0.0874161,0.0874161,1.20204,0.942801,2.15785,1.77232,5.93504,2.67132,-nan,-nan,3.38359
5.5,4.63331,0.425000,0.436779,0.675000,0.665028,530,2.48108,1.27599,2.08465,0.403816,0.751825,298.041,169.227,0.0410077,0.0410077,0.558624,0.483474,0.997146,0.83898,6.85994,2.70749,0.422713,0.641094,3.76705
5.5,4.76167,0.475000,0.480063,0.375000,0.388614,520,5.2024,2.12659,4.95275,0.980544,1.45482,461.197,272.206,0.0294698,0.0294698,1.24141,1.05275,1.91335,1.74168,6.04172,3.88793,0.460792,0.372889,2.05415
5.5,5.1379,0.525000,0.52275,0.375000,0.390612,520,9.49884,4.60504,9.21472,1.38204,1.77695,461.197,272.206,0.0234603,0.0234603,1.417,1.14723,2.19364,1.94181,5.57388,3.58905,0.499944,0.373833,2.04545
5.5,5.61564,0.575000,0.572438,0.375000,0.391026,520,4.86254,2.17615,4.71628,0.770981,1.16551,461.197,272.206,0.0184857,0.0184857,0.793104,0.676295,1.23216,0.992019,5.07823,3.27325,0.545485,0.372502,2.04396
5.5,4.75989,0.475000,0.481879,0.425000,0.42425,520,5.55787,1.40752,5.20971,2.33424,3.40207,461.197,272.206,0.109223,0.109223,3.06187,2.69002,4.83386,4.24029,6.00286,3.67729,0.462893,0.40682,2.23432
5.5,5.08466,0.525000,0.525825,0.425000,0.424282,520,4.17092,0.70257,3.89187,4.33363,6.84786,461.197,272.206,0.199797,0.199797,5.93879,5.12726,9.41204,8.17896,5.47004,3.36787,0.502733,0.404774,2.18725
5.5,5.43765,0.575000,0.57383,0.425000,0.426228,520,5.28574,1.00557,4.98346,4.23651,6.25848,461.197,272.206,0.170826,0.170826,5.26524,4.49775,8.37009,7.21801,4.92318,3.03392,0.545648,0.404723,2.15267
5.5,5.77312,0.625000,0.61704,0.425000,0.42573,520,7.4174,2.71555,7.02055,1.84285,2.49965,461.197,272.206,0.0748001,0.0748001,2.10314,1.71358,3.33839,2.66658,4.46563,2.75921,0.579745,0.393255,2.1223
5.5,4.75996,0.475000,0.482029,0.475000,0.472942,520,4.27126,1.02919,3.80727,1.6844,2.64302,461.197,272.206,0.124903,0.124903,2.42181,2.20073,3.95323,3.77782,5.99975,3.41633,0.46277,0.453956,2.49104
5.5,5.07496,0.525000,0.526109,0.475000,0.47334,520,4.6103,0.806625,4.10177,3.75136,5.75732,461.197,272.206,0.267952,0.267952,5.06035,4.30329,8.3167,7.41776,5.45657,3.12627,0.503146,0.451996,2.43523
5.5,5.41699,0.575000,0.573588,0.475000,0.472228,520,4.86459,0.939455,4.36063,3.5915,5.42871,461.197,272.206,0.237803,0.237803,5.10437,4.20654,8.42105,7.22091,4.9113,2.83271,0.544856,0.447061,2.37854
5.5,5.77508,0.625000,0.609454,0.475000,0.465167,520,3.23705,1.55091,2.90552,0.484933,0.828284,461.197,272.206,0.0340831,0.0340831,0.777432,0.656946,1.27961,1.03421,4.58291,2.67833,-nan,-nan,2.35053
5.5,5.01174,0.525000,0.52836,0.525000,0.512412,520,8.29425,3.64409,7.26297,1.10863,1.46647,461.197,272.206,0.105468,0.105468,1.57991,1.35218,2.67037,2.28399,5.35908,2.89894,0.503166,0.488237,2.59267
5.5,5.32839,0.575000,0.566067,0.525000,0.510997,520,8.37599,4.40796,7.33917,0.843452,1.11333,461.197,272.206,0.0606145,0.0606145,1.27504,1.01007,2.16458,1.86138,4.96561,2.70284,-nan,-nan,2.56464
5.5,4.75969,0.475000,0.480338,0.475000,0.480423,510,2.5475,0.58541,2.31408,1.58314,2.92194,498.407,243.451,0.0859913,0.0859913,1.85535,1.56339,3.05021,2.61945,6.03394,3.39541,0.46107,0.461122,2.53906
5.5,5.12652,0.525000,0.524381,0.475000,0.483639,510,3.1309,0.643255,2.90875,2.26443,3.90894,498.407,243.451,0.0967445,0.0967445,2.70196,2.21582,4.48294,3.7697,5.53354,3.11631,0.501142,0.462535,2.52112
5.5,5.56183,0.575000,0.571135,0.475000,0.484793,510,3.4029,0.908403,3.0557,1.50119,2.52405,498.407,243.451,0.0901896,0.0901896,1.63657,1.26318,2.73648,2.1328,5.06011,2.85381,0.544247,0.461564,2.51734
5.5,4.75703,0.475000,0.481585,0.525000,0.524257,510,3.7022,0.788433,3.29026,2.10923,3.45491,498.407,243.451,0.148542,0.148542,2.59012,2.10895,4.37669,3.59601,6.00573,3.14597,0.462253,0.503499,2.76296
5.5,5.07734,0.525000,0.525408,0.525000,0.524176,510,3.03703,0.448878,2.73119,3.91612,6.82627,498.407,243.451,0.235634,0.235634,5.13046,4.21092,8.75008,7.38,5.47118,2.89078,0.502062,0.500433,2.70241
5.5,5.4404,0.575000,0.565815,0.525000,0.518886,510,4.11219,0.949838,3.69182,2.03382,3.22734,498.407,243.451,0.12378,0.12378,2.60672,2.0764,4.46298,3.73719,5.05676,2.70901,0.53065,0.480715,2.66131
5.5,4.76129,0.475000,0.481573,0.575000,0.574051,510,3.28963,0.723592,2.79137,1.59668,2.71334,498.407,243.451,0.151107,0.151107,2.00887,1.69441,3.4977,3.03478,6.01065,2.88153,0.462616,0.551801,3.02873
5.5,5.06556,0.525000,0.520515,0.575000,0.568663,510,4.72266,1.06015,4.15738,2.14466,3.26896,498.407,243.451,0.161402,0.161402,2.7163,2.20645,4.76446,4.02513,5.54945,2.71254,0.493721,0.539805,2.95296
5.5,4.74831,0.475000,0.48172,0.625000,0.607596,510,2.45793,1.13777,2.13642,0.292049,0.545422,498.407,243.451,0.0233775,0.0233775,0.462418,0.41128,0.820614,0.753713,5.99336,2.7035,-nan,-nan,3.19622
5.5,4.76262,0.475000,0.481332,0.575000,0.575287,500,2.09812,0.481479,1.80421,1.8258,3.59377,333.597,176.721,0.13929,0.13929,2.14391,1.74822,3.73908,3.09534,6.01707,2.88137,0.463179,0.552941,3.0377
5.5,5.08164,0.525000,0.517638,0.575000,0.573489,500,4.19299,1.10783,3.66773,1.93305,3.04977,333.597,176.721,0.147293,0.147293,2.06068,1.65933,3.62623,3.05525,5.61786,2.71962,0.492813,0.5455,3.00333
5.5,4.74517,0.475000,0.478412,0.625000,0.615033,500,7.17221,3.37799,6.72419,0.923818,1.26295,333.597,176.721,0.043997,0.043997,1.0396,0.915571,1.84746,1.63582,6.05785,2.68824,0.455896,0.588778,3.25577
5.5,4.78462,0.525000,0.525122,0.325000,0.341324,450,4.55302,1.34576,4.37852,0.977911,1.50622,1083.42,332.659,0.0251254,0.0251254,1.08916,0.951467,1.59721,1.45066,5.21059,3.57717,0.500861,0.325273,1.65518
5.5,5.2059,0.575000,0.572899,0.325000,0.341776,450,5.1668,1.97253,4.97531,0.749633,1.11431,1083.42,332.659,0.0196585,0.0196585,0.823172,0.670165,1.20646,0.964771,4.76401,3.27371,0.544179,0.324201,1.6527
5.5,4.77088,0.525000,0.527907,0.375000,0.374314,450,5.8014,1.02012,5.50305,3.13841,4.52271,1083.42,332.659,0.126795,0.126795,4.12586,3.74546,6.20696,5.59768,5.15123,3.39268,0.503285,0.355554,1.80176
5.5,5.07908,0.575000,0.574694,0.375000,0.375253,450,7.44284,1.38317,7.00961,4.01932,5.44751,1083.42,332.659,0.171793,0.171793,5.13,4.43953,7.71019,6.77121,4.64301,3.06777,0.544673,0.355049,1.76596
5.5,5.44585,0.625000,0.618922,0.375000,0.374921,450,6.25571,1.42231,5.92793,2.2438,3.17154,1083.42,332.659,0.0913954,0.0913954,2.99464,2.64968,4.48961,3.94058,4.23479,2.80315,0.58249,0.348678,1.75592
5.5,4.51991,0.475000,0.491293,0.425000,0.41821,450,3.55039,1.45294,3.31059,0.316517,0.525192,1083.42,332.659,0.0143828,0.0143828,0.504439,0.450306,0.786461,0.719717,5.56353,3.43694,0.470208,0.399659,2.05038
5.5,4.76144,0.525000,0.528007,0.425000,0.421207,450,6.20757,1.23925,5.80511,2.29174,3.24563,1083.42,332.659,0.112482,0.112482,3.15605,2.83638,4.93709,4.48138,5.14117,3.17887,0.503173,0.400959,2.0242
5.5,5.05756,0.575000,0.575336,0.425000,0.422262,450,7.00113,1.32816,6.35374,3.16595,4.35301,1083.42,332.659,0.201848,0.201848,4.62974,4.00706,7.243,6.53103,4.61749,2.86751,0.544504,0.398647,1.97794
5.5,4.93564,0.575000,0.572443,0.475000,0.457852,450,4.64173,2.11283,4.1539,0.330196,0.505778,1083.42,332.659,0.0328614,0.0328614,0.593936,0.588982,0.95716,0.878413,4.56998,2.71115,-nan,-nan,2.10409
5.5,4.51943,0.475000,0.490537,0.425000,0.429849,440,3.28715,1.34172,3.02627,0.341036,0.579682,852.698,497.192,0.017461,0.017461,0.435533,0.387019,0.68557,0.635782,5.57727,3.39129,0.469296,0.410895,2.11077
5.5,4.77772,0.525000,0.525977,0.425000,0.432896,440,4.75565,0.97876,4.54999,1.79848,2.73589,852.698,497.192,0.0495132,0.0495132,2.19268,1.8406,3.47085,3.06157,5.1899,3.15319,0.501357,0.412523,2.09561
5.5,5.16361,0.575000,0.573224,0.425000,0.434819,440,6.80432,1.80517,6.37915,1.63757,2.26706,852.698,497.192,0.0627834,0.0627834,1.96516,1.5799,3.12433,2.66614,4.72742,2.87645,0.543835,0.412483,2.08686
5.5,5.55985,0.625000,0.612511,0.425000,0.431924,440,7.56482,4.02809,7.26977,0.500809,0.676228,852.698,497.192,0.00953,0.00953,0.601917,0.434885,0.959057,0.780064,4.39951,2.69328,-nan,-nan,2.0889
5.5,4.51821,0.475000,0.49063,0.475000,0.473835,440,3.363,1.15894,3.23589,0.441765,0.745523,852.698,497.192,0.00991263,0.00991263,0.643818,0.528126,1.04544,0.89898,5.57437,3.16931,0.469977,0.453477,2.32662
5.5,4.7685,0.525000,0.527749,0.475000,0.473773,440,5.84214,1.02696,5.45587,2.65274,3.81586,852.698,497.192,0.125537,0.125537,3.58654,3.14164,5.85816,5.24098,5.15191,2.94796,0.502964,0.45111,2.28267
5.5,5.07148,0.575000,0.569746,0.475000,0.470558,440,4.36414,0.755859,3.9244,2.35573,3.67322,852.698,497.192,0.152627,0.152627,3.49001,2.84396,5.71056,4.74324,4.71224,2.72804,0.536917,0.440246,2.23291
5.5,4.52439,0.475000,0.491312,0.525000,0.522709,440,2.22737,0.76654,2.07689,0.331958,0.64053,852.698,497.192,0.0136664,0.0136664,0.472196,0.40093,0.794786,0.650508,5.56765,2.92348,0.470021,0.50065,2.56719
5.5,4.75786,0.525000,0.525709,0.525000,0.520767,440,6.55069,1.49227,5.59797,1.8205,2.54382,852.698,497.192,0.160311,0.160311,2.53202,2.03316,4.28785,3.69609,5.17687,2.74973,0.500062,0.494421,2.51411
5.5,5.05252,0.575000,0.55957,0.525000,0.50945,440,4.75907,2.39352,4.19811,0.297081,0.451836,852.698,497.192,0.0239986,0.0239986,0.48886,0.392073,0.825587,0.649779,4.85929,2.64872,-nan,-nan,2.45337
5.5,4.84499,0.525000,0.524688,0.475000,0.496022,430,1.42235,0.938981,1.38228,0.167184,0.374237,471.799,266.696,0.00297102,0.00297102,0.0985537,0.0844576,0.16391,0.111938,5.27203,2.90082,0.499861,0.473762,2.44246
5.5,4.51607,0.475000,0.490422,0.525000,0.524135,430,3.90732,1.70207,3.37044,0.431562,0.695389,471.799,266.696,0.0330374,0.0330374,0.517341,0.436813,0.87291,0.858889,5.57618,2.92438,0.469166,0.502216,2.57445
5.5,4.76333,0.525000,0.523854,0.525000,0.524353,430,3.0863,0.636723,2.78899,1.91377,3.31879,471.799,266.696,0.130944,0.130944,2.41993,2.10952,4.11249,3.38901,5.21315,2.752,0.498353,0.498473,2.54273
5.5,4.51792,0.475000,0.490118,0.575000,0.56954,430,3.01309,1.61671,2.71382,0.303187,0.529835,471.799,266.696,0.0137689,0.0137689,0.400369,0.274698,0.696436,0.53229,5.58342,2.70077,0.468944,0.545962,2.80085
5.5,4.6839,0.525000,0.512083,0.575000,0.560976,430,2.23107,0.995004,1.98141,0.375764,0.724655,471.799,266.696,0.0224282,0.0224282,0.492533,0.368322,0.855949,0.620185,5.34619,2.651,-nan,-nan,2.73728
