Q2,Q2_corr,xbj,xbj_corr,z,z_corr,RunGroup,y_RD,error_RD,y_RD_rho,yield_neg,yield_pos,charge_neg,charge_pos,yield_neg_rho,yield_pos_rho,yield_neg_incnorad,yield_neg_incrad,yield_pos_incnorad,yield_pos_incrad,W2_corr,Wp2_corr,xprime_corr,zprime_corr,shms_p,shms_dp,Residual
4.0,3.41203,0.275,0.286632,0.375,0.380686,100.0,5.97324,1.59155,5.35093,8.48663,12.1377,91.8381,125.853,0.596416,0.596416,13.046,11.8691,19.3649,19.013,9.37773,6.05404,0.280541,0.372169,2.4166,-0.475195,0.562195243870211
4.0,3.79476,0.325,0.324466,0.375,0.384507,100.0,4.71608,0.758823,4.3528,18.6292,28.4065,91.8381,125.853,1.01735,1.01735,25.8423,23.7382,39.0407,37.3047,8.78644,5.65709,0.316482,0.374926,2.39757,-1.25889,-0.3197794140948124
4.0,4.24668,0.375,0.369025,0.375,0.387694,100.0,7.67259,2.05338,7.45166,10.3145,13.8825,91.8381,125.853,0.236651,0.236651,10.2606,9.46355,15.757,14.6584,8.14848,5.23221,0.358705,0.37664,2.37878,-2.03261,1.3594295138360994
4.0,3.40664,0.275,0.286873,0.425,0.423558,100.0,5.42177,1.11133,5.12695,9.97157,14.6299,91.8381,125.853,0.411638,0.411638,14.3963,14.2908,21.7829,22.783,9.35476,5.67589,0.28073,0.414109,2.68341,10.5134,0.551606108205959
4.0,3.76943,0.325,0.326535,0.425,0.42324,100.0,4.53528,0.4949,4.24817,32.4889,50.0971,91.8381,125.853,1.64085,1.64085,43.1213,41.513,66.3696,63.4841,8.66288,5.27934,0.315272,0.410271,2.60703,7.36776,-0.359486818801417
4.0,4.18513,0.375,0.371497,0.425,0.423832,100.0,4.0365,0.517169,3.80375,24.3114,38.7925,91.8381,125.853,1.01892,1.01892,29.4632,26.9165,46.0155,42.2314,7.96693,4.862,0.360838,0.411263,2.54708,4.89876,-1.192957003842214
4.0,4.60623,0.425,0.418254,0.425,0.424452,100.0,5.91174,1.60917,5.66568,7.61412,10.919,91.8381,125.853,0.243746,0.243746,7.43261,6.8571,11.7469,10.9653,7.29254,4.44647,0.404522,0.410348,2.49331,2.68407,0.7884501844135244
4.0,3.40989,0.275,0.289194,0.475,0.456178,100.0,1.74229,0.822899,1.31832,1.19276,2.49761,91.8381,125.853,0.185533,0.185533,2.36001,2.31036,3.6271,3.43095,9.26712,5.35325,0.28208,0.446103,2.87031,18.2106,-3.434457282777242
4.0,3.74443,0.325,0.329253,0.475,0.464398,100.0,5.77201,1.11024,5.34123,11.7381,16.9381,91.8381,125.853,0.704538,0.704538,15.676,15.1622,24.6104,24.0893,8.51757,4.88335,0.320748,0.452371,2.81808,16.0596,1.2221499389964803
4.0,4.1505,0.375,0.372284,0.475,0.468244,100.0,4.86354,0.82911,4.53575,14.0573,21.2495,91.8381,125.853,0.689586,0.689586,15.9564,14.4887,25.4986,23.5981,7.88306,4.50238,0.361255,0.454536,2.78437,14.6711,0.6351937583766611
4.0,4.59778,0.425,0.418404,0.475,0.471404,100.0,4.49394,1.12892,4.31114,5.96806,9.22695,91.8381,125.853,0.186853,0.186853,5.52461,4.99182,8.96656,7.92401,7.27637,4.13514,0.40442,0.455634,2.76356,13.8142,0.16487488700046143
4.0,3.40934,0.275,0.28642,0.475,0.476678,90.0,6.53194,1.84935,5.7227,8.81283,12.323,111.463,62.5913,0.867389,0.867389,13.1035,12.3212,20.3168,19.3319,9.38009,5.23548,0.280097,0.466767,3.02781,-0.2997,1.1417538140622492
4.0,3.79411,0.325,0.32438,0.475,0.480644,90.0,4.49358,0.737666,4.22038,19.5123,30.1678,111.463,62.5913,0.889461,0.889461,27.0847,24.5272,42.8718,38.5559,8.78832,4.89563,0.316294,0.469095,2.99921,-1.24167,0.26251937542071746
4.0,4.2422,0.375,0.368786,0.475,0.48477,90.0,4.51413,1.08528,4.20657,9.53182,14.7177,111.463,62.5913,0.45252,0.45252,10.8605,9.42938,17.5266,15.395,8.14815,4.52138,0.358578,0.471469,2.97512,-2.03478,0.2763723462686899
4.0,4.62373,0.425,0.413646,0.475,0.491969,90.0,1.51524,0.956826,1.34377,1.04865,2.29941,111.463,62.5913,0.0569713,0.0569713,1.18742,0.955415,1.94882,1.58773,7.43931,4.08436,0.400195,0.476265,2.93335,-3.41001,-2.753242248799955
4.0,3.41265,0.275,0.287306,0.525,0.523677,90.0,9.13667,2.80458,8.35199,10.2086,13.2299,111.463,62.5913,0.647412,0.647412,12.1694,10.7777,19.2454,17.4994,9.35171,4.82111,0.281342,0.512937,3.32022,9.32862,1.816995223160451
4.0,3.76893,0.325,0.326725,0.525,0.523641,90.0,4.39484,0.617211,3.93844,25.1069,39.0686,111.463,62.5913,1.87773,1.87773,35.6919,31.7931,57.6083,51.553,8.65559,4.48968,0.317977,0.510289,3.22476,6.18542,0.7131978961437022
4.0,4.19141,0.375,0.372063,0.525,0.523881,90.0,5.81958,1.00973,5.41553,21.9273,31.5734,111.463,62.5913,1.06058,1.06058,24.319,20.5718,39.9762,34.3987,7.96056,4.14144,0.36156,0.509103,3.14991,3.72063,1.8982604393140092
4.0,4.60323,0.425,0.417955,0.525,0.523964,90.0,6.03769,1.99354,5.60198,6.56013,9.35655,111.463,62.5913,0.334486,0.334486,6.39129,5.31664,10.677,8.92256,7.29601,3.79821,0.404271,0.507416,3.07964,1.40689,1.0739205967381587
4.0,3.41613,0.275,0.288918,0.575,0.563903,90.0,3.82462,1.32521,2.94891,3.30317,5.35712,111.463,62.5913,0.557831,0.557831,4.69145,4.14418,7.53226,6.40739,9.29598,4.45227,0.281784,0.551406,3.5598,17.2178,0.09324082275143863
4.0,3.75479,0.325,0.327933,0.575,0.569929,90.0,3.5449,0.59653,3.03452,14.2391,23.638,111.463,62.5913,1.38021,1.38021,20.7359,18.2928,34.1035,30.5866,8.58361,4.09862,0.319604,0.555911,3.48341,14.7022,-0.04435240925535416
4.0,4.16622,0.375,0.371776,0.575,0.572336,90.0,3.86062,0.704289,3.43394,13.8616,22.417,111.463,62.5913,1.05357,1.05357,17.4875,14.7994,29.3664,24.4778,7.92499,3.78141,0.360668,0.556432,3.42303,12.7142,0.5028421685503636
4.0,4.60312,0.425,0.418257,0.575,0.572935,90.0,3.25546,0.93037,2.9321,4.83172,8.23798,111.463,62.5913,0.334363,0.334363,4.90179,4.22341,8.38421,6.9385,7.28786,3.47599,0.404756,0.554252,3.36549,10.8195,-0.2590654591687409
4.0,4.09356,0.375,0.373895,0.625,0.611364,90.0,2.53716,0.948409,2.06964,2.60966,4.82302,111.463,62.5913,0.293009,0.293009,3.38883,2.8482,5.77971,4.80789,7.73917,3.42931,0.360469,0.593507,3.57241,17.633,-0.6797979300590546
4.0,3.41112,0.275,0.286815,0.575,0.574779,80.0,3.11563,0.675458,2.564,7.40186,12.7973,108.44,94.6964,0.847652,0.847652,11.4845,10.0572,18.4969,16.5453,9.36798,4.39237,0.280992,0.562939,3.64912,0.0939108,-0.7388915595243398
4.0,3.79157,0.325,0.324567,0.575,0.578899,80.0,4.74938,0.718432,4.17406,19.1997,29.218,108.44,94.6964,1.60167,1.60167,24.2502,21.2924,39.9587,36.2025,8.77615,4.10528,0.316476,0.565089,3.60922,-1.00047,1.7367096003676006
4.0,4.25219,0.375,0.369721,0.575,0.582257,80.0,4.76382,1.07404,4.15447,9.71439,14.7706,108.44,94.6964,0.755354,0.755354,10.5157,8.4552,17.711,15.0576,8.13601,3.79747,0.359617,0.566331,3.57409,-1.96397,1.2456180716759042
4.0,3.4119,0.275,0.287151,0.625,0.623887,80.0,3.55991,0.769918,3.11569,7.09561,11.7639,108.44,94.6964,0.545935,0.545935,9.59791,8.01573,15.657,13.6474,9.3563,3.96466,0.281202,0.610534,3.9576,8.55547,0.46925526776121096
4.0,3.76619,0.325,0.326295,0.625,0.623878,80.0,4.19077,0.545797,3.50776,23.1461,36.5234,108.44,94.6964,2.39427,2.39427,29.0921,24.1786,48.6377,42.0228,8.66479,3.70526,0.317939,0.60822,3.84527,5.47422,1.9548959514092903
4.0,4.18445,0.375,0.371258,0.625,0.623934,80.0,2.61887,0.358233,2.13812,16.0627,29.3785,108.44,94.6964,1.88572,1.88572,18.4684,16.1717,31.5808,27.414,7.9731,3.42798,0.360671,0.606371,3.7545,2.98455,-1.2866426593926692
4.0,4.60219,0.425,0.417834,0.625,0.624656,80.0,3.30796,0.967739,2.86889,4.57949,7.76858,108.44,94.6964,0.373439,0.373439,5.03253,4.09346,8.78324,7.23772,7.29788,3.13844,0.404354,0.604633,3.6728,0.743486,0.2472236140869879
4.0,3.41335,0.275,0.288036,0.675,0.66934,80.0,3.3637,0.81384,2.37165,4.89705,8.26373,108.44,94.6964,0.927211,0.927211,5.91143,5.0665,9.73592,8.56597,9.32342,3.56633,0.282022,0.655286,4.23505,16.1658,0.6727334981986968
4.0,3.76201,0.325,0.326759,0.675,0.672299,80.0,2.14623,0.288954,1.50753,14.7614,28.8367,108.44,94.6964,2.62343,2.62343,21.1437,18.2015,35.7389,30.1634,8.63964,3.31781,0.318614,0.65604,4.13336,13.3766,-1.9979024809400485
4.0,4.17783,0.375,0.371698,0.675,0.673532,80.0,2.43157,0.338676,2.01438,14.8276,27.7904,108.44,94.6964,1.51761,1.51761,15.847,12.8427,27.4477,21.4464,7.94756,3.06471,0.360957,0.653991,4.04168,10.8619,-0.7143120072169058
4.0,4.5948,0.425,0.417248,0.675,0.67199,80.0,3.4736,0.954232,2.72185,4.55466,7.60901,108.44,94.6964,0.553901,0.553901,4.00773,3.15435,7.09794,6.0108,7.30305,2.83456,0.403699,0.6497,3.95115,8.37866,0.8302873130692248
4.0,3.72407,0.325,0.331855,0.725,0.713907,80.0,4.95059,1.57711,3.38247,4.16554,6.2656,108.44,94.6964,0.786267,0.786267,5.09136,4.08382,8.71343,7.61365,8.38645,2.92435,0.321954,0.696085,4.27822,17.3498,1.6285789125721895
4.0,4.12303,0.375,0.371338,0.725,0.713931,80.0,3.64063,0.891556,2.78516,5.34754,8.80452,108.44,94.6964,0.793798,0.793798,5.51122,4.58778,9.64001,8.2455,7.86311,2.75523,0.358628,0.693025,4.23119,16.0601,1.4470644560266712
4.0,4.54767,0.425,0.408976,0.725,0.707785,80.0,0.856121,0.681565,0.460252,0.472019,1.23493,108.44,94.6964,0.0958378,0.0958378,0.645923,0.615631,1.15036,1.09905,7.45599,2.66577,,,4.20272,15.279,-2.255378833436443
4.0,3.40353,0.275,0.284295,0.625,0.640766,70.0,2.81975,1.06865,2.06447,1.98732,3.54814,130.017,102.151,0.329251,0.329251,2.72823,2.39305,4.46082,4.10087,9.45328,3.85404,0.278243,0.627781,4.09527,-3.71955,-0.2279371840213903
4.0,3.85263,0.325,0.322573,0.625,0.64171,70.0,3.2204,1.1562,2.55186,2.33078,3.98758,130.017,102.151,0.347876,0.347876,3.14764,2.86319,5.26572,4.65399,8.97457,3.67004,0.314942,0.627116,4.09103,-3.81919,0.2071997606273389
4.0,3.40877,0.275,0.286924,0.675,0.67409,70.0,1.79612,0.388144,1.17822,5.79658,12.0158,130.017,102.151,1.14394,1.14394,9.36047,8.06617,15.4192,12.6751,9.35805,3.53504,0.280625,0.659934,4.27608,0.531405,-2.533170929424007
4.0,3.78293,0.325,0.324606,0.675,0.677285,70.0,2.19592,0.296034,1.55788,15.5142,30.0773,130.017,102.151,2.52784,2.52784,21.5373,17.9613,36.3652,31.124,8.75722,3.31482,0.31683,0.661228,4.21367,-0.935778,-1.6544046227562672
4.0,4.24331,0.375,0.369384,0.675,0.680441,70.0,2.31549,0.417947,1.89685,8.46836,16.1309,130.017,102.151,0.966219,0.966219,9.45899,8.10198,16.374,13.307,8.13078,3.07345,0.358889,0.662148,4.17288,-1.89472,-0.7264047651361389
4.0,3.41504,0.275,0.287549,0.725,0.72416,70.0,2.11562,0.468784,1.34916,5.27029,10.345,130.017,102.151,1.04655,1.04655,7.7253,6.34215,12.8012,10.743,9.34757,3.10329,0.281629,0.709487,4.59248,7.96998,-0.5438957072636759
4.0,3.76804,0.325,0.326372,0.725,0.723801,70.0,2.21437,0.266122,1.43108,18.0909,34.9754,130.017,102.151,3.65072,3.65072,23.1353,19.1098,39.409,32.4497,8.66586,2.92034,0.317999,0.706411,4.46319,4.93036,-0.36024678103352537
4.0,4.18149,0.375,0.368794,0.725,0.719747,70.0,3.4287,0.594668,2.6377,11.2705,18.9052,130.017,102.151,1.60268,1.60268,12.4191,9.8685,21.6746,17.1956,8.0431,2.76192,0.357003,0.699483,4.35821,2.46241,1.887643530194377
4.0,4.5554,0.425,0.409152,0.725,0.708615,70.0,1.62833,1.03398,1.20414,0.699503,1.49792,130.017,102.151,0.0904563,0.0904563,0.857782,0.691031,1.52659,1.23895,7.45974,2.65498,,,4.21085,-1.00215,-0.7335532636628228
4.0,3.408,0.275,0.286941,0.775,0.766363,70.0,1.99339,0.551743,1.16214,2.99902,6.00466,130.017,102.151,0.703134,0.703134,4.2372,3.56949,7.04667,5.91806,9.35597,2.74993,0.280287,0.751045,4.86123,14.2885,-0.08516661333798592
4.0,3.74731,0.325,0.320161,0.775,0.759907,70.0,2.25912,0.560335,1.67158,4.11523,7.90327,130.017,102.151,0.590085,0.590085,5.84862,4.87402,9.96006,8.77042,8.84153,2.68592,0.307564,0.741743,4.74901,11.6501,0.3963296621720803
4.0,3.47588,0.325,0.324953,0.425,0.446447,400.0,2.1964,1.07595,1.9131,1.35386,2.62452,120.391,75.3767,0.0996896,0.0996896,2.01736,1.69546,3.11378,2.64868,8.10447,4.771,0.316528,0.434768,2.54672,-4.13877,-2.1922940874915877
4.0,3.45309,0.325,0.328959,0.475,0.475893,400.0,5.06628,0.882383,4.66749,16.416,24.5343,120.391,75.3767,0.985314,0.985314,23.3355,21.3745,36.6327,33.6112,7.93101,4.47068,0.319773,0.462873,2.66508,0.316277,0.8352603771476812
4.0,3.85824,0.375,0.37357,0.475,0.479112,400.0,5.03851,0.824131,4.69669,20.1358,30.1395,120.391,75.3767,0.948063,0.948063,26.1859,22.3955,41.896,36.3726,7.3539,4.14462,0.362135,0.46417,2.63855,-0.682292,0.9537531307325682
4.0,4.27258,0.425,0.419952,0.475,0.48249,400.0,3.13265,0.64266,2.81993,9.43116,16.2775,120.391,75.3767,0.62417,0.62417,10.5043,8.89755,17.0706,14.1101,6.78773,3.81811,0.405412,0.465762,2.618,-1.45565,-1.6924226558315796
4.0,4.58595,0.475,0.464775,0.475,0.489774,400.0,1.70895,0.921858,1.50556,1.31668,2.77482,120.391,75.3767,0.0766561,0.0766561,1.57443,1.27653,2.59475,2.22534,6.16585,3.43369,0.447015,0.470641,2.57741,-2.98361,-2.7015608557380233
4.0,3.4493,0.325,0.329749,0.525,0.523579,400.0,4.36506,0.733374,3.80588,14.3433,22.3637,120.391,75.3767,1.22424,1.22424,20.7076,18.4398,33.3327,31.395,7.89879,4.11521,0.320738,0.50935,2.9232,10.0321,0.5646904054626343
4.0,3.80125,0.375,0.375961,0.525,0.523516,400.0,5.09412,0.702752,4.63305,26.3867,39.3764,120.391,75.3767,1.80201,1.80201,33.3837,29.3073,54.7272,47.353,7.19634,3.77985,0.36384,0.506416,2.82467,6.32362,1.696994299471931
4.0,4.15098,0.425,0.421865,0.525,0.524741,400.0,4.66497,0.71801,4.31692,20.9585,32.0575,120.391,75.3767,1.01586,1.01586,22.0477,18.1474,36.693,30.9587,6.57348,3.45876,0.407012,0.505915,2.75455,3.68403,1.0841859847838236
4.0,4.52015,0.475,0.470626,0.525,0.524642,400.0,7.75211,2.40113,7.04981,9.1892,12.339,120.391,75.3767,0.52673,0.52673,7.824,6.19744,13.1904,10.8901,5.9695,3.14363,0.451052,0.503477,2.68807,1.18169,1.5928988047175874
4.0,3.44895,0.325,0.333731,0.575,0.563306,400.0,4.11784,1.10998,3.43012,5.26728,8.35488,120.391,75.3767,0.591736,0.591736,6.70541,5.80116,11.0152,9.76002,7.77364,3.7843,0.323993,0.547896,3.10692,16.9476,0.4499947974423326
4.0,3.75304,0.375,0.376618,0.575,0.56994,400.0,5.86983,1.16218,4.99152,15.0524,21.6256,120.391,75.3767,1.49557,1.49557,18.9767,15.7592,31.8686,27.4066,7.09951,3.4446,0.364312,0.551729,3.03076,14.0808,2.0205312484827416
4.0,4.11569,0.425,0.422574,0.575,0.571488,400.0,3.52398,0.5994,3.10717,13.182,21.9234,120.391,75.3767,1.08432,1.08432,15.6275,13.4553,26.7219,22.4243,6.5086,3.16008,0.406877,0.550453,2.96956,11.7773,0.03272103347972635
4.0,4.50855,0.475,0.470945,0.575,0.572968,400.0,3.86885,0.982156,3.50877,6.60477,10.6744,120.391,75.3767,0.411363,0.411363,6.40847,5.22037,11.1277,8.87153,5.94939,2.88353,0.451209,0.549275,2.92688,10.1706,0.3449131780999691
4.0,3.99395,0.425,0.422769,0.625,0.615362,400.0,3.65035,1.12745,3.1572,4.05383,6.66901,120.391,75.3767,0.37443,0.37443,3.95061,3.24247,6.90323,5.43949,6.33626,2.84206,0.405099,0.591,3.10159,16.7471,0.4522535830978314
4.0,3.45871,0.325,0.324978,0.525,0.541332,390.0,8.0205,4.57426,7.18548,3.42611,4.56555,107.597,55.8068,0.23628,0.23628,4.81387,4.02036,7.80033,6.81689,8.06842,4.06393,0.316189,0.527762,3.07413,-3.59029,0.9196991313939141
4.0,3.96636,0.375,0.373068,0.525,0.541902,390.0,3.06811,1.46551,2.68958,2.21093,3.84137,107.597,55.8068,0.165815,0.165815,3.51269,2.85982,5.81538,4.77367,7.54915,3.81522,0.361694,0.526312,3.074,-3.59443,-0.46871500508615427
4.0,3.45135,0.325,0.329391,0.575,0.575108,390.0,3.95064,0.695711,3.39424,15.4682,24.8417,107.597,55.8068,1.47559,1.47559,19.9822,17.421,32.9174,29.2401,7.91388,3.75396,0.320304,0.559655,3.21656,0.87642,0.6094623040098917
4.0,3.8459,0.375,0.373776,0.575,0.578167,390.0,3.46288,0.560864,2.93941,18.4048,30.7768,107.597,55.8068,1.70761,1.70761,23.3345,19.1738,39.3047,33.2796,7.32789,3.48434,0.361611,0.560495,3.17392,-0.460816,0.012731872067848987
4.0,4.26891,0.425,0.420387,0.575,0.579899,390.0,4.30663,1.08935,3.8489,8.93796,13.9909,107.597,55.8068,0.573383,0.573383,9.61103,7.8878,16.498,14.4661,6.77148,3.22347,0.40594,0.559372,3.14186,-1.4662,0.799150754503248
4.0,3.45116,0.325,0.330218,0.625,0.623072,390.0,4.86412,0.948384,3.8221,14.0702,21.2683,107.597,55.8068,1.9385,1.9385,17.1813,14.3514,28.8347,25.3026,7.88784,3.40115,0.321036,0.606451,3.47681,9.03834,1.8331613634906951
4.0,3.79937,0.375,0.376072,0.625,0.623822,390.0,2.7818,0.390747,2.22043,20.6464,37.0246,107.597,55.8068,2.56462,2.56462,27.3649,23.0414,47.023,39.8235,7.19038,3.13298,0.36353,0.603461,3.36442,5.51367,-0.7543138818363995
4.0,4.15407,0.425,0.421735,0.625,0.624145,390.0,2.54281,0.428091,2.1864,15.114,27.9124,107.597,55.8068,1.25759,1.25759,17.6203,14.3858,30.8909,24.9176,6.58092,2.88362,0.405913,0.601387,3.28114,2.90185,-1.230263929068919
4.0,4.50898,0.475,0.463904,0.625,0.618179,390.0,3.18685,1.26156,2.60501,3.27218,5.6168,107.597,55.8068,0.348997,0.348997,3.57594,2.81545,6.35424,5.11291,6.09444,2.71129,0.438702,0.585668,3.20672,0.567981,0.031449718390522324
4.0,3.44515,0.325,0.331231,0.675,0.668141,390.0,3.01749,0.700905,2.13808,6.90676,12.0643,107.597,55.8068,1.24586,1.24586,8.83727,7.45572,15.0541,12.9964,7.84364,3.06843,0.322416,0.650293,3.71017,16.3569,0.37843075162809
4.0,3.77263,0.375,0.374755,0.675,0.670528,390.0,3.30421,0.562051,2.56645,14.5965,24.7702,107.597,55.8068,1.90174,1.90174,17.5784,14.13,30.6972,25.9296,7.18031,2.83287,0.362191,0.649351,3.60335,13.007,1.084317076768023
4.0,4.16455,0.425,0.416188,0.675,0.664721,390.0,3.22388,0.871573,2.75568,5.99523,10.2533,107.597,55.8068,0.546384,0.546384,6.93344,5.57197,12.3158,9.7223,6.72443,2.70441,0.398992,0.639588,3.55068,11.3551,0.5593361887966924
4.0,3.46503,0.325,0.32667,0.625,0.636924,380.0,3.44198,1.03728,2.41045,5.00467,8.3847,107.933,61.4134,0.860585,0.860585,7.13745,5.86466,11.9992,10.9119,8.02674,3.34971,0.318343,0.620562,3.60582,-3.10964,0.4111642053130196
4.0,3.94193,0.375,0.37269,0.625,0.638642,380.0,4.07467,1.41955,3.17378,4.26899,6.7927,107.933,61.4134,0.599267,0.599267,5.17662,4.1387,8.91129,7.18176,7.51903,3.14947,0.361507,0.619704,3.60494,-3.13303,0.787407613306199
4.0,3.45316,0.325,0.329923,0.675,0.674094,380.0,3.39192,0.613717,2.53932,12.8635,21.6502,107.933,61.4134,2.21595,2.21595,16.7024,14.2713,28.446,23.5644,7.90081,3.04398,0.320846,0.65595,3.76723,1.2277,1.1187569666323014
4.0,3.8437,0.375,0.373378,0.675,0.676357,380.0,3.34438,0.560612,2.5855,15.455,26.1274,107.933,61.4134,2.23668,2.23668,18.6927,15.6937,32.6337,27.708,7.33413,2.84296,0.361718,0.655516,3.71577,-0.155019,1.2411194233716447
4.0,4.27404,0.425,0.415393,0.675,0.671237,380.0,1.9406,0.609098,1.665,3.89664,7.872,107.933,61.4134,0.318317,0.318317,4.91327,4.09212,8.7283,6.92304,6.89877,2.72081,0.400269,0.647179,3.68628,-0.947508,-1.2211743419245353
4.0,3.44425,0.325,0.328247,0.725,0.717952,380.0,3.79906,0.869789,2.61259,8.45331,13.7377,107.933,61.4134,1.67701,1.67701,10.3861,8.38919,17.8486,14.4963,7.93587,2.74409,0.318518,0.699087,4.02302,8.10102,1.6605191890485536
4.0,3.79753,0.375,0.365181,0.725,0.710411,380.0,3.89635,1.47719,2.8188,3.4065,5.49367,107.933,61.4134,0.731431,0.731431,4.99012,4.48904,8.75191,7.41866,7.48292,2.67184,0.345923,0.687244,3.94306,5.95236,1.0259765762490922
4.0,3.44455,0.375,0.37552,0.375,0.378521,140.0,4.07594,0.605949,3.79532,20.3995,32.4561,131.166,72.0861,1.00359,1.00359,30.8636,28.2557,45.6304,42.5408,6.61398,4.3319,0.362326,0.365151,1.84917,0.590318,-1.3984760560726601
4.0,3.84006,0.425,0.423475,0.375,0.380818,140.0,5.06049,0.93838,4.73953,16.2268,24.2593,131.166,72.0861,0.740321,0.740321,23.4668,21.4463,35.1043,33.1352,6.11148,4.00355,0.407009,0.365793,1.838,-0.016922,0.16844104000552645
4.0,4.19485,0.475,0.470548,0.375,0.383584,140.0,6.7931,2.11659,6.57254,7.74457,10.7259,131.166,72.0861,0.191063,0.191063,8.42301,7.6764,12.6848,11.7728,5.60554,3.66678,0.450207,0.366646,1.82065,-0.96089,0.880421365446927
4.0,3.16827,0.325,0.338412,0.425,0.419478,140.0,4.43241,1.2905,3.99329,4.65986,7.23323,131.166,72.0861,0.397073,0.397073,8.77895,8.45363,13.1978,12.0808,7.07847,4.35945,0.328152,0.406509,2.09322,13.8659,-0.22194961798657706
4.0,3.42593,0.375,0.37779,0.425,0.421787,140.0,6.95708,1.18626,6.36331,22.0535,30.3681,131.166,72.0861,1.32472,1.32472,29.894,26.9693,45.5131,43.1846,6.52942,4.03333,0.366303,0.408459,2.03884,10.9082,1.937753030809687
4.0,3.71612,0.425,0.425056,0.425,0.423253,140.0,5.31169,0.764368,4.98552,26.4934,39.086,131.166,72.0861,1.20384,1.20384,35.5278,31.7211,54.5694,49.1016,5.9123,3.66599,0.407986,0.405805,1.97175,7.25851,0.8774213564728587
4.0,4.00886,0.475,0.472765,0.425,0.425069,140.0,6.92656,1.36102,6.54296,20.2361,27.895,131.166,72.0861,0.764771,0.764771,22.441,19.2616,34.7188,31.0228,5.35522,3.32073,0.451364,0.4054,1.91992,4.43909,1.6581931447041727
4.0,4.31919,0.525,0.520838,0.425,0.42614,140.0,6.96672,2.01075,6.62532,10.3074,14.1889,131.166,72.0861,0.349062,0.349062,9.27126,7.54302,14.3892,11.8446,4.85785,3.00641,0.494674,0.403999,1.88219,2.38666,1.0990205541494524
4.0,4.59714,0.575,0.564401,0.425,0.425448,140.0,3.02011,1.40079,2.85603,2.09679,3.66152,131.166,72.0861,0.0757604,0.0757604,2.18365,1.89626,3.38789,2.89902,4.43119,2.74274,0.52431,0.381969,1.8455,0.390688,-1.3438416569147746
4.0,3.36841,0.375,0.38336,0.475,0.459745,140.0,3.94311,1.41415,3.57009,2.86082,4.59708,131.166,72.0861,0.207652,0.207652,4.15399,3.90345,6.48688,6.00471,6.3036,3.70458,0.369295,0.443526,2.15384,17.1639,-0.3148650335066867
4.0,3.61024,0.425,0.427916,0.475,0.468126,140.0,5.50246,1.29708,5.09219,9.74158,14.236,131.166,72.0861,0.542263,0.542263,13.1967,11.7525,20.9003,18.6999,5.71273,3.33376,0.410043,0.448312,2.10494,14.5036,0.9100559527645387
4.0,3.90905,0.475,0.474149,0.475,0.470455,140.0,4.31478,0.874818,3.92242,10.8655,16.9987,131.166,72.0861,0.767815,0.767815,12.266,11.2,19.6306,17.4348,5.2187,3.04041,0.451696,0.447777,2.06627,12.4004,-0.03302766175219601
4.0,4.27232,0.525,0.521155,0.475,0.470105,140.0,4.2273,1.05088,3.97345,7.13591,11.2313,131.166,72.0861,0.281967,0.281967,6.61312,5.58078,10.6587,9.2012,4.80826,2.80033,0.49219,0.442971,2.05341,11.7008,-0.1989956545723041
4.0,3.76621,0.475,0.474756,0.525,0.510484,140.0,3.8806,1.81186,3.6165,1.86299,3.00813,131.166,72.0861,0.0936849,0.0936849,1.33147,1.14505,2.19002,1.79632,5.04938,2.77488,0.421932,0.47654,2.15829,17.4059,-0.08212849979766149
4.0,3.17414,0.325,0.336394,0.425,0.442112,130.0,4.9011,2.61749,4.30984,1.73763,2.62101,154.833,64.4966,0.116298,0.116298,3.95077,3.42545,6.02885,6.28533,7.14544,4.25289,0.325674,0.428814,2.22398,-3.27981,0.12772924787011522
4.0,3.51687,0.375,0.373637,0.425,0.442773,130.0,3.10823,1.23627,2.74735,2.5893,4.48012,154.833,64.4966,0.198361,0.198361,5.55358,4.80428,8.60259,7.39428,6.77882,4.0427,0.360483,0.428085,2.22146,-3.38939,-1.1405354792876046
4.0,3.98252,0.425,0.423536,0.425,0.442652,130.0,3.10829,1.60963,2.54511,1.57591,2.72669,154.833,64.4966,0.182863,0.182863,3.06049,2.6245,4.81012,4.17108,6.30343,3.77562,0.407318,0.426489,2.21853,-3.5165,-0.871733705938481
4.0,3.17436,0.325,0.338414,0.475,0.474312,130.0,3.77203,0.980767,3.22914,6.04239,9.84103,154.833,64.4966,0.663261,0.663261,11.9552,10.5917,18.6323,15.602,7.09018,4.02019,0.328242,0.459396,2.37266,3.18647,-0.5652469608136519
4.0,3.43372,0.375,0.375535,0.475,0.47603,130.0,4.31606,0.670886,3.7914,18.2434,28.5387,154.833,64.4966,1.66517,1.66517,28.6217,26.8005,45.3007,42.7521,6.59563,3.75545,0.362307,0.459394,2.32086,0.933712,0.06518837728663816
4.0,3.82103,0.425,0.423275,0.475,0.478746,130.0,3.93574,0.677282,3.51582,15.9075,25.5762,154.833,64.4966,1.19483,1.19483,24.0065,20.4666,38.5563,32.1381,6.08939,3.47088,0.406584,0.459915,2.30316,0.163815,-0.45503392875893295
4.0,4.19033,0.475,0.470628,0.475,0.4807,130.0,2.83852,0.625976,2.56762,7.81151,13.9166,154.833,64.4966,0.441837,0.441837,9.1333,7.62102,14.8445,12.8302,5.59804,3.19267,0.449977,0.459558,2.28101,-0.799273,-2.283852256181679
4.0,3.17271,0.325,0.338435,0.525,0.522021,130.0,6.38012,2.38556,5.45603,4.1382,5.82037,154.833,64.4966,0.447372,0.447372,8.21503,7.52532,13.1753,12.4212,7.08643,3.71456,0.3279,0.506398,2.61049,13.5296,1.0183766087166812
4.0,3.42254,0.375,0.376983,0.525,0.523621,130.0,3.41731,0.485549,2.99483,17.8425,29.9601,154.833,64.4966,1.44061,1.44061,26.1226,22.4865,42.6009,37.2209,6.54292,3.45398,0.357415,0.501735,2.53622,10.2997,-0.9901183882918849
4.0,3.72616,0.425,0.425231,0.525,0.523766,130.0,3.55182,0.48503,3.19755,21.9123,36.3542,154.833,64.4966,1.42398,1.42398,30.3293,25.3903,50.2028,42.1065,5.92209,3.15324,0.408146,0.502629,2.44785,6.45654,-0.6967320593417922
4.0,4.0179,0.475,0.471849,0.525,0.524957,130.0,3.04287,0.486624,2.70029,15.2406,26.5498,154.833,64.4966,1.10573,1.10573,18.1744,15.3355,30.4355,25.3832,5.38113,2.87322,0.449848,0.500645,2.38335,3.65121,-1.7937417117674197
4.0,4.37594,0.525,0.513643,0.525,0.519221,130.0,4.94535,1.89441,4.46119,3.6514,5.49388,154.833,64.4966,0.230945,0.230945,3.79296,3.13478,6.38776,5.47199,5.02647,2.71134,0.479724,0.477901,2.35906,2.59487,0.4804943439120095
4.0,3.64685,0.425,0.426215,0.575,0.570072,130.0,4.77461,1.00625,4.02022,11.4384,17.3808,154.833,64.4966,1.11689,1.11689,15.7834,12.8489,26.9207,23.1493,5.79507,2.86523,0.407907,0.545897,2.60196,13.1586,1.2556488580628367
4.0,4.00008,0.475,0.467737,0.575,0.564622,130.0,4.87869,1.46565,4.13491,6.20525,9.3719,154.833,64.4966,0.617278,0.617278,7.85503,6.17638,13.5309,10.6398,5.43209,2.71904,0.438025,0.53379,2.57473,11.9743,0.8818985510221264
4.0,3.17614,0.325,0.337341,0.525,0.535435,120.0,2.53195,0.930685,2.11706,2.91605,5.39292,88.5775,67.6945,0.29248,0.29248,6.186,5.25212,10.0054,8.44895,7.12314,3.65132,0.327131,0.519794,2.68914,-2.61911,-1.4089089652393847
4.0,3.49202,0.375,0.373587,0.525,0.537975,120.0,8.1346,3.42613,6.60028,5.83054,7.74542,88.5775,67.6945,0.724636,0.724636,9.0331,7.51644,14.854,12.9993,6.73807,3.45179,0.360229,0.520697,2.68179,-2.88537,1.2696815183641408
4.0,3.96395,0.425,0.423916,0.525,0.537552,120.0,2.76984,0.982276,2.32523,3.42914,6.158,88.5775,67.6945,0.339569,0.339569,5.5526,4.56971,9.28808,7.50967,6.26992,3.2362,0.408299,0.51758,2.68075,-2.92295,-1.029490464913871
4.0,3.16859,0.325,0.337946,0.575,0.573931,120.0,9.36724,4.31177,7.51218,5.35132,6.89985,88.5775,67.6945,0.725992,0.725992,9.41731,7.93079,15.5565,13.633,7.09204,3.39033,0.327861,0.555912,2.87148,3.98387,1.3550461010620416
4.0,3.42917,0.375,0.375598,0.575,0.575018,120.0,3.92022,0.648792,3.31467,17.7661,28.5986,88.5775,67.6945,1.7925,1.7925,24.7677,20.7694,41.6479,35.4902,6.58626,3.17486,0.362424,0.555159,2.80097,1.4304,0.6805049466139426
4.0,3.81272,0.425,0.423132,0.575,0.577738,120.0,3.57266,0.62074,3.07007,15.2702,25.2886,88.5775,67.6945,1.3895,1.3895,20.4537,17.145,35.0503,29.6541,6.08084,2.93878,0.406588,0.555422,2.77615,0.531731,0.1986369611179277
4.0,4.19348,0.475,0.467328,0.575,0.575231,120.0,4.38864,1.32985,3.85362,6.10953,9.51086,88.5775,67.6945,0.484346,0.484346,6.8899,5.54055,11.9623,9.66215,5.66346,2.76246,0.44619,0.549414,2.75351,-0.288154,0.6669874397032894
4.0,3.17474,0.325,0.338705,0.625,0.624127,120.0,4.24036,1.48856,2.70802,3.67017,5.77127,88.5775,67.6945,0.859148,0.859148,6.92406,5.96406,11.6883,10.727,7.08289,3.06616,0.328648,0.605681,3.122,13.0559,0.7620568129099958
4.0,3.42418,0.375,0.37685,0.625,0.62372,120.0,3.79981,0.658178,2.85126,14.6097,23.7411,88.5775,67.6945,2.25487,2.25487,20.8412,17.6395,35.9133,32.5169,6.54892,2.87751,0.36367,0.602029,3.02525,9.55228,1.1008650997712341
4.0,3.76197,0.425,0.42014,0.625,0.61835,120.0,4.28729,0.902602,3.37822,11.0473,17.3156,88.5775,67.6945,1.69113,1.69113,15.2898,13.2961,26.7773,22.9199,6.07335,2.72517,0.40229,0.593161,2.95424,6.98099,1.3012513525043148
4.0,3.38698,0.375,0.371509,0.675,0.660096,120.0,5.91525,2.33033,4.62734,4.16545,5.97252,88.5775,67.6945,0.725699,0.725699,4.69312,3.86596,8.19986,6.35042,6.61356,2.69311,0.344245,0.634955,3.21158,16.2997,1.345443922792058
4.0,3.47947,0.375,0.373917,0.625,0.633141,110.0,4.25227,1.51117,3.05198,6.86577,10.7874,46.6482,49.077,1.27993,1.27993,11.7373,9.64739,20.2504,16.7388,6.70912,2.87316,0.360849,0.612278,3.14311,-2.46504,0.8289423446691181
4.0,3.92318,0.425,0.420111,0.625,0.63088,110.0,6.98808,3.90932,5.59818,4.21101,5.7925,46.6482,49.077,0.585034,0.585034,6.10777,5.08376,10.7327,9.10902,6.29761,2.7366,0.403341,0.607549,3.14306,-2.46632,1.017253896788264
4.0,3.1738,0.325,0.338343,0.675,0.671334,110.0,5.33703,2.63989,4.20102,3.74449,5.51715,46.6482,49.077,0.526697,0.526697,6.7349,5.76975,11.5772,10.4729,7.09125,2.77257,0.327898,0.651007,3.36141,4.30923,0.9921615372533108
4.0,3.40914,0.375,0.369993,0.675,0.66413,110.0,8.18526,3.55372,6.86123,8.24027,10.9316,46.6482,49.077,0.874987,0.874987,10.1783,8.2702,17.7862,15.0434,6.68951,2.69526,0.354302,0.640856,3.26637,1.3602,1.5299806667077418
4.0,3.2993,0.375,0.380713,0.375,0.374775,350.0,5.29414,0.975652,4.88828,11.845,17.4907,167.857,90.7974,0.705069,0.705069,20.704,19.6365,30.2877,29.1328,6.25228,4.1124,0.366674,0.360468,1.72947,2.47986,0.364286583075381
4.0,3.58854,0.425,0.424283,0.375,0.378608,350.0,6.91254,1.18948,6.54814,18.6987,25.7882,167.857,90.7974,0.746722,0.746722,25.7417,23.7944,37.9992,36.0707,5.75378,3.78437,0.406933,0.362481,1.70429,0.98774,1.6828573219579095
4.0,3.96891,0.475,0.47284,0.375,0.380275,350.0,4.41382,0.777426,4.1943,11.983,18.6233,167.857,90.7974,0.466988,0.466988,17.0694,16.1475,25.3702,23.7839,5.30767,3.49257,0.450952,0.362037,1.69785,0.606058,-0.6837308769478234
4.0,4.28964,0.525,0.520405,0.375,0.382716,350.0,7.27631,2.41626,6.89326,5.91059,8.05306,167.857,90.7974,0.230915,0.230915,6.3499,5.72527,9.46486,8.76072,4.83783,3.18127,0.493971,0.362747,1.67862,-0.533182,0.930309372771687
4.0,3.29754,0.375,0.382428,0.425,0.419121,350.0,6.23269,1.43009,5.69574,7.75298,10.9688,167.857,90.7974,0.48938,0.48938,11.9201,11.2412,17.9822,17.83,6.2108,3.8467,0.367999,0.403246,1.92553,14.0978,1.091369724396922
4.0,3.54324,0.425,0.426319,0.425,0.421965,350.0,6.7695,1.11531,6.05133,17.4038,24.1238,167.857,90.7974,1.38246,1.38246,22.7487,21.5472,34.6474,34.3092,5.6538,3.51369,0.408523,0.403747,1.8683,10.7064,1.9029370093031768
4.0,3.81035,0.475,0.474645,0.425,0.423287,350.0,4.59965,0.65778,4.25723,18.5499,28.488,167.857,90.7974,1.02054,1.02054,24.9316,22.2883,38.1889,34.0168,5.10247,3.18331,0.451739,0.402202,1.80956,7.22568,-0.12040193597128339
4.0,4.08458,0.525,0.521573,0.425,0.424675,350.0,6.80284,1.47268,6.34255,13.0188,18.0242,167.857,90.7974,0.743758,0.743758,15.4608,13.8103,23.7662,20.5761,4.63002,2.89011,0.493333,0.400418,1.77049,4.91078,1.387222697896979
4.0,4.43504,0.575,0.56382,0.425,0.419642,350.0,5.63402,2.2968,5.19121,3.1615,4.59117,167.857,90.7974,0.170395,0.170395,3.52309,2.92435,5.40541,4.54845,4.31344,2.71072,,,1.75774,4.1553,0.30544944548949743
4.0,3.46222,0.425,0.431941,0.475,0.461438,350.0,5.04444,1.63207,5.01825,2.9891,4.47266,167.857,90.7974,0.016167,0.016167,3.55409,3.69181,5.57552,5.34437,5.43858,3.21525,0.412391,0.44073,1.97076,16.7778,0.41302747062738654
4.0,3.67829,0.475,0.476876,0.475,0.46877,350.0,4.69135,1.11228,4.0464,6.77818,10.3511,167.857,90.7974,0.664922,0.664922,9.61242,8.61301,15.2454,13.9513,4.92,2.8939,0.452343,0.444756,1.92619,14.1364,0.3037085178523949
4.0,3.30675,0.375,0.377964,0.425,0.439944,340.0,5.41727,2.00193,4.75934,3.99615,5.86431,163.336,72.9859,0.334102,0.334102,7.85482,6.81386,12.0545,10.8163,6.32647,3.79332,0.364021,0.424534,2.05131,-2.86288,0.4413813201415229
4.0,3.6927,0.425,0.423123,0.425,0.440702,340.0,6.77558,3.03324,6.32302,3.3259,4.60911,163.336,72.9859,0.163401,0.163401,5.97952,5.38647,9.29767,8.61251,5.91753,3.55902,0.406733,0.423176,2.04933,-2.9569,0.7433197779870424
4.0,4.1196,0.475,0.472474,0.425,0.440505,340.0,5.31187,2.70512,5.10782,2.26794,3.34588,163.336,72.9859,0.0632372,0.0632372,3.52932,2.92343,5.54203,4.5029,5.48269,3.31148,0.452202,0.421037,2.0465,-3.0907,0.275859806353217
4.0,3.29911,0.375,0.381362,0.475,0.47375,340.0,3.41654,0.64999,2.89494,10.0211,16.8282,163.336,72.9859,1.03691,1.03691,18.67,16.2063,29.38,25.3225,6.23742,3.5624,0.367527,0.456198,2.18521,3.47774,-1.3357966098116647
4.0,3.58073,0.425,0.424564,0.475,0.476249,340.0,5.44271,0.964,4.95359,16.4352,24.0882,163.336,72.9859,1.08335,1.08335,23.9874,21.6083,38.2522,35.1222,5.73765,3.28902,0.40716,0.456423,2.14068,1.36927,1.2271802127473204
4.0,3.94545,0.475,0.472737,0.475,0.478265,340.0,4.09472,0.773974,3.70917,12.559,19.9543,163.336,72.9859,0.778882,0.778882,17.7184,14.8043,28.581,24.1812,5.28361,3.03406,0.451095,0.456188,2.12642,0.693976,-0.24407163767223694
4.0,4.29009,0.525,0.518813,0.475,0.477626,340.0,4.65136,1.49822,4.31965,5.24814,8.0341,163.336,72.9859,0.218744,0.218744,6.2887,4.9643,10.2136,8.60448,4.86237,2.80646,0.491776,0.4518,2.10434,-0.351779,0.18505825083617045
4.0,3.29663,0.375,0.382074,0.525,0.521777,340.0,7.16658,2.02015,5.84689,7.43526,10.1666,163.336,72.9859,1.05581,1.05581,11.3332,10.4907,18.4135,17.4531,6.21747,3.28801,0.367571,0.502372,2.40127,13.7088,1.6125589613148994
4.0,3.54557,0.425,0.425962,0.525,0.522741,340.0,4.44244,0.702689,3.97819,15.7119,24.3726,163.336,72.9859,1.15255,1.15255,20.7508,18.2189,34.2215,30.4308,5.66413,3.02434,0.40811,0.500689,2.32057,9.88757,0.7782118995219113
4.0,3.83977,0.475,0.472007,0.525,0.521517,340.0,5.20308,1.03149,4.62332,13.4391,19.9387,163.336,72.9859,1.06239,1.06239,18.7334,15.8921,31.219,26.5263,5.17769,2.7914,0.448875,0.49589,2.26189,7.10861,1.2248237753037048
4.0,4.25527,0.525,0.51263,0.525,0.515801,340.0,6.37775,3.31887,5.40891,2.52517,3.55197,163.336,72.9859,0.240258,0.240258,3.3625,2.7615,5.63319,4.93472,4.92773,2.68352,0.471027,0.462498,2.2831,8.11321,0.6991902848936895
4.0,3.46726,0.425,0.426899,0.575,0.564449,340.0,5.28943,1.79902,4.64612,4.44833,6.57014,163.336,72.9859,0.293052,0.293052,5.74423,4.56011,9.75028,8.83167,5.54057,2.77704,0.405929,0.539786,2.44562,15.809,0.9640609657332515
4.0,3.30497,0.375,0.378666,0.525,0.533183,330.0,4.62975,1.3559,4.0653,6.2178,9.53116,86.0119,112.713,0.508567,0.508567,11.4545,9.64923,18.7374,16.0953,6.30754,3.26533,0.365057,0.514136,2.48183,-2.13303,0.5979061574551423
4.0,3.66698,0.425,0.42302,0.525,0.534945,330.0,3.42536,0.947102,2.98948,5.62083,9.43126,86.0119,112.713,0.46363,0.46363,9.60857,8.18685,15.9892,13.8043,5.88454,3.05718,0.405975,0.513399,2.47238,-2.50563,-0.39367540841494253
4.0,4.09959,0.475,0.472868,0.525,0.534587,330.0,3.08683,1.19105,2.62087,3.16651,5.49093,86.0119,112.713,0.281532,0.281532,5.36726,4.3523,9.05451,7.59303,5.45267,2.85094,0.451499,0.510755,2.47063,-2.5746,-0.6326809526221917
4.0,3.29859,0.375,0.38111,0.575,0.573581,330.0,5.63991,1.39837,4.30785,9.38588,13.6265,86.0119,112.713,1.43062,1.43062,14.3054,11.8467,24.0452,20.979,6.24239,3.01261,0.36702,0.552415,2.64897,4.45808,1.5398939574165889
4.0,3.57409,0.425,0.423424,0.575,0.574315,330.0,4.77941,0.936313,3.96514,14.1655,21.5187,86.0119,112.713,1.55386,1.55386,20.0506,16.5311,34.2706,29.2988,5.74995,2.80479,0.405402,0.550419,2.58547,1.95398,1.393512979352711
4.0,3.99293,0.475,0.467705,0.575,0.567428,330.0,5.24208,1.71445,4.31695,5.025,7.44006,86.0119,112.713,0.641585,0.641585,7.17877,6.31417,12.3942,11.0321,5.4257,2.69336,0.441827,0.538562,2.58366,1.88255,0.9795138374667047
4.0,3.29359,0.375,0.380273,0.625,0.620779,330.0,6.68372,2.0298,5.8873,6.60181,9.1794,86.0119,112.713,0.483252,0.483252,9.26726,7.57657,15.9636,14.0135,6.25304,2.75635,0.36584,0.59852,2.86942,13.1511,1.7670624699698108
4.0,3.56315,0.425,0.416602,0.625,0.612031,330.0,6.1918,2.39109,4.47005,3.84491,5.44878,86.0119,112.713,0.775025,0.775025,5.74392,5.09923,10.0144,9.16372,5.87135,2.66752,0.383703,0.580407,2.79253,10.1189,1.266965429767389
4.0,3.29775,0.375,0.377795,0.625,0.625711,320.0,4.55013,1.26446,3.57166,5.94189,9.15364,102.643,72.8146,0.819789,0.819789,9.97063,8.41692,17.2063,15.316,6.31549,2.75519,0.363798,0.603257,2.91418,-1.5501,1.1803142777216655
4.0,3.64561,0.425,0.416381,0.625,0.618873,320.0,1.86011,0.795653,0.895717,1.92967,3.95372,102.643,72.8146,0.516896,0.516896,4.44959,3.60495,7.77973,6.50717,5.99215,2.67222,0.391279,0.590947,2.89036,-2.35479,-1.5669169486700956
4.75,4.16697,0.375,0.377678,0.375,0.380602,180.0,4.13238,0.627627,3.9908,9.62531,15.2515,227.573,140.285,0.226525,0.226525,12.8484,11.4569,19.5815,17.9486,7.7525,5.02719,0.36667,0.369267,2.23879,-0.121414,-0.9335566121999865
4.75,4.60083,0.425,0.423606,0.375,0.383649,180.0,5.13932,0.839446,4.94315,10.1462,15.1041,227.573,140.285,0.276515,0.276515,12.7831,11.4758,19.7234,18.1891,7.14479,4.62777,0.409452,0.37067,2.22058,-0.933643,0.5137889420868393
4.75,5.01085,0.475,0.469479,0.375,0.386845,180.0,3.70357,0.897961,3.53684,3.92181,6.42319,227.573,140.285,0.123646,0.123646,4.77833,4.27311,7.43007,6.66864,6.5484,4.23095,0.452321,0.372321,2.20062,-1.82421,-1.1586447269494733
4.75,5.36951,0.525,0.51689,0.375,0.392077,180.0,2.60149,1.24884,2.43342,0.885829,1.62371,227.573,140.285,0.0400721,0.0400721,0.823318,0.704809,1.28885,1.00111,5.90392,3.79014,0.49582,0.375859,2.17098,-3.14627,-1.7772591730620195
4.75,4.16513,0.375,0.379232,0.425,0.42303,180.0,3.72479,0.493887,3.47996,9.74833,15.938,227.573,140.285,0.465227,0.465227,13.8343,13.1742,21.5835,21.0319,7.70502,4.7052,0.367809,0.410154,2.47845,10.5708,-1.4702575261313897
4.75,4.54325,0.425,0.425469,0.425,0.423331,180.0,4.76371,0.567764,4.46373,16.3259,24.8235,227.573,140.285,0.741004,0.741004,21.2801,19.1408,33.5398,30.6976,7.02147,4.30559,0.411455,0.408969,2.41107,7.56452,0.540633242558619
4.75,4.90475,0.475,0.472196,0.425,0.423919,180.0,5.14779,0.760457,4.89217,12.0433,17.9201,227.573,140.285,0.438434,0.438434,13.4345,12.0407,21.3253,19.3456,6.36763,3.91027,0.454449,0.407113,2.34798,4.75008,0.8422479007406524
4.75,5.28941,0.525,0.520443,0.425,0.424346,180.0,5.09195,1.18654,4.84934,5.02752,7.50333,227.573,140.285,0.157951,0.157951,5.00186,4.30049,7.97397,7.18701,5.75883,3.53256,0.498713,0.405646,2.29956,2.58991,0.40194895907811523
4.75,4.16288,0.375,0.385303,0.475,0.458126,180.0,5.14732,1.86103,4.5823,1.57855,2.34891,227.573,140.285,0.125261,0.125261,2.09821,1.96985,3.33786,3.28817,7.52761,4.37046,0.372902,0.444171,2.64064,17.8063,0.5085024121037046
4.75,4.47788,0.425,0.428133,0.475,0.465151,180.0,4.38706,0.829133,4.1181,5.79792,9.02673,227.573,140.285,0.249621,0.249621,7.69915,6.84265,12.4225,11.2425,6.86796,3.96707,0.413045,0.4487,2.59486,15.7639,0.27494393028553143
4.75,4.84036,0.475,0.472847,0.475,0.469165,180.0,5.87742,1.16548,5.47607,6.8026,9.76996,227.573,140.285,0.337778,0.337778,7.47061,6.74279,12.1905,11.3217,6.27999,3.61188,0.454426,0.450692,2.56071,14.2406,1.4562013718382352
4.75,5.27411,0.525,0.520993,0.475,0.471299,180.0,3.18105,0.74624,2.91855,3.39946,5.83865,227.573,140.285,0.186741,0.186741,3.6068,3.04756,5.94166,4.89204,5.73335,3.28431,0.498613,0.451086,2.54446,13.5156,-1.4604044018663596
4.75,3.87165,0.325,0.344936,0.475,0.473652,170.0,3.67195,1.86242,3.32499,0.672689,1.10464,261.768,150.52,0.0467258,0.0467258,1.43585,1.31387,2.27692,2.05258,8.23653,4.63354,0.335875,0.460509,2.83618,1.13402,-0.23585931296070323
4.75,4.16513,0.375,0.377884,0.475,0.476495,170.0,3.98385,0.566054,3.73723,9.518,15.2473,261.768,150.52,0.446446,0.446446,12.8313,11.5551,20.6265,18.0058,7.74342,4.35573,0.36677,0.462502,2.8021,-0.0812876,-0.1463925474601971
4.75,4.59923,0.425,0.423708,0.475,0.479726,170.0,5.90605,0.978955,5.50711,10.7588,15.4325,261.768,150.52,0.490297,0.490297,13.3563,11.2993,21.8041,19.083,7.14019,4.01403,0.409496,0.463887,2.77716,-0.970476,1.8968709695557633
4.75,5.01198,0.475,0.469546,0.475,0.484001,170.0,3.3369,0.687011,3.11403,4.67097,7.90206,261.768,150.52,0.2096,0.2096,5.20138,4.29509,8.59672,6.82836,6.54783,3.66754,0.452471,0.465921,2.75555,-1.74109,-1.0616807363685374
4.75,3.87332,0.325,0.345023,0.525,0.523889,170.0,2.95129,1.52881,2.47472,0.465952,0.819724,261.768,150.52,0.0611363,0.0611363,1.04748,1.05347,1.70146,1.60648,8.23684,4.2533,0.336046,0.508984,3.13831,11.9075,-0.5032021513907274
4.75,4.16541,0.375,0.379158,0.525,0.523668,170.0,5.40415,0.867671,4.79994,8.56992,12.5845,261.768,150.52,0.679666,0.679666,11.2089,10.1867,18.452,17.5039,7.70735,4.00961,0.368039,0.507553,3.07062,9.49376,1.963735127850881
4.75,4.54295,0.425,0.425732,0.525,0.523847,170.0,4.74816,0.626783,4.31855,13.0904,19.9223,261.768,150.52,0.780184,0.780184,17.2178,14.6363,28.7662,25.3987,7.01464,3.67457,0.410628,0.505331,2.98331,6.38042,1.6627160829388645
4.75,4.90649,0.475,0.47183,0.525,0.523894,170.0,3.95411,0.548686,3.62797,10.2655,16.4819,261.768,150.52,0.534625,0.534625,11.1571,9.32702,18.8694,16.3767,6.37811,3.3526,0.453838,0.50388,2.90708,3.66199,0.3652019314095938
4.75,5.29188,0.525,0.520817,0.525,0.524593,170.0,3.19167,0.649507,2.99198,4.34567,7.45589,261.768,150.52,0.163721,0.163721,4.10649,3.32059,7.01977,5.77405,5.75408,3.0203,0.49893,0.502127,2.84395,1.41105,-1.0109798278096789
4.75,4.15987,0.375,0.381328,0.575,0.56327,170.0,4.47406,1.0827,4.04119,3.19668,4.94859,261.768,150.52,0.218089,0.218089,4.36435,3.8597,7.32482,6.5759,7.63654,3.70733,0.369941,0.546588,3.27975,16.9511,1.0072562906392641
4.75,4.50346,0.425,0.426472,0.575,0.569508,170.0,3.66495,0.613191,3.25088,7.02028,11.535,261.768,150.52,0.499481,0.499481,10.2795,8.40677,17.5916,14.5955,6.94309,3.36052,0.411986,0.550154,3.20932,14.4396,0.528746886922039
4.75,4.86946,0.475,0.472564,0.575,0.57213,170.0,4.19053,0.701049,3.69564,7.15533,11.2909,261.768,150.52,0.539483,0.539483,8.19961,6.73459,14.249,11.9994,6.31958,3.05604,0.4542,0.54995,3.14573,12.172,1.1773110393608799
4.75,5.28139,0.525,0.519213,0.575,0.571887,170.0,2.84974,0.628671,2.65373,3.14866,5.60232,261.768,150.52,0.141615,0.141615,3.10355,2.61527,5.46255,4.43545,5.77501,2.79517,0.495964,0.54636,3.10453,10.7029,-0.9662160185228856
4.75,4.42225,0.425,0.434374,0.625,0.610172,170.0,1.32327,0.619938,0.834963,0.617264,1.41433,261.768,150.52,0.101761,0.101761,0.995173,0.833943,1.73998,1.64157,6.64431,2.99391,0.418266,0.588343,3.31534,18.22,-2.732492264255328
4.75,4.74733,0.475,0.472191,0.625,0.612275,170.0,2.87333,0.863866,2.62505,1.69311,3.00448,261.768,150.52,0.0841123,0.0841123,1.81782,1.44653,3.22484,2.62424,6.18955,2.7831,0.448853,0.586694,3.28459,17.1234,-0.190617699588345
4.75,4.17544,0.375,0.373816,0.525,0.543243,160.0,2.36732,1.02903,2.2014,1.14574,2.1665,197.632,109.779,0.0624285,0.0624285,1.9015,1.76607,3.15441,2.54755,7.87882,3.94645,0.363541,0.528032,3.2381,-3.80713,-1.1462150280769974
4.75,4.72762,0.425,0.423373,0.525,0.543132,160.0,4.71316,2.35378,4.27851,1.3202,2.01343,197.632,109.779,0.0721997,0.0721997,1.31513,1.00205,2.22143,1.7523,7.32278,3.68957,0.410329,0.526129,3.23629,-3.8607,0.49252843698166265
4.75,4.16733,0.375,0.37839,0.575,0.575181,160.0,4.14373,0.731314,3.63554,8.19142,12.9689,197.632,109.779,0.697425,0.697425,10.6401,9.46453,17.9321,16.2901,7.73232,3.66177,0.367213,0.558235,3.38119,0.443697,1.1688488566326674
4.75,4.58853,0.425,0.423636,0.575,0.578056,160.0,3.69533,0.60326,3.19603,9.62405,15.7732,197.632,109.779,0.787963,0.787963,11.8025,9.70712,20.2692,17.5259,7.12725,3.38167,0.409694,0.559159,3.34067,-0.759932,0.701870321027243
4.75,5.00806,0.475,0.46974,0.575,0.581187,160.0,3.7573,0.874548,3.45053,4.65459,7.58982,197.632,109.779,0.2365,0.2365,4.68782,3.96484,8.18431,7.28236,6.53904,3.09732,0.452517,0.559542,3.30622,-1.78329,0.533192606948493
4.75,4.16057,0.375,0.378785,0.625,0.623579,160.0,3.41221,0.603307,2.75669,7.04067,11.8278,197.632,109.779,0.89812,0.89812,9.35568,7.93761,16.0529,13.492,7.71048,3.31394,0.36751,0.605552,3.65687,8.63324,0.8462129659541985
4.75,4.54137,0.425,0.42564,0.625,0.624204,160.0,3.53125,0.527223,2.95003,11.1047,18.4567,197.632,109.779,1.10259,1.10259,14.2599,11.5504,24.9692,20.9635,7.01467,3.04517,0.411328,0.60309,3.55537,5.61794,1.1919469009256203
4.75,4.90211,0.475,0.470375,0.625,0.62288,160.0,2.83665,0.483805,2.37996,7.52882,13.4158,197.632,109.779,0.758596,0.758596,8.47295,7.03564,15.0827,12.3163,6.40437,2.80448,0.451596,0.598473,3.4651,2.93642,-0.2417907988941509
4.75,4.15791,0.375,0.380151,0.675,0.669502,160.0,2.65548,0.557342,2.01311,4.14529,7.54727,197.632,109.779,0.646169,0.646169,5.4911,4.69803,9.55721,7.89774,7.66694,2.98171,0.367863,0.649802,3.90964,16.1423,0.2057226067191598
4.75,4.51994,0.425,0.423375,0.675,0.669044,160.0,4.02702,0.845997,3.319,6.1217,9.77497,197.632,109.779,0.728566,0.728566,8.27829,6.89446,14.7047,12.1253,7.04154,2.77571,0.407877,0.646297,3.81316,13.2761,1.746610632726101
4.75,4.93541,0.475,0.46239,0.675,0.661595,160.0,2.57508,1.03546,2.06556,1.24171,2.28368,197.632,109.779,0.15952,0.15952,1.78433,1.52127,3.21201,2.6006,6.62116,2.66857,0.409388,0.614371,3.76991,11.9912,-0.06146626999264117
4.75,4.16789,0.375,0.37444,0.625,0.639374,150.0,1.92797,0.574708,1.55675,2.10355,4.25884,185.963,109.477,0.207411,0.207411,3.10337,2.57835,5.33679,4.82019,7.84754,3.25079,0.364068,0.621576,3.79881,-3.29198,-1.4794699390643178
4.75,4.69888,0.425,0.422658,0.625,0.63948,150.0,3.16752,1.13469,2.60445,1.67501,2.88078,185.963,109.477,0.207655,0.207655,2.0393,1.75808,3.57996,2.93844,7.30264,3.04588,0.40884,0.619319,3.79458,-3.39981,0.3393306590520491
4.75,3.86914,0.325,0.344853,0.675,0.674053,150.0,1.11116,0.86322,0.0742638,0.36652,0.887351,185.963,109.477,0.14725,0.14725,0.84053,0.70198,1.43547,1.27355,8.23448,3.13559,0.336092,0.654946,4.03768,2.78886,-1.6365550539808393
4.75,4.16523,0.375,0.378711,0.675,0.6752,150.0,2.94271,0.471602,2.49088,7.61781,13.4142,185.963,109.477,0.77758,0.77758,9.01784,7.75024,15.6996,13.0976,7.72031,2.95904,0.367353,0.654997,3.96515,0.942379,0.9445206174731524
4.75,4.58555,0.425,0.421852,0.675,0.674535,150.0,2.77366,0.470032,2.22512,7.04943,12.6536,185.963,109.477,0.839838,0.839838,8.68648,7.25708,15.4334,13.1299,7.1675,2.78093,0.407173,0.652035,3.91317,-0.380814,0.5670558285852197
4.75,5.03167,0.475,0.462611,0.675,0.664921,150.0,6.53127,3.61189,5.11145,1.47782,2.0665,185.963,109.477,0.183159,0.183159,1.36055,0.982683,2.44921,1.859,6.72922,2.68013,0.430322,0.628033,3.86069,-1.71675,1.0844364430711142
4.75,3.87352,0.325,0.345017,0.725,0.722519,150.0,0.24124,0.440091,0.0405178,0.268453,0.917286,185.963,109.477,0.0367664,0.0367664,0.637686,0.517957,1.0988,0.798256,8.2379,2.76634,0.336044,0.704275,4.33086,10.2525,-4.350223200917636
4.75,4.14115,0.375,0.375145,0.725,0.714425,150.0,3.37168,0.829095,2.74866,3.49471,5.89291,185.963,109.477,0.412386,0.412386,4.226,3.48331,7.41037,6.08594,7.78403,2.70786,0.362193,0.693713,4.21128,7.2083,1.4125564024694635
4.75,4.15468,0.375,0.389627,0.375,0.376968,300.0,6.13439,1.97474,5.66228,2.46526,3.50189,284.343,183.995,0.116996,0.116996,3.81599,3.1372,5.79055,5.09631,7.39278,4.81565,0.377879,0.365245,2.14258,0.886901,0.7086893330193968
4.75,4.4579,0.425,0.425408,0.375,0.379706,300.0,5.74789,0.96206,5.41878,8.30187,11.9927,284.343,183.995,0.337396,0.337396,11.0646,9.88748,16.9436,15.6713,6.90685,4.4963,0.410787,0.366542,2.1207,-0.143499,1.0586316227351331
4.75,4.89364,0.475,0.473681,0.375,0.382574,300.0,4.78404,0.815745,4.54254,7.1292,10.8269,284.343,183.995,0.249923,0.249923,9.34467,8.22714,14.424,13.0421,6.32142,4.11151,0.455652,0.367774,2.10562,-0.853426,0.013542688788738443
4.75,5.2824,0.525,0.520243,0.375,0.386391,300.0,3.76409,0.916742,3.56589,2.94359,4.79719,284.343,183.995,0.116848,0.116848,3.29833,2.99681,5.11677,4.50755,5.75689,3.73236,0.498385,0.369703,2.09056,-1.56256,-1.1976909585227824
4.75,5.60633,0.575,0.567935,0.375,0.391431,300.0,1.49065,0.8432,1.39561,0.515053,1.13544,284.343,183.995,0.0170741,0.0170741,0.646996,0.564047,1.00551,0.880492,5.14987,3.31638,0.541273,0.372978,2.05913,-3.04252,-4.173529479967153
4.75,4.1561,0.375,0.390384,0.425,0.422219,300.0,9.70239,4.08958,9.20198,1.99621,2.55577,284.343,183.995,0.0809491,0.0809491,3.15868,2.90693,4.92086,4.61157,7.37441,4.50438,0.378554,0.408564,2.39697,12.8655,1.2836016191964048
4.75,4.45247,0.425,0.427625,0.425,0.423025,300.0,4.8475,0.663751,4.53028,8.77516,13.2772,284.343,183.995,0.448946,0.448946,11.9069,11.3844,18.7139,18.0282,6.84594,4.19653,0.412821,0.407274,2.34916,10.614,0.5860433474826414
4.75,4.8091,0.475,0.475115,0.425,0.423395,300.0,5.17632,0.686584,4.8978,11.4995,17.0852,284.343,183.995,0.446242,0.446242,14.9898,13.3241,23.7109,21.4355,6.19888,3.81536,0.456811,0.406632,2.28534,7.60917,0.966075584977533
4.75,5.14044,0.525,0.522615,0.425,0.424365,300.0,4.92329,0.768656,4.67583,8.72414,13.1427,284.343,183.995,0.294006,0.294006,9.96226,8.41327,15.8106,13.6918,5.58075,3.43787,0.49987,0.405298,2.22532,4.7828,0.4001576794060407
4.75,4.41132,0.425,0.432612,0.475,0.458908,300.0,8.82205,3.73737,8.32166,1.68367,2.19793,284.343,183.995,0.0572199,0.0572199,1.90113,1.66085,3.05273,2.96204,6.67184,3.89114,0.417052,0.442375,2.49595,17.5261,1.2349047875553019
4.75,4.71468,0.475,0.477575,0.475,0.465856,300.0,4.99126,1.05301,4.54747,4.14029,6.21346,284.343,183.995,0.255429,0.255429,5.39237,4.75103,8.75664,7.96434,6.04368,3.50547,0.458314,0.44697,2.45239,15.4751,0.742785640158092
4.75,5.06125,0.525,0.523483,0.475,0.469212,300.0,5.35937,1.09497,4.97153,4.95495,7.29243,284.343,183.995,0.251165,0.251165,5.53978,4.80189,9.074,8.03859,5.49098,3.17307,0.500078,0.447742,2.41838,13.8735,0.9799476252516688
4.75,5.46102,0.575,0.57111,0.475,0.471375,300.0,6.66675,2.02169,6.20326,2.90038,4.0353,284.343,183.995,0.142505,0.142505,2.81498,2.37121,4.63873,3.96772,4.98501,2.86864,0.542604,0.446529,2.40341,13.1686,1.1014580619803582
4.75,4.15132,0.375,0.389553,0.475,0.474756,290.0,2.26684,0.655191,1.81847,1.69222,3.24623,287.998,164.403,0.225236,0.225236,3.55779,3.19098,5.71267,4.74414,7.38975,4.16506,0.378004,0.459615,2.69887,1.58841,-2.7615807281043803
4.75,4.4562,0.425,0.426004,0.475,0.476465,290.0,5.47747,0.922973,5.1013,8.34155,12.2049,287.998,164.403,0.393118,0.393118,11.0022,9.67067,17.8757,16.3821,6.89005,3.89425,0.411316,0.46021,2.65866,0.0745811,1.5219203214858323
4.75,4.8806,0.475,0.473365,0.475,0.479819,290.0,5.0793,0.892633,4.84803,7.61475,11.3725,287.998,164.403,0.240421,0.240421,9.55883,8.13608,15.7268,13.5639,6.31403,3.56666,0.45556,0.46122,2.63792,-0.706124,1.096055324128631
4.75,5.27863,0.525,0.519806,0.475,0.482435,290.0,3.74724,0.986449,3.51275,2.85384,4.65732,287.998,164.403,0.12643,0.12643,3.523,3.06451,5.85692,4.99455,5.76183,3.25053,0.497939,0.462025,2.61262,-1.65826,-0.4404984559752682
4.75,4.15514,0.375,0.390136,0.525,0.523706,290.0,5.11108,1.79549,4.3461,1.53232,2.28456,287.998,164.403,0.16961,0.16961,2.59794,2.34282,4.28398,3.90681,7.37975,3.83465,0.378213,0.508007,2.97616,12.0256,0.7875984272756248
4.75,4.449,0.425,0.427297,0.525,0.523693,290.0,3.83988,0.585583,3.51312,7.2439,11.734,287.998,164.403,0.437782,0.437782,10.4848,9.0602,17.5013,14.7829,6.84944,3.58437,0.412856,0.505112,2.90992,9.53224,0.22760465124079243
4.75,4.80731,0.475,0.475113,0.525,0.523608,290.0,4.46497,0.636678,4.07148,9.4443,14.6288,287.998,164.403,0.546291,0.546291,12.1729,10.4262,20.5707,18.3366,6.1969,3.26735,0.456711,0.503072,2.82694,6.40897,1.1098588250386678
4.75,5.13542,0.525,0.522517,0.525,0.523938,290.0,4.68481,0.810414,4.2761,7.26624,11.1008,287.998,164.403,0.408307,0.408307,8.07041,6.64676,13.7755,11.7032,5.57777,2.95059,0.499612,0.50095,2.74709,3.40322,1.0263975454363472
4.75,5.48964,0.575,0.564601,0.525,0.520473,290.0,3.2154,1.05044,2.94148,1.78797,3.06042,287.998,164.403,0.0947041,0.0947041,2.15979,1.75983,3.70629,3.01906,5.1162,2.72531,0.528659,0.478465,2.6994,1.60816,-0.7647846277377216
4.75,4.43118,0.425,0.430247,0.575,0.564468,290.0,3.33311,0.779768,2.79217,2.65433,4.49204,287.998,164.403,0.283735,0.283735,3.64664,3.16967,6.22806,5.47895,6.75442,3.29889,0.414947,0.544923,3.10238,16.7767,-0.06272651523040215
4.75,4.74876,0.475,0.475851,0.575,0.570149,290.0,3.7167,0.695468,3.43183,5.07714,8.30639,287.998,164.403,0.243831,0.243831,7.03532,5.76859,12.2175,10.2336,6.1164,2.98115,0.456545,0.548037,3.0359,14.2745,0.47987604478668316
4.75,5.10286,0.525,0.519223,0.575,0.5681,290.0,5.42742,1.32583,4.91243,4.00348,5.8721,287.998,164.403,0.242153,0.242153,4.63625,3.74473,8.13622,6.81351,5.60806,2.7547,0.493666,0.540768,2.97877,12.124,1.466294200174255
4.75,4.15485,0.375,0.388927,0.525,0.540957,280.0,3.08829,1.17653,2.47491,0.61688,1.06955,460.266,270.746,0.0936891,0.0936891,1.10778,0.987627,1.84223,1.48908,7.4121,3.73602,0.377221,0.52477,3.08345,-3.29811,-0.4010349692077979
4.75,4.50312,0.425,0.423731,0.525,0.541938,280.0,4.05071,1.09223,3.78382,1.45946,2.32634,460.266,270.746,0.061557,0.061557,1.96577,1.6748,3.31296,2.94716,7.00773,3.53863,0.409401,0.524065,3.0728,-3.63201,0.4487919001443781
4.75,5.01593,0.475,0.47202,0.525,0.542222,280.0,3.28059,1.06226,2.8582,0.971511,1.65238,460.266,270.746,0.0755474,0.0755474,1.21018,0.957649,2.07021,1.64352,6.49405,3.29498,0.454282,0.522591,3.07415,-3.58952,-0.30932679692323806
4.75,4.15344,0.375,0.389583,0.575,0.574211,280.0,4.57906,1.14131,3.95166,1.72578,2.65378,460.266,270.746,0.14874,0.14874,2.72081,2.28645,4.5997,4.10537,7.39211,3.50307,0.377861,0.556245,3.26706,2.46024,1.1262079132567961
4.75,4.45425,0.425,0.426492,0.575,0.574988,280.0,3.6877,0.427336,3.16382,7.19224,11.7951,460.266,270.746,0.660663,0.660663,9.41563,7.97258,16.1539,13.9819,6.87538,3.28131,0.41213,0.555261,3.20494,0.512064,0.9165591797051396
4.75,4.87342,0.475,0.47348,0.575,0.578135,280.0,4.0573,0.507438,3.62864,7.0762,11.2738,460.266,270.746,0.467847,0.467847,8.64618,7.01104,15.0759,12.5465,6.30331,3.01183,0.455088,0.555269,3.17451,-0.442266,1.457362530515329
4.75,5.28404,0.525,0.51824,0.575,0.578163,280.0,4.12915,0.80139,3.69541,2.94643,4.66978,460.266,270.746,0.194774,0.194774,2.96912,2.41605,5.24606,4.38358,5.79585,2.78165,0.495961,0.552923,3.14506,-1.36572,0.9054594413878473
4.75,4.15222,0.375,0.389569,0.625,0.62427,280.0,2.66985,0.689303,1.77967,1.12541,2.0454,460.266,270.746,0.239744,0.239744,1.99939,1.74737,3.44591,2.99583,7.39056,3.16514,0.37762,0.60609,3.55138,11.3772,-0.32455077377918357
4.75,4.44988,0.425,0.427337,0.625,0.623504,280.0,3.09153,0.361244,2.55581,5.91986,10.2604,460.266,270.746,0.615704,0.615704,8.14642,6.886,14.2751,12.7567,6.84936,2.97244,0.412628,0.602417,3.4659,8.69628,0.5082071090147555
4.75,4.82378,0.475,0.472367,0.625,0.620944,280.0,3.45223,0.437279,2.90911,5.94509,9.95101,460.266,270.746,0.569868,0.569868,8.13295,6.73682,14.4737,12.5091,6.27202,2.76333,0.453483,0.595744,3.38459,6.14615,1.1027514269691776
4.75,5.23304,0.525,0.510404,0.625,0.611309,280.0,4.03251,1.35167,3.54433,0.921519,1.47086,460.266,270.746,0.0706476,0.0706476,0.992491,0.817583,1.78054,1.50894,5.90261,2.6652,,,3.34516,4.90958,0.6789522689494176
4.75,4.15575,0.375,0.390759,0.675,0.661314,280.0,4.07449,1.71642,2.7279,0.49774,0.791999,460.266,270.746,0.133201,0.133201,0.714759,0.642815,1.24825,1.03269,7.36518,2.91131,0.379429,0.642177,3.75482,17.7574,0.8577965997775302
4.75,4.42966,0.425,0.425272,0.675,0.663782,280.0,2.51392,0.424645,1.87464,2.46046,4.56107,460.266,270.746,0.394665,0.394665,3.33598,2.90215,5.92873,5.08711,6.87155,2.73606,0.408248,0.640555,3.69088,15.7519,-0.17887007233687677
4.75,4.83746,0.475,0.462514,0.675,0.657632,280.0,7.35726,3.88357,6.18872,0.603287,0.819849,460.266,270.746,0.0803418,0.0803418,0.855408,0.774637,1.53805,1.3648,6.50327,2.6493,,,3.67088,15.1246,1.2073641746569534
4.75,4.49005,0.425,0.424062,0.625,0.638455,270.0,1.29811,0.712495,0.511684,1.00829,2.32454,141.348,238.035,0.295346,0.295346,2.79041,2.45359,4.90715,4.56155,6.98173,2.92289,0.409985,0.61798,3.60753,-3.06367,-2.0920020499679963
4.75,4.99187,0.475,0.470793,0.625,0.636688,270.0,1.64801,0.656509,1.27784,1.14848,2.44963,141.348,238.035,0.128808,0.128808,1.68042,1.36585,3.00635,2.4864,6.49405,2.74927,0.4544,0.61348,3.60284,-3.18957,-1.823852526718236
4.75,4.15071,0.375,0.389582,0.675,0.674371,270.0,1.60436,0.645514,0.460476,1.05054,2.26067,141.348,238.035,0.412827,0.412827,2.09486,1.8074,3.66597,2.94699,7.38778,2.83691,0.377495,0.654469,3.83534,3.05788,-1.3892869035958786
4.75,4.43565,0.425,0.423006,0.675,0.668356,270.0,2.07134,0.42962,1.46645,3.91265,7.73442,141.348,238.035,0.605615,0.605615,5.59633,4.52015,9.94773,8.31505,6.93499,2.73014,0.407355,0.644802,3.74113,0.526402,-1.1225607645984865
4.75,4.86191,0.475,0.46246,0.675,0.659074,270.0,1.16343,0.77824,0.899043,0.503052,1.20063,141.348,238.035,0.0494178,0.0494178,1.04343,0.861649,1.87707,1.61989,6.53382,2.65024,,,3.69817,-0.628103,-1.919673184617036
4.75,4.01329,0.425,0.42999,0.375,0.37507,220.0,6.733,1.42568,6.23311,6.20156,8.60745,256.992,210.156,0.353148,0.353148,10.3599,9.714,15.5247,14.9564,6.20538,4.07198,0.413719,0.36006,1.86485,1.44329,1.390931979567429
4.75,4.33754,0.475,0.474348,0.375,0.379004,220.0,6.1822,1.12408,5.71223,8.21601,11.6478,256.992,210.156,0.469892,0.469892,12.2601,11.288,18.4964,17.4463,5.6911,3.73149,0.454133,0.362685,1.84542,0.386493,1.2474760773737577
4.75,4.73862,0.525,0.523107,0.375,0.380823,220.0,5.59634,1.11265,5.28681,6.42277,9.34383,256.992,210.156,0.253722,0.253722,8.36706,7.46121,12.6751,11.6318,5.20336,3.41192,0.498598,0.36215,1.83614,-0.118138,0.6405835552309613
4.75,5.07034,0.575,0.570769,0.375,0.384368,220.0,9.60783,3.91403,9.05276,2.91115,3.73445,256.992,210.156,0.12812,0.12812,3.04654,2.67574,4.61708,4.1094,4.69757,3.07272,0.541185,0.363944,1.81783,-1.11448,1.1670689217222283
4.75,5.32815,0.625,0.61406,0.375,0.388942,220.0,2.45771,1.30019,2.28157,0.574981,1.07385,256.992,210.156,0.0261417,0.0261417,0.582365,0.510606,0.881045,0.760246,4.23199,2.75346,0.573967,0.358436,1.79639,-2.28074,-2.1455660269634054
4.75,4.01291,0.425,0.431472,0.425,0.420509,220.0,4.55263,0.872858,4.05348,4.48314,6.90531,256.992,210.156,0.381197,0.381197,7.32774,6.88081,11.3239,10.5876,6.17309,3.80483,0.414796,0.403922,2.08458,13.3961,0.0950621969418381
4.75,4.29931,0.475,0.476425,0.425,0.422166,220.0,7.10575,1.20586,6.5529,9.30647,12.7509,256.992,210.156,0.522961,0.522961,12.4827,11.4362,19.4198,18.6199,5.6102,3.47301,0.456022,0.403523,2.03035,10.446,2.152707551577155
4.75,4.59447,0.525,0.524684,0.425,0.423153,220.0,5.97353,0.965104,5.4962,9.71048,13.8879,256.992,210.156,0.542672,0.542672,13.0223,11.4708,20.3263,18.5814,5.04751,3.13519,0.499401,0.401843,1.97442,7.40367,1.4129826198376643
4.75,4.20638,0.475,0.480317,0.475,0.460835,220.0,5.01597,1.68933,4.4885,1.39905,2.09672,256.992,210.156,0.175614,0.175614,2.09372,2.31445,3.34909,3.29214,5.43725,3.1996,0.458269,0.440151,2.15148,17.0355,0.46105389403857255
4.75,4.45984,0.525,0.526367,0.475,0.467515,220.0,8.13783,2.51897,7.31918,3.51394,4.66758,256.992,210.156,0.258951,0.258951,4.8034,4.29005,7.75025,7.14296,4.89788,2.86848,0.499439,0.442816,2.11115,14.8414,1.5294774683953385
4.75,4.80681,0.575,0.565793,0.475,0.461863,220.0,6.38355,2.60314,5.77469,1.67117,2.35018,256.992,210.156,0.124521,0.124521,2.34842,2.03536,3.78916,3.22571,4.56912,2.69976,,,2.09022,13.703,0.7375778627406134
4.75,4.02111,0.425,0.426606,0.425,0.442124,210.0,2.01833,0.726031,1.87224,1.13817,2.26942,303.691,155.463,0.0507954,0.0507954,2.6361,2.39687,4.13996,3.71046,6.2887,3.74791,0.411162,0.425728,2.22157,-3.38465,-3.1674858106578907
4.75,4.01197,0.425,0.430344,0.475,0.474428,210.0,3.7669,0.69166,3.26074,5.22333,8.51058,303.691,155.463,0.539464,0.539464,9.21684,8.42566,14.82,12.9974,6.19609,3.52345,0.413801,0.455986,2.35879,2.58336,-0.4568261295476509
4.75,4.32329,0.475,0.474325,0.475,0.476776,210.0,4.50499,0.717689,4.06147,8.48587,13.1103,303.691,155.463,0.543418,0.543418,12.27,10.4521,19.9386,17.7383,5.67603,3.23916,0.453988,0.456236,2.31681,0.757412,0.547565038386675
4.75,4.71562,0.525,0.522907,0.475,0.479081,210.0,4.54109,0.848358,4.14291,6.6435,10.2404,303.691,155.463,0.37964,0.37964,8.73031,7.15583,14.3138,11.9465,5.18576,2.96222,0.49813,0.456032,2.30227,0.125125,0.40542561117232206
4.75,5.08188,0.575,0.565592,0.475,0.47727,210.0,5.10688,1.75562,4.64236,2.22279,3.31473,303.691,155.463,0.123888,0.123888,2.4136,1.92932,3.97416,3.33816,4.78616,2.74975,0.533327,0.445763,2.28554,-0.602531,0.42810966176252546
4.75,4.01262,0.425,0.431078,0.525,0.523035,210.0,6.16016,1.74152,5.14824,3.61291,5.12666,303.691,155.463,0.438067,0.438067,6.71995,6.04095,11.1507,10.2635,6.18102,3.24807,0.414444,0.503133,2.59721,12.952,1.408828026128726
4.75,4.30443,0.475,0.476037,0.525,0.523218,210.0,4.27216,0.674371,3.72719,7.84074,12.3023,303.691,155.463,0.703884,0.703884,11.2988,9.65014,18.9729,16.0357,5.62344,2.98419,0.45519,0.500414,2.52387,9.76238,0.773013311332135
4.75,4.63466,0.525,0.520865,0.525,0.520754,210.0,5.17431,1.01778,4.52312,6.40525,9.51746,303.691,155.463,0.53757,0.53757,8.87933,7.32604,15.0152,12.6414,5.14515,2.75932,0.494245,0.493812,2.47097,7.46202,1.2922580617193897
4.75,3.99977,0.425,0.438019,0.575,0.557881,210.0,1.77502,0.919039,1.68726,0.400127,0.832694,303.691,155.463,0.0147143,0.0147143,0.609511,0.612117,1.03676,0.903681,6.0166,3.00015,0.420426,0.536059,2.71796,18.2034,-1.803024849899986
4.75,4.01942,0.425,0.428079,0.525,0.536227,200.0,4.08168,1.42318,3.63436,2.49132,3.96208,183.22,116.124,0.176483,0.176483,4.46972,3.58962,7.4812,6.0001,6.25462,3.20749,0.411865,0.516818,2.68595,-2.73469,0.3379701790488511
4.75,4.42388,0.475,0.472993,0.525,0.537523,200.0,9.15681,4.69543,7.56163,2.41505,3.12838,183.22,116.124,0.270644,0.270644,3.51875,2.94483,5.97211,5.32033,5.81201,2.99238,0.453533,0.515442,2.68123,-2.90551,1.1759003211164196
4.75,4.86923,0.525,0.522132,0.525,0.538201,200.0,4.52394,2.27505,3.78033,1.21416,1.87356,183.22,116.124,0.133254,0.133254,1.78501,1.50907,3.06416,2.65197,5.34001,2.76477,0.498021,0.514069,2.67683,-3.0648,0.3499175703842772
4.75,4.01235,0.425,0.430588,0.575,0.573204,200.0,4.8559,1.19689,4.17697,4.81308,7.27884,183.22,116.124,0.448423,0.448423,7.25288,6.13766,12.4266,10.8495,6.19187,2.97779,0.413959,0.551307,2.85049,3.22384,1.295260736362855
4.75,4.31951,0.475,0.472569,0.575,0.573443,200.0,2.77734,0.513707,2.30006,6.50073,11.6637,183.22,116.124,0.648257,0.648257,9.4483,7.62713,16.4087,13.5268,5.70374,2.77167,0.452224,0.548209,2.79598,1.24981,-1.1009028153768936
4.75,4.76325,0.525,0.514374,0.575,0.564225,200.0,4.39201,1.84628,3.53978,1.60294,2.49477,183.22,116.124,0.197715,0.197715,2.13521,1.76678,3.72979,3.21429,5.37797,2.6693,0.473272,0.524442,2.78695,0.922737,0.4857060110107898
4.75,4.00165,0.425,0.428598,0.625,0.619651,200.0,2.89498,0.817057,1.97433,2.57736,4.5625,183.22,116.124,0.482261,0.482261,4.90025,4.02052,8.59261,7.31903,6.22009,2.73379,0.41146,0.596453,3.08787,11.8199,-0.04642439359562666
4.75,4.29683,0.475,0.463737,0.625,0.609578,200.0,3.37139,1.46768,2.82382,1.10754,1.86762,183.22,116.124,0.112739,0.112739,1.89535,1.62045,3.35121,2.98717,5.85073,2.65788,0.407629,0.566193,3.01342,9.12375,0.2245750783558319
4.75,3.86671,0.425,0.439791,0.375,0.373708,260.0,6.67577,2.67365,5.97141,1.59925,2.2243,287.19,205.234,0.131085,0.131085,4.27615,3.98748,6.34456,6.0303,5.80906,3.81549,0.421963,0.358314,1.74955,3.66983,0.7163839331457719
4.75,4.10532,0.475,0.476789,0.375,0.375594,260.0,7.40091,1.47869,6.87046,7.58364,10.2918,287.19,205.234,0.399284,0.399284,11.2387,10.1376,16.7333,15.5794,5.38975,3.54636,0.455479,0.358328,1.72187,2.02951,1.7615623385729133
4.75,4.42691,0.525,0.524016,0.375,0.378521,260.0,5.22498,0.954714,4.91846,6.84587,10.1451,287.19,205.234,0.301621,0.301621,10.4597,9.45436,15.6204,14.1923,4.9048,3.2297,0.497851,0.35902,1.70158,0.82707,0.3540919627457761
4.75,4.79264,0.575,0.572355,0.375,0.379982,260.0,6.90261,1.75252,6.47279,4.82375,6.65495,287.19,205.234,0.22703,0.22703,6.2336,5.54523,9.31514,8.38067,4.46399,2.94058,0.540957,0.358288,1.69252,0.290746,1.0522370382719766
4.75,3.86796,0.425,0.440393,0.425,0.415401,260.0,2.06808,0.809227,1.6313,0.699666,1.38381,287.19,205.234,0.113283,0.113283,2.03535,2.01601,3.11171,2.6867,5.79857,3.59599,0.422779,0.398521,1.94382,15.1815,-3.012736102621293
4.75,4.08907,0.475,0.478331,0.425,0.419951,260.0,4.56671,0.830641,4.05042,4.9687,7.64642,287.19,205.234,0.40546,0.40546,7.44582,6.76791,11.4696,10.6342,5.34493,3.31402,0.456334,0.400241,1.9127,13.3371,0.05438072448226319
4.75,4.3542,0.525,0.525501,0.425,0.421778,260.0,4.99709,0.835222,4.61074,7.09982,10.6514,287.19,205.234,0.380945,0.380945,10.1589,8.96555,15.6982,14.3105,4.8162,2.99979,0.498433,0.399467,1.86137,10.2959,0.4613828580608554
4.75,4.66735,0.575,0.569894,0.425,0.420125,260.0,8.88735,2.33452,7.99669,5.69152,7.41843,287.19,205.234,0.392903,0.392903,7.08892,5.99522,10.9555,9.59665,4.40383,2.75824,0.535192,0.391083,1.83225,8.57044,1.7594689728852284
4.75,4.13529,0.475,0.473848,0.425,0.440442,250.0,6.62288,2.55711,6.15259,1.94059,2.70431,308.574,196.574,0.0956628,0.0956628,3.47276,3.00009,5.45668,4.88015,5.47486,3.28543,0.453019,0.421232,2.04814,-3.01287,0.8792542538163567
4.75,4.56725,0.525,0.523199,0.425,0.440697,250.0,4.9274,2.36077,4.73681,1.1119,1.67465,308.574,196.574,0.030118,0.030118,2.37381,1.99886,3.75842,3.16406,5.04478,3.03736,0.497728,0.419207,2.04974,-2.93748,0.18916121689419071
4.75,3.86615,0.425,0.439775,0.475,0.473745,250.0,2.82647,1.04172,1.83475,1.08411,1.93407,308.574,196.574,0.244163,0.244163,3.6003,3.18115,5.7637,5.1848,5.80863,3.30351,0.421969,0.454114,2.22027,5.13776,-1.2133380553650075
4.75,4.10015,0.475,0.477223,0.475,0.47387,250.0,3.04876,0.504068,2.70371,5.66389,9.86064,308.574,196.574,0.416511,0.416511,10.0989,8.75122,16.2897,14.1645,5.3766,3.0792,0.455778,0.451984,2.17059,2.78547,-2.148918277239352
4.75,4.4154,0.525,0.522905,0.475,0.475853,250.0,7.13791,1.59799,6.46602,6.87855,9.4143,308.574,196.574,0.485917,0.485917,9.97911,8.22841,16.2245,13.1858,4.91139,2.82416,0.496706,0.451221,2.1412,1.39357,1.8315509869361482
4.75,4.84119,0.575,0.564487,0.475,0.469026,250.0,3.34039,1.10729,3.07971,1.61001,2.72282,308.574,196.574,0.0832381,0.0832381,2.73059,2.32086,4.44197,3.74069,4.61685,2.68803,0.50379,0.389589,2.14359,1.50673,-0.9614041758123183
4.75,3.86658,0.425,0.440042,0.525,0.519354,250.0,3.13378,1.18413,2.90447,0.830768,1.43368,308.574,196.574,0.0445488,0.0445488,1.97003,1.80195,3.25127,2.85581,5.804,3.06578,0.422338,0.497554,2.43345,15.2327,-0.5101345848023928
4.75,4.09285,0.475,0.477523,0.525,0.521563,250.0,4.21774,0.791413,3.62155,4.71174,7.42081,308.574,196.574,0.457137,0.457137,7.01044,6.01446,11.7112,10.1155,5.36325,2.85027,0.455784,0.497462,2.38404,12.8931,0.5777396472985838
4.75,3.87391,0.425,0.439756,0.525,0.530549,240.0,3.74989,1.69829,3.39387,0.972364,1.5865,237.687,168.562,0.0676562,0.0676562,2.89601,2.42522,4.82232,3.78542,5.81875,3.01681,0.421797,0.509161,2.49255,-1.71022,0.0593308585480433
4.75,4.12375,0.475,0.474387,0.525,0.53407,240.0,4.1438,1.08656,3.46349,2.89916,4.59003,237.687,168.562,0.3382,0.3382,5.09939,4.45017,8.59955,7.45171,5.45265,2.82758,0.45312,0.511102,2.47538,-2.38711,0.447481688226892
4.75,3.86418,0.425,0.439546,0.575,0.573054,240.0,8.97263,5.45646,6.01736,1.13713,1.4792,237.687,168.562,0.24917,0.24917,2.69045,2.25038,4.60837,4.08361,5.81059,2.79453,0.421513,0.549929,2.68737,5.97241,1.0380264643710944
4.75,4.07937,0.475,0.470837,0.575,0.566603,240.0,3.12649,0.77392,2.47309,2.70349,4.66896,237.687,168.562,0.37739,0.37739,4.57028,3.87649,7.88755,6.47822,5.46844,2.68852,0.444206,0.537228,2.61888,3.27153,-0.3413215731302839
5.5,4.57636,0.375,0.395084,0.375,0.379424,480.0,2.02274,1.10068,1.96958,0.313733,0.625105,403.717,235.704,0.00545483,0.00545483,0.386835,0.331034,0.597087,0.449875,7.89079,5.11281,0.383895,0.369058,2.34326,0.297115,-2.4929335757237245
5.5,4.88622,0.425,0.427792,0.375,0.381608,480.0,4.54647,0.847473,4.42655,3.72839,5.74501,403.717,235.704,0.0834263,0.0834263,4.61257,4.32687,7.17017,6.39531,7.42133,4.80549,0.414309,0.369531,2.32405,-0.524937,-0.28749265679988856
5.5,5.32813,0.475,0.474048,0.375,0.384714,480.0,5.18533,1.02219,4.97559,3.89761,5.78802,403.717,235.704,0.117913,0.117913,4.8083,4.40022,7.53617,6.98693,6.7964,4.39417,0.457216,0.370893,2.30494,-1.3432,0.30384759467368805
5.5,5.73221,0.525,0.519265,0.375,0.388446,480.0,4.15243,1.13873,3.94859,1.74328,2.75831,403.717,235.704,0.0645822,0.0645822,1.91826,1.70124,3.02212,2.59693,6.19287,3.98903,0.499876,0.37345,2.28596,-2.15547,-0.7594666155590027
5.5,4.57219,0.375,0.394737,0.425,0.422939,480.0,1.99452,1.06939,1.93377,0.217003,0.434403,403.717,235.704,0.00462354,0.00462354,0.335457,0.366375,0.529107,0.602458,7.89479,4.80204,0.383242,0.410002,2.61295,11.8405,-2.1907928413162394
5.5,4.88499,0.425,0.429099,0.425,0.423443,480.0,6.14393,1.09644,5.83525,4.59336,6.52228,403.717,235.704,0.180789,0.180789,5.69568,5.40413,9.05029,8.74682,7.38553,4.50785,0.415485,0.409696,2.57154,10.0681,1.6115943971167632
5.5,5.29317,0.475,0.475906,0.425,0.42372,480.0,5.95715,0.882763,5.659,7.22213,10.3364,403.717,235.704,0.259006,0.259006,9.12424,8.03312,14.606,13.1682,6.71561,4.11288,0.456556,0.404866,2.51399,7.60497,1.6672783307829606
5.5,5.65241,0.525,0.521943,0.425,0.423947,480.0,5.02953,0.814744,4.77688,5.28451,7.91382,403.717,235.704,0.181811,0.181811,6.349,5.57426,10.2051,9.29421,6.06235,3.71923,0.501007,0.406373,2.44854,4.80353,0.45562466954062936
5.5,6.07,0.575,0.57031,0.425,0.424013,480.0,9.17807,3.5172,8.71172,2.03828,2.63906,403.717,235.704,0.0746245,0.0746245,2.37929,2.01603,3.8346,3.31096,5.45798,3.34629,0.54519,0.404658,2.40671,3.01281,1.2054057261378908
5.5,4.88647,0.425,0.432803,0.475,0.457675,480.0,6.93673,2.90578,6.50587,0.887388,1.22281,403.717,235.704,0.0417291,0.0417291,1.25069,1.19593,2.02528,2.02052,7.29047,4.23115,0.41765,0.442919,2.7571,18.0106,0.9954633097612
5.5,5.24102,0.475,0.477647,0.475,0.46394,480.0,5.34495,1.21167,4.92676,2.57907,3.79849,403.717,235.704,0.131744,0.131744,3.57296,3.08686,5.85589,5.37115,6.61787,3.82408,0.459658,0.446753,2.71548,16.2288,1.039836001279886
5.5,5.61283,0.525,0.522686,0.475,0.468055,480.0,3.82704,0.776306,3.4531,2.64898,4.29532,403.717,235.704,0.168857,0.168857,3.85141,3.30117,6.37002,5.61766,6.01044,3.45798,0.5012,0.448487,2.68072,14.7411,-0.4892751192996502
5.5,6.0566,0.575,0.571059,0.475,0.470903,480.0,3.01902,0.81345,2.7528,1.28933,2.25176,403.717,235.704,0.0826685,0.0826685,1.74031,1.54271,2.90017,2.40877,5.4333,3.11187,0.546047,0.447945,2.66443,14.044,-1.7498964377168598
5.5,4.8827,0.425,0.427423,0.475,0.476757,470.0,5.41095,1.0623,5.12187,3.73169,5.47794,424.513,264.721,0.16658,0.16658,4.67431,4.34599,7.65982,6.91567,7.42671,4.17483,0.414192,0.461539,2.90589,-0.556151,1.4691094410070835
5.5,5.32075,0.475,0.473404,0.475,0.481272,470.0,5.52739,1.04732,5.22867,4.26621,6.22697,424.513,264.721,0.169971,0.169971,5.193,4.57477,8.61416,7.6324,6.80348,3.81442,0.456575,0.464187,2.88535,-1.2592,1.5484463256046446
5.5,5.73781,0.525,0.519641,0.475,0.485766,470.0,2.81235,0.646538,2.61674,1.9136,3.41944,424.513,264.721,0.0805675,0.0805675,2.12098,1.71871,3.55556,2.85175,6.18936,3.45545,0.49954,0.466747,2.86128,-2.08295,-1.8700502360656923
5.5,6.12546,0.575,0.56773,0.475,0.491222,470.0,2.83062,1.36838,2.67395,0.385194,0.686864,424.513,264.721,0.0140493,0.0140493,0.340533,0.305442,0.576614,0.519637,5.54894,3.07144,0.543727,0.470195,2.82745,-3.24068,-1.0111574333558346
5.5,4.88581,0.425,0.429056,0.525,0.523639,470.0,6.02374,1.26495,5.51845,3.66451,5.2297,424.513,264.721,0.196339,0.196339,4.84825,4.03991,8.12882,7.16545,7.38771,3.84345,0.415339,0.506575,3.1825,8.9099,2.0670362980537353
5.5,5.28717,0.475,0.475322,0.525,0.523348,470.0,5.59481,0.909,5.10385,5.74842,8.36339,424.513,264.721,0.35746,0.35746,7.3943,6.30259,12.5522,10.8076,6.72251,3.52076,0.456748,0.502302,3.10696,6.32481,2.2980878505193285
5.5,5.6505,0.525,0.521846,0.525,0.523745,470.0,4.55522,0.788916,4.14083,4.37867,6.7433,424.513,264.721,0.256808,0.256808,5.26461,4.29528,9.02495,7.52891,6.06255,3.1846,0.50092,0.502398,3.02613,3.55862,1.142389780588702
5.5,6.06413,0.575,0.569618,0.525,0.523948,470.0,3.68299,0.913227,3.37627,1.83286,3.00703,424.513,264.721,0.0961059,0.0961059,2.02105,1.6021,3.49672,2.75335,5.46649,2.87107,0.543895,0.499427,2.97649,1.85966,-0.2263686550008465
5.5,4.88119,0.425,0.430433,0.575,0.564161,470.0,2.30875,0.553444,1.79977,1.36078,2.59459,424.513,264.721,0.184035,0.184035,2.2017,1.93442,3.76752,3.30793,7.34574,3.55802,0.41626,0.545701,3.41524,16.8744,-1.3322432258294192
5.5,5.25995,0.475,0.475962,0.575,0.569377,470.0,3.67113,0.704949,3.16375,3.02263,4.96389,424.513,264.721,0.267562,0.267562,4.6621,3.85204,8.10725,6.76618,6.67772,3.22752,0.458395,0.548829,3.35817,14.9216,0.8283149585811403
5.5,5.6422,0.525,0.522497,0.575,0.572453,470.0,3.09869,0.570234,2.7553,2.84315,4.92417,424.513,264.721,0.202986,0.202986,3.91813,3.31751,6.9071,5.8185,6.04098,2.91586,0.501485,0.548972,3.29888,12.8923,-0.18120349780531253
5.5,6.01668,0.575,0.563168,0.575,0.56811,470.0,2.5599,0.854258,2.22162,0.783752,1.44424,424.513,264.721,0.0617245,0.0617245,0.960026,0.780402,1.70413,1.36097,5.55102,2.70599,0.529466,0.527349,3.23934,10.8548,-1.0140391171256689
5.5,5.1831,0.475,0.484683,0.625,0.607406,470.0,1.19291,0.814045,0.754243,0.175163,0.414795,424.513,264.721,0.0284884,0.0284884,0.358415,0.298918,0.636304,0.55516,6.3953,2.89237,0.462342,0.584398,3.46697,18.6447,-1.946878267246739
5.5,5.49537,0.525,0.51894,0.625,0.608588,470.0,3.44801,1.80524,2.98536,0.375491,0.628744,424.513,264.721,0.0365836,0.0365836,0.626338,0.523888,1.12459,0.870494,5.97695,2.70135,,,3.43949,17.7043,0.3208197908824316
5.5,4.89477,0.425,0.423003,0.525,0.544924,460.0,2.92279,0.940523,2.84812,0.458212,0.808634,720.514,439.523,0.00742616,0.00742616,0.265637,0.253215,0.450418,0.473519,7.56071,3.77763,0.410578,0.528598,3.36488,-4.0687,-0.3031724661118905
5.5,5.45932,0.475,0.471826,0.525,0.544911,460.0,7.13035,4.05302,6.97509,0.324944,0.444845,720.514,439.523,0.00640106,0.00640106,0.154052,0.14662,0.264793,0.244895,6.99525,3.50843,0.455252,0.526556,3.36489,-4.06914,0.9443792220044723
5.5,4.57667,0.375,0.394137,0.575,0.573932,460.0,2.62918,0.917223,2.50579,0.363902,0.664716,720.514,439.523,0.0152104,0.0152104,0.29977,0.29794,0.508383,0.434106,7.91962,3.73301,0.382516,0.557265,3.55713,1.41072,-0.32126290047787437
5.5,4.89011,0.425,0.428067,0.575,0.575068,460.0,4.83912,0.65257,4.3803,4.23669,6.41341,720.514,439.523,0.238699,0.238699,4.26156,3.49609,7.32089,6.5308,7.41939,3.51313,0.414637,0.556748,3.50655,-0.0288158,2.897081320288821
5.5,5.33092,0.475,0.473889,0.575,0.578501,460.0,3.90785,0.465149,3.54499,4.89172,7.88187,720.514,439.523,0.272367,0.272367,5.08483,4.05367,8.8786,7.36276,6.80337,3.22121,0.457035,0.557886,3.47277,-0.991403,1.9421315986116414
5.5,5.75337,0.525,0.520243,0.575,0.582451,460.0,4.8447,0.904363,4.47366,2.34904,3.55477,720.514,439.523,0.106892,0.106892,1.98948,1.58424,3.52647,2.98998,6.19107,2.92243,0.499975,0.559751,3.43733,-2.00178,1.919633792419597
5.5,4.57427,0.375,0.393956,0.625,0.624251,460.0,1.43706,0.606884,1.13849,0.279543,0.623657,720.514,439.523,0.0286085,0.0286085,0.250769,0.198798,0.432606,0.320062,7.92105,3.36822,0.382637,0.606066,3.86891,10.2992,-1.7652353787574575
5.5,4.8862,0.425,0.428607,0.625,0.623877,460.0,2.25115,0.260872,1.92582,3.40966,6.55592,720.514,439.523,0.287269,0.287269,3.85901,3.25591,6.75202,5.70907,7.40025,3.1793,0.414912,0.604051,3.79717,8.25677,-1.122122512905298
5.5,5.29066,0.475,0.475151,0.625,0.623578,460.0,3.10572,0.316935,2.73836,5.29057,9.15632,720.514,439.523,0.375501,0.375501,5.95964,4.87721,10.6094,8.90896,6.73026,2.92008,0.458227,0.601326,3.70684,5.6819,1.5108829811145883
5.5,5.65481,0.525,0.516369,0.625,0.618825,460.0,3.54348,0.552431,3.10987,2.6404,4.38381,720.514,439.523,0.196145,0.196145,2.72164,2.13962,4.90217,3.88213,6.18026,2.72386,0.492406,0.590447,3.61768,3.14005,1.382674417042225
5.5,4.5778,0.375,0.394609,0.675,0.665136,460.0,0.850512,0.542994,0.839991,0.100944,0.264592,720.514,439.523,0.000646897,0.000646897,0.12259,0.130895,0.213873,0.210288,7.90698,3.06962,0.382999,0.646715,4.11884,17.4245,-2.4776131344661687
5.5,4.88425,0.425,0.429734,0.675,0.669465,460.0,2.44407,0.349146,1.93111,2.10951,3.94703,720.514,439.523,0.271205,0.271205,2.51662,2.17826,4.46595,3.8764,7.36775,2.86509,0.415673,0.647959,4.06237,15.8185,0.7129757154464076
5.5,5.27122,0.475,0.470035,0.675,0.664882,460.0,1.95016,0.288192,1.54997,2.03736,4.10915,720.514,439.523,0.230789,0.230789,2.5031,2.08264,4.51035,3.73669,6.82676,2.70935,0.450326,0.640047,3.9803,13.4789,-1.1914795571174608
5.5,4.90194,0.425,0.424391,0.625,0.640271,360.0,4.20112,1.48677,3.19897,1.09156,1.72117,363.341,196.717,0.166729,0.166729,1.4183,1.21375,2.48809,2.2575,7.53261,3.11551,0.412095,0.620909,3.94755,-3.57245,1.2042810911034412
5.5,5.44657,0.475,0.471932,0.625,0.64089,360.0,3.68761,1.47074,3.00136,0.746879,1.22487,363.341,196.717,0.0804366,0.0804366,0.846521,0.710745,1.5126,1.42049,6.97838,2.89861,0.455259,0.619768,3.94791,-3.56369,0.8172516686130534
5.5,4.57544,0.375,0.39373,0.675,0.674196,360.0,1.27933,0.69034,0.249674,0.355879,0.82428,363.341,196.717,0.129351,0.129351,0.717949,0.579596,1.2523,1.01915,7.92982,3.0142,0.382118,0.654266,4.18267,2.17088,-1.230953279124209
5.5,4.88624,0.425,0.427954,0.675,0.67426,360.0,3.15066,0.5395,2.49291,3.67747,6.33546,363.341,196.717,0.523507,0.523507,4.8259,4.27651,8.56138,7.49956,7.41734,2.84779,0.414205,0.652914,4.11036,0.404652,1.8396849461670963
5.5,5.32143,0.475,0.468243,0.675,0.669296,360.0,2.9874,0.839288,2.29654,1.85149,3.2445,363.341,196.717,0.258732,0.258732,2.99934,2.4956,5.40358,4.62923,6.92609,2.71538,0.449948,0.644599,4.05994,-0.827123,0.8687436186184024
5.5,4.81808,0.425,0.418905,0.725,0.709833,360.0,1.52411,0.507973,1.23988,0.756191,1.65495,363.341,196.717,0.0836151,0.0836151,1.02719,0.939939,1.83056,1.53504,7.5687,2.66558,0.389582,0.684725,4.35963,6.49364,-0.7358758073957523
5.5,4.64617,0.425,0.438297,0.425,0.425685,550.0,3.91984,1.36875,3.78458,1.30674,2.10356,283.008,171.978,0.0304923,0.0304923,1.63023,1.4745,2.57863,2.43242,6.83859,4.16375,0.423483,0.410922,2.40626,0.713377,-0.32409266523897845
5.5,4.96426,0.475,0.475995,0.425,0.428339,550.0,4.58147,0.968078,4.41657,4.16394,6.40203,283.008,171.978,0.11583,0.11583,5.12177,4.69718,8.16744,7.38433,6.35001,3.86732,0.45823,0.412179,2.38191,-0.305619,0.15838230000299508
5.5,5.37545,0.525,0.522738,0.425,0.432005,550.0,5.907,1.46864,5.59252,3.96538,5.68771,283.008,171.978,0.159264,0.159264,4.44977,3.91779,7.14936,6.2892,5.79234,3.521,0.501312,0.413894,2.36797,-0.889118,0.9129405345267603
5.5,5.7587,0.575,0.570857,0.425,0.435794,550.0,2.62239,0.931002,2.43721,1.22171,2.2335,283.008,171.978,0.0540584,0.0540584,1.64469,1.449,2.65731,2.37829,5.21443,3.16004,0.544908,0.415344,2.34353,-1.91216,-2.3361702726139897
5.5,4.64195,0.425,0.438431,0.475,0.473562,550.0,4.68908,1.87302,4.15138,1.05464,1.61077,283.008,171.978,0.0863714,0.0863714,1.48877,1.34521,2.42005,2.24255,6.83025,3.86657,0.423719,0.456914,2.67445,11.9387,0.4255820326085239
5.5,4.9528,0.475,0.477224,0.475,0.472953,550.0,3.59418,0.68011,3.25143,4.13988,6.84322,283.008,171.978,0.273032,0.273032,5.91595,5.23319,9.69794,8.58259,6.31113,3.59654,0.458834,0.45331,2.61853,9.59787,-0.5757161507787735
5.5,5.31101,0.525,0.525233,0.475,0.47351,550.0,4.18285,0.791061,3.85755,4.95565,7.82414,283.008,171.978,0.264811,0.264811,6.9696,6.04382,11.5065,10.0938,5.68649,3.25566,0.503393,0.453405,2.55422,6.90632,0.04251723247848875
5.5,5.62135,0.575,0.572308,0.475,0.47391,550.0,5.70613,1.47087,5.3096,3.88843,5.62793,283.008,171.978,0.195032,0.195032,4.82522,4.06556,8.004,6.72248,5.08579,2.91885,0.544995,0.450516,2.4827,3.91274,0.8919577872507433
5.5,4.9296,0.475,0.48035,0.525,0.511391,550.0,5.02394,1.94498,4.53021,1.16992,1.75256,283.008,171.978,0.0829895,0.0829895,1.78876,1.62001,3.00524,2.79207,6.21869,3.3411,0.46134,0.491853,2.79994,17.1909,0.7216057341389311
5.5,5.24722,0.525,0.526861,0.525,0.518191,550.0,6.31199,1.92905,5.6641,2.58825,3.65017,283.008,171.978,0.198083,0.198083,3.49563,3.02947,5.94624,5.16111,5.59844,2.99342,0.503311,0.495533,2.75312,15.2315,1.3485801406964752
5.5,5.58569,0.575,0.568869,0.525,0.516813,550.0,4.89328,1.6736,4.28421,1.86294,2.81128,283.008,171.978,0.14167,0.14167,2.51254,1.99831,4.30204,3.58622,5.11628,2.74923,0.533784,0.483473,2.7066,13.284,0.5741265915885055
5.5,4.63828,0.425,0.437529,0.525,0.524065,540.0,3.65173,1.20442,3.33997,1.13622,1.869,384.769,171.704,0.0684417,0.0684417,1.40591,1.24519,2.35774,2.06741,6.84713,3.56938,0.422748,0.505689,2.96424,1.44046,0.19948870011767142
5.5,4.9531,0.475,0.475726,0.525,0.525757,540.0,5.09564,1.01212,4.70982,4.1368,6.17275,384.769,171.704,0.219502,0.219502,4.82829,4.19428,8.18787,7.25071,6.34383,3.31714,0.458155,0.505571,2.92072,-0.0488696,1.6014539866900595
5.5,5.37466,0.525,0.523414,0.525,0.529651,540.0,3.06015,0.571637,2.77066,3.57929,6.22398,384.769,171.704,0.214131,0.214131,4.40046,3.68727,7.55339,6.32252,5.77777,3.01817,0.501313,0.506478,2.90072,-0.73315,-0.931646839988049
5.5,5.74696,0.575,0.565513,0.525,0.530289,540.0,3.08506,0.962703,2.80234,1.28832,2.23443,384.769,171.704,0.067859,0.067859,1.38385,1.11945,2.39822,2.0413,5.29873,2.77256,0.53895,0.504052,2.87387,-1.65201,-0.7311059635944512
5.5,4.64146,0.425,0.438372,0.575,0.573176,540.0,4.60382,1.80001,4.10314,0.934709,1.4351,384.769,171.704,0.0617501,0.0617501,1.10601,0.945475,1.90172,1.78997,6.83112,3.25638,0.422689,0.553748,3.23856,10.8283,0.9059583720970034
5.5,4.94956,0.475,0.476765,0.575,0.572615,540.0,2.43184,0.427909,2.09632,3.30028,6.18528,384.769,171.704,0.266295,0.266295,4.61761,3.87722,8.03809,6.86485,6.31774,3.04206,0.454308,0.546886,3.17296,8.58318,-1.4497438907374507
5.5,5.31496,0.525,0.52278,0.575,0.572256,540.0,2.96853,0.520822,2.56467,3.8369,6.73739,384.769,171.704,0.297973,0.297973,5.10888,4.08152,8.99696,7.48305,5.73612,2.78461,0.49972,0.546651,3.10492,6.25482,-0.4312378844362988
5.5,5.68736,0.575,0.558809,0.575,0.562654,540.0,2.92715,1.44117,2.40124,0.478031,0.843206,384.769,171.704,0.0476352,0.0476352,0.642978,0.514816,1.13607,0.97498,5.37262,2.66297,,,3.05588,4.57652,-0.35687746808413856
5.5,4.64137,0.425,0.438876,0.625,0.610404,540.0,2.90001,1.48531,2.72288,0.36337,0.642884,384.769,171.704,0.0168017,0.0168017,0.414531,0.364817,0.725714,0.575787,6.8184,3.02287,0.423033,0.589914,3.44585,17.9218,0.1612942603923663
5.5,4.9339,0.475,0.47714,0.625,0.615254,540.0,4.8159,1.4238,4.27945,1.68836,2.55926,384.769,171.704,0.12667,0.12667,2.30646,1.95153,4.10046,3.55064,6.29236,2.7952,0.457624,0.591101,3.3959,16.2127,1.493054109255223
5.5,5.29993,0.525,0.5127,0.625,0.609767,540.0,4.3773,1.89771,3.78644,0.732051,1.14046,384.769,171.704,0.0655498,0.0655498,0.925961,0.764677,1.66013,1.38256,5.91883,2.67007,,,3.3637,15.1108,0.8134141208406728
5.5,4.64282,0.425,0.437079,0.575,0.588909,530.0,3.36471,1.65132,3.03753,0.508593,0.858164,298.041,169.227,0.0293182,0.0293182,0.44412,0.36205,0.769619,0.656699,6.86385,3.16966,0.423054,0.568567,3.33815,-3.35622,0.31965844483648836
5.5,5.00041,0.475,0.473086,0.575,0.590616,530.0,3.66503,1.53447,3.31911,0.794259,1.30503,298.041,169.227,0.0502493,0.0502493,0.786703,0.6707,1.38137,1.17709,6.45307,2.98833,0.455529,0.569001,3.3313,-3.55466,0.5050793690542182
5.5,4.6478,0.425,0.438787,0.625,0.62461,530.0,1.59778,0.567596,1.25915,0.801016,1.72606,298.041,169.227,0.0877066,0.0877066,1.17785,1.0164,2.07134,1.85467,6.82892,2.93812,0.424043,0.603968,3.53147,2.24053,-1.6700397360494874
5.5,4.94922,0.475,0.474582,0.625,0.622839,530.0,2.96714,0.586999,2.55256,3.08705,5.42152,298.041,169.227,0.248247,0.248247,3.75608,3.05383,6.69566,5.71695,6.36363,2.77687,0.45623,0.599122,3.46677,0.367346,0.5854257497721393
5.5,5.36105,0.525,0.513038,0.625,0.61401,530.0,6.66616,3.78442,5.72887,0.82272,1.14468,298.041,169.227,0.0689069,0.0689069,0.958803,0.747564,1.72259,1.43123,5.97145,2.67225,,,3.42424,-0.863759,1.0213662314374308
5.5,4.63412,0.425,0.436809,0.675,0.665255,530.0,2.63884,1.3406,2.24221,0.421243,0.768532,298.041,169.227,0.0410077,0.0410077,0.558624,0.483474,0.997146,0.83898,6.86032,2.70563,0.422708,0.64141,3.76864,9.10699,0.30512844297096625
5.5,4.75996,0.475,0.481448,0.425,0.425223,520.0,5.74354,1.49956,5.38868,2.23361,3.22728,461.197,272.206,0.102814,0.102814,2.85499,2.52154,4.51184,4.00307,6.01166,3.67678,0.462518,0.40782,2.24138,1.02878,0.8511218793515118
5.5,5.1033,0.525,0.525065,0.425,0.428085,520.0,4.05833,0.735637,3.77854,3.51918,5.60634,461.197,272.206,0.167672,0.167672,4.63852,4.03443,7.37923,6.45768,5.50058,3.36638,0.502258,0.408899,2.2178,-0.0339892,-0.7415704273942446
5.5,5.49581,0.575,0.572796,0.425,0.431002,520.0,4.46628,0.937762,4.19895,2.87634,4.45494,461.197,272.206,0.114889,0.114889,3.40969,2.8668,5.45029,4.66166,4.98282,3.04684,0.541397,0.40465,2.20353,-0.677021,-0.4037214480824815
5.5,5.83448,0.625,0.61588,0.425,0.432786,520.0,4.99894,1.96423,4.6869,0.934652,1.40206,461.197,272.206,0.0419046,0.0419046,1.0038,0.857353,1.60811,1.36694,4.52217,2.76439,0.581622,0.407021,2.18487,-1.51809,-0.09337952356069892
5.5,4.75996,0.475,0.482029,0.475,0.472942,520.0,4.27126,1.02919,3.80727,1.6844,2.64302,461.197,272.206,0.124903,0.124903,2.42181,2.20073,3.95323,3.77782,5.99975,3.41633,0.46277,0.453956,2.49104,12.2823,0.2715396387508448
5.5,5.07492,0.525,0.526107,0.475,0.473346,520.0,4.62699,0.811306,4.11642,3.74823,5.74658,461.197,272.206,0.267952,0.267952,5.06035,4.30329,8.3167,7.41776,5.45655,3.12626,0.503147,0.452013,2.43524,9.76692,0.5954667072836625
5.5,5.41702,0.575,0.573711,0.475,0.472348,520.0,4.88556,0.941342,4.38631,3.62113,5.4669,461.197,272.206,0.237252,0.237252,5.09742,4.20312,8.4099,7.20553,4.90934,2.83104,0.545048,0.447233,2.37865,7.21632,0.5085628009520584
5.5,5.7679,0.625,0.609619,0.475,0.465385,520.0,3.05378,1.37519,2.75826,0.52203,0.908359,461.197,272.206,0.0340831,0.0340831,0.775403,0.656033,1.27635,1.03421,4.57608,2.67379,,,2.34818,5.84283,-1.2409133522545348
5.5,5.01165,0.525,0.52841,0.525,0.51247,520.0,8.00819,3.43387,7.01139,1.11173,1.48197,461.197,272.206,0.105468,0.105468,1.57991,1.35218,2.67037,2.28399,5.35811,2.89807,0.503298,0.488306,2.59273,16.8658,1.2365995113072945
5.5,5.33005,0.575,0.566432,0.525,0.511125,520.0,8.87191,4.68231,7.82976,0.892865,1.1642,461.197,272.206,0.0606145,0.0606145,1.27504,1.01007,2.16458,1.86138,4.96075,2.69959,,,2.56441,15.589,1.0485114999004217
5.5,4.76116,0.475,0.47854,0.475,0.492817,510.0,2.51471,1.00478,2.3089,0.463883,0.859834,498.407,243.451,0.0262445,0.0262445,0.483615,0.443967,0.801369,0.703874,6.07216,3.34473,0.458729,0.473407,2.61526,-3.58718,-1.2681166569181317
5.5,5.19588,0.525,0.523054,0.475,0.49337,510.0,4.08811,2.01938,3.86258,0.42413,0.674202,498.407,243.451,0.0159625,0.0159625,0.452734,0.395271,0.756801,0.672456,5.62128,3.10831,0.501531,0.472542,2.614,-3.63376,0.07479339346283795
5.5,4.75706,0.475,0.481536,0.525,0.52434,510.0,3.6974,0.788787,3.29302,2.10986,3.45732,498.407,243.451,0.144115,0.144115,2.57952,2.0863,4.35905,3.57389,6.00674,3.14596,0.462188,0.503638,2.76371,1.88551,0.2557060146930006
5.5,5.08775,0.525,0.524521,0.525,0.526246,510.0,3.03052,0.469908,2.72128,3.51736,6.13541,498.407,243.451,0.21544,0.21544,4.45105,3.65788,7.60415,6.40088,5.4965,2.89221,0.501414,0.502743,2.7228,0.377536,-1.2496836719759408
5.5,5.51057,0.575,0.566457,0.525,0.522529,510.0,4.32541,1.14193,3.90997,1.61332,2.52216,498.407,243.451,0.0902202,0.0902202,1.93239,1.51641,3.31982,2.76516,5.09998,2.71177,0.534793,0.490359,2.71109,-0.054256,0.4088923321750305
5.5,4.76135,0.475,0.481598,0.575,0.574066,510.0,3.24383,0.710624,2.75092,1.5962,2.72457,498.407,243.451,0.151107,0.151107,2.00887,1.69441,3.4977,3.03478,6.0102,2.88122,0.462735,0.551962,3.02867,11.6535,0.28019013039958973
5.5,5.06756,0.525,0.52084,0.575,0.568941,510.0,5.20731,1.18886,4.62199,2.25921,3.35109,498.407,243.451,0.161402,0.161402,2.7163,2.20645,4.76446,4.02513,5.54537,2.70927,0.494234,0.540239,2.95376,8.89164,1.68222297861763
5.5,4.75017,0.475,0.48193,0.625,0.607707,510.0,2.42024,1.11389,2.10694,0.296343,0.556274,498.407,243.451,0.0233775,0.0233775,0.462418,0.41128,0.820614,0.753713,5.99099,2.70156,,,3.19657,17.8429,-0.302778579148297
5.5,4.75941,0.475,0.479315,0.575,0.587504,500.0,2.52051,0.873069,2.30947,0.804888,1.49077,333.597,176.721,0.0403839,0.0403839,0.831195,0.704744,1.45939,1.25215,6.05466,2.8304,0.461231,0.564834,3.11319,-2.94252,-0.4611211593446636
5.5,5.11645,0.525,0.516031,0.575,0.586199,500.0,4.7969,2.33145,4.21722,0.62807,0.953108,333.597,176.721,0.0395673,0.0395673,0.479316,0.36489,0.850188,0.735334,5.68105,2.68188,0.493205,0.561798,3.10068,-3.33237,0.7533814652954727
5.5,4.74823,0.475,0.478772,0.625,0.615354,500.0,7.44011,3.48561,7.0011,0.969843,1.31457,333.597,176.721,0.043997,0.043997,1.03816,0.915571,1.84491,1.63392,6.05368,2.68496,0.456468,0.589287,3.25715,1.54553,1.3634382533921128
5.5,4.7754,0.525,0.527285,0.375,0.376562,450.0,5.5473,0.993992,5.27246,2.82188,4.11487,1083.42,332.659,0.104664,0.104664,3.61774,3.26932,5.45653,4.98531,5.16566,3.39124,0.502642,0.358094,1.81623,1.27285,0.421953410733292
5.5,5.11036,0.575,0.573981,0.375,0.379552,450.0,6.62097,1.28956,6.19293,3.08906,4.30508,1083.42,332.659,0.136473,0.136473,3.8687,3.30275,5.8452,5.1743,4.67688,3.07067,0.544103,0.359315,1.79908,0.316106,0.9646784017132435
5.5,5.50602,0.625,0.619729,0.375,0.379618,450.0,5.91262,1.49795,5.60226,1.63207,2.34037,1083.42,332.659,0.0639697,0.0639697,2.11395,1.86026,3.18927,2.8168,4.26085,2.80138,0.584288,0.355554,1.79514,0.0969463,0.08325022190661538
5.5,4.51991,0.475,0.491293,0.425,0.41821,450.0,3.5648,1.46146,3.32423,0.316517,0.524533,1083.42,332.659,0.0143828,0.0143828,0.504439,0.450306,0.786461,0.719717,5.56353,3.43694,0.470208,0.399659,2.05038,14.3289,-0.6790181091536432
5.5,4.76144,0.525,0.528007,0.425,0.421207,450.0,6.20802,1.23964,5.80545,2.29132,3.24498,1083.42,332.659,0.112482,0.112482,3.15605,2.83638,4.93709,4.48138,5.14117,3.17887,0.503185,0.400973,2.0242,12.8689,1.2404769099874007
5.5,5.05737,0.575,0.575397,0.425,0.422334,450.0,6.99659,1.32334,6.35252,3.18035,4.37349,1083.42,332.659,0.201848,0.201848,4.62974,4.00706,7.243,6.53103,4.61644,2.8666,0.544597,0.398771,1.97799,10.2923,1.5653641932594136
5.5,4.93606,0.575,0.572793,0.475,0.457905,450.0,4.36642,1.8999,3.91409,0.341265,0.532042,1083.42,332.659,0.0328614,0.0328614,0.593936,0.588982,0.95716,0.878413,4.56506,2.708,,,2.10322,17.2752,-0.0821352040496875
5.5,4.79558,0.525,0.52318,0.425,0.443078,440.0,3.78209,1.39217,3.52152,0.435876,0.709318,852.698,497.192,0.0197647,0.0197647,0.500948,0.441575,0.799931,0.733971,5.25378,3.13915,0.499039,0.422781,2.16468,-3.51346,-0.46331249355052817
5.5,5.26193,0.575,0.57404,0.425,0.442805,440.0,6.03495,3.32109,5.67981,0.304801,0.434781,852.698,497.192,0.0141996,0.0141996,0.341923,0.311139,0.549441,0.496866,4.78748,2.87071,0.54534,0.420889,2.16335,-3.57271,0.3984922696463252
5.5,4.51821,0.475,0.49063,0.475,0.473835,440.0,3.363,1.15894,3.23589,0.441765,0.745523,852.698,497.192,0.00991263,0.00991263,0.643818,0.528126,1.04544,0.89898,5.57437,3.16931,0.469977,0.453477,2.32662,3.70481,-0.5472122223206913
5.5,4.76963,0.525,0.527437,0.475,0.474254,440.0,5.85939,1.04341,5.46125,2.57891,3.70682,852.698,497.192,0.125537,0.125537,3.45939,3.04251,5.65442,5.08802,5.1581,2.94885,0.504786,0.454426,2.28675,1.9277,1.6615222931418485
5.5,5.09955,0.575,0.569645,0.475,0.473245,440.0,4.81146,0.916034,4.34719,2.0803,3.15419,852.698,497.192,0.127792,0.127792,2.94495,2.39868,4.83195,4.07098,4.73464,2.72733,0.53755,0.444493,2.25807,0.64936,0.4992113562225917
5.5,4.52424,0.475,0.49129,0.525,0.522676,440.0,2.26159,0.777455,2.11035,0.333645,0.64053,852.698,497.192,0.0136664,0.0136664,0.472196,0.40093,0.794786,0.650508,5.56791,2.92383,0.46998,0.500592,2.56707,14.4222,-1.6284851972121313
5.5,4.75897,0.525,0.525918,0.525,0.521029,440.0,6.26121,1.37524,5.3671,1.85693,2.62413,852.698,497.192,0.160311,0.160311,2.53202,2.03316,4.28785,3.69609,5.17428,2.74711,0.500364,0.494776,2.51497,12.1001,1.8923571403569885
5.5,5.0473,0.575,0.55957,0.525,0.50994,440.0,4.5954,2.09194,4.12096,0.341454,0.524526,852.698,497.192,0.0239986,0.0239986,0.48886,0.392073,0.825587,0.649779,4.85479,2.64464,,,2.45302,9.33859,0.3210776440199802
5.5,4.76642,0.525,0.52116,0.525,0.536506,430.0,2.53147,0.801321,2.32396,0.716132,1.32449,471.799,266.696,0.0447091,0.0447091,0.859087,0.79575,1.47199,1.22207,5.26237,2.7182,0.496901,0.511634,2.61692,-2.84681,-1.2029573728358327
5.5,4.51904,0.475,0.490329,0.575,0.570221,430.0,2.99978,1.56089,2.71655,0.319316,0.558815,471.799,266.696,0.0137689,0.0137689,0.400369,0.274698,0.696436,0.53229,5.58059,2.69692,0.469128,0.546405,2.80366,4.08588,-0.05843094295482962
5.5,4.6883,0.525,0.512554,0.575,0.56124,430.0,2.27769,0.971212,2.04699,0.412213,0.789503,471.799,266.696,0.0224282,0.0224282,0.492533,0.368322,0.855949,0.620185,5.34203,2.648,,,2.73872,1.67503,-0.987468378112418
