xbj,Q2,z,zi,y_neg_H2,err_neg_H2,y_pos_H2,err_pos_H2,y_neg_D2,err_neg_D2,y_pos_D2,err_pos_D2,y_neg_Dummy,err_neg_Dummy,y_pos_Dummy,err_pos_Dummy,y_H2_neg_delta,y_H2_neg_rho,y_H2_neg_Dummy,y_H2_neg_incnorad,y_H2_pos_delta,y_H2_pos_exc,y_H2_pos_rho,y_H2_pos_Dummy,y_H2_pos_incnorad,xs_H2_pos,xs_H2_neg,y_H2_neg_incnorad_yield,y_H2_pos_incnorad_yield,y_D2_neg_delta,y_D2_neg_exc,y_D2_neg_rho,y_D2_neg_Dummy,y_D2_neg_incnorad,y_D2_pos_delta,y_D2_pos_exc,y_D2_pos_rho,y_D2_pos_Dummy,y_D2_pos_incnorad,xs_D2_pos,xs_D2_neg,y_D2_neg_incnorad_yield,y_D2_pos_incnorad_yield
0.35,4,0.4,0.025,0,0,0,0,0,0,0,0,0,0,0,0,0,0,0,0.660457,0,0,-0,0,0.982739,0,0,0,0,0,0,0,0,0.816233,0,0,0,0,0.678516,0,0,0,0
0.35,4,0.4,0.075,0,0,0,0,0,0,0,0,0,0,0,0,0,0,0,0.7518,0,0,-0,0,1.0107,0,0,0,0,0,0,0,0,0.853437,0,0,0,0,0.738125,0,0,0,0
0.35,4,0.4,0.125,0,0,0,0,0,0,0,0,0,0,0,0,0,0,0,0.836922,0,0,-0,0,1.03875,0,0,0,0,0,0,0,0,0.889305,0,0,0,0,0.794317,0,0,0,0
0.35,4,0.4,0.175,0,0,0,0,0,0,0,0,0,0,0,0,0,0,0,0.915822,0,0,-0,0,1.06687,0,0,0,0,0,0,0,0,0.923837,0,0,0,0,0.847092,0,0,0,0
0.35,4,0.4,0.225,0,0,0,0,0,0,0,0,0,0,0,0,0,0,0,0.988502,0,0,-0,0,1.09506,0,0,0,0,0,0,0,0,0.957032,0,0,0,0,0.896452,0,0,0,0
0.35,4,0.4,0.275,0,0,0,0,0,0,0,0,0,0,0,0,0,0,0,1.05496,0,0,-0,0,1.12334,0,0,0,0,0,0,0,0,0.98889,0,0,0,0,0.942394,0,0,0,0
0.35,4,0.4,0.325,0,0,0,0,0,0,0,0,0,0,0,0,0,0,0,1.1152,0,0,0,0,1.15169,0,0,0,0,0,0,0,0,1.01941,0,0,0,0,0.984921,0,0,0,0
0.35,4,0.4,0.375,19.2534,0.344272,34.9911,0.40527,37.3503,0.697691,56.7546,0.734141,6.60774,0.24745,8.96709,0.186197,0.0586559,0.639581,15.8556,1.16921,0.26917,0.123348,0.802122,21.2751,1.18012,0,0,0,0,0.13244,0.181806,1.4018,4.96194,1.0486,0.398409,0.438169,1.37118,6.88673,1.02403,0,0,0,0
0.35,4,0.4,0.425,37.3721,0.479647,69.5489,0.571361,74.4418,0.984973,116.133,1.05016,11.8986,0.332054,17.2383,0.258163,0.105384,1.29721,29.3175,1.21701,0.613668,0.311059,2.29888,43.7789,1.20862,3.74901e-09,2.09006e-09,10.5166,18.8639,0.356667,0.52035,2.90151,10.0243,1.07644,1.07296,1.07009,2.89432,14.3393,1.05972,1.31827e-08,8.73055e-09,50.2835,75.9257
0.35,4,0.4,0.475,15.1905,0.305797,30.9973,0.381441,32.3794,0.649607,49.9194,0.688515,4.73314,0.209428,6.98528,0.164338,0.0532423,0.580544,15.5917,1.25858,0.370316,0.189384,1.29164,25.9072,1.2372,2.79464e-09,1.5057e-09,16.4063,30.4506,0.213456,0.313409,1.49862,4.43862,1.10296,0.61265,0.579282,1.44684,6.32791,1.092,1.18198e-08,7.64734e-09,94.6496,146.291
0.35,4,0.4,0.525,0.264245,0.0403322,0.446428,0.0457763,0.446527,0.0762851,0.587595,0.0746995,0.0960127,0.0321543,0.0901037,0.0186646,0.00134814,0.0115582,0.409402,1.29393,0.00761695,0.00376637,0.0217722,0.547756,1.26586,1.93537e-09,1.00145e-09,5.17255,9.99625,0.0039961,0.00577598,0.0265458,0.0625646,1.12813,0.00947259,0.0087496,0.021355,0.0770994,1.12086,1.05524e-08,6.64944e-09,39.7034,63.0079
0.35,4,0.4,0.575,0,0,0,0,0,0,0,0,0,0,0,0,0,0,0,1.32306,0,0,0,0,1.2946,1.24764e-09,6.17045e-10,0.0454252,0.0918477,0,0,0,0,1.15197,0,0,0,0,1.14631,8.67815e-09,5.31448e-09,0.38674,0.631516
0.35,4,0.4,0.625,0,0,0,0,0,0,0,0,0,0,0,0,0,0,0,1.34597,0,0,0,0,1.32341,0,0,0,0,0,0,0,0,1.17447,0,0,0,0,1.16833,0,0,0,0
0.35,4,0.4,0.675,0,0,0,0,0,0,0,0,0,0,0,0,0,0,0,1.36266,0,0,0,0,1.3523,0,0,0,0,0,0,0,0,1.19564,0,0,0,0,1.18694,0,0,0,0
0.35,4,0.4,0.725,0,0,0,0,0,0,0,0,0,0,0,0,0,0,0,1.37313,0,0,0,0,1.38127,0,0,0,0,0,0,0,0,1.21547,0,0,0,0,1.20214,0,0,0,0
0.35,4,0.4,0.775,0,0,0,0,0,0,0,0,0,0,0,0,0,0,0,1.37738,0,0,0,0,1.41032,0,0,0,0,0,0,0,0,1.23396,0,0,0,0,1.21392,0,0,0,0
0.35,4,0.4,0.825,0,0,0,0,0,0,0,0,0,0,0,0,0,0,0,1.3754,0,0,0,0,1.43944,0,0,0,0,0,0,0,0,1.25112,0,0,0,0,1.22228,0,0,0,0
0.35,4,0.4,0.875,0,0,0,0,0,0,0,0,0,0,0,0,0,0,0,1.36721,0,0,0,0,1.46864,0,0,0,0,0,0,0,0,1.26693,0,0,0,0,1.22722,0,0,0,0
0.35,4,0.4,0.925,0,0,0,0,0,0,0,0,0,0,0,0,0,0,0,1.35279,0,0,0,0,1.49791,0,0,0,0,0,0,0,0,1.28142,0,0,0,0,1.22875,0,0,0,0
0.35,4,0.4,0.975,0,0,0,0,0,0,0,0,0,0,0,0,0,0,0,1.33215,0,0,0,0,1.52727,0,0,0,0,0,0,0,0,1.29456,0,0,0,0,1.22687,0,0,0,0
0.35,4,0.5,0.025,0,0,0,0,0,0,0,0,0,0,0,0,0,0,0,0.660457,0,0,-0,0,0.982739,0,0,0,0,0,0,0,0,0.816233,0,0,0,0,0.678516,0,0,0,0
0.35,4,0.5,0.075,0,0,0,0,0,0,0,0,0,0,0,0,0,0,0,0.7518,0,0,-0,0,1.0107,0,0,0,0,0,0,0,0,0.853437,0,0,0,0,0.738125,0,0,0,0
0.35,4,0.5,0.125,0,0,0,0,0,0,0,0,0,0,0,0,0,0,0,0.836922,0,0,-0,0,1.03875,0,0,0,0,0,0,0,0,0.889305,0,0,0,0,0.794317,0,0,0,0
0.35,4,0.5,0.175,0,0,0,0,0,0,0,0,0,0,0,0,0,0,0,0.915822,0,0,-0,0,1.06687,0,0,0,0,0,0,0,0,0.923837,0,0,0,0,0.847092,0,0,0,0
0.35,4,0.5,0.225,0,0,0,0,0,0,0,0,0,0,0,0,0,0,0,0.988502,0,0,-0,0,1.09506,0,0,0,0,0,0,0,0,0.957032,0,0,0,0,0.896452,0,0,0,0
0.35,4,0.5,0.275,0,0,0,0,0,0,0,0,0,0,0,0,0,0,0,1.05496,0,0,-0,0,1.12334,0,0,0,0,0,0,0,0,0.98889,0,0,0,0,0.942394,0,0,0,0
0.35,4,0.5,0.325,0,0,0,0,0,0,0,0,0,0,0,0,0,0,0,1.1152,0,0,0,0,1.15169,0,0,0,0,0,0,0,0,1.01941,0,0,0,0,0.984921,0,0,0,0
0.35,4,0.5,0.375,0,0,0,0,0,0,0,0,0,0,0,0,0,0,0,1.16921,0,0,0,0,1.18012,0,0,0,0,0,0,0,0,1.0486,0,0,0,0,1.02403,0,0,0,0
0.35,4,0.5,0.425,0.162214,0.0269296,0.197968,0.0309873,0.173387,0.0433897,-nan,-nan,0.0288625,0.0150048,0.11561,0.0376714,0.00045742,0.00563053,0.127252,1.21701,0.00174678,0.000885418,0.00654367,0.124615,1.20862,0,0,0,0,0.000830735,0.00121198,0.0067581,0.0233483,1.07644,-nan,-nan,-nan,-nan,1.05972,0,0,0,0
0.35,4,0.5,0.475,17.9805,0.283522,36.6072,0.421376,38.5436,0.646926,60.0576,1.07051,6.23864,0.220602,9.84386,0.347613,0.0630213,0.687172,18.4554,1.25858,0.437335,0.223659,1.52541,30.5959,1.2372,3.22572e-09,1.74222e-09,0.0533141,0.0987101,0.254092,0.373074,1.78391,5.28361,1.10296,0.737074,0.696929,1.74068,7.61306,1.092,1.28132e-08,8.29524e-09,0.325466,0.502725
0.35,4,0.5,0.525,27.169,0.348516,57.1191,0.526352,61.4135,0.816602,93.6832,1.33702,9.56488,0.273152,15.4662,0.435717,0.138613,1.18838,42.0937,1.29393,0.974566,0.481896,2.78569,70.0837,1.26586,2.21406e-09,1.15467e-09,7.35076,14.0949,0.549606,0.794404,3.65099,8.60487,1.12813,1.51026,1.39499,3.40473,12.2923,1.12086,1.13448e-08,7.16883e-09,52.2381,82.6672
0.35,4,0.5,0.575,17.0318,0.275941,37.2889,0.425281,36.2088,0.627026,61.3948,1.08236,6.26305,0.221033,9.96509,0.349747,0.129621,0.873367,40.0797,1.32306,0.901251,0.427087,2.02684,67.2328,1.2946,1.51025e-09,7.58462e-10,8.42296,16.7718,0.429509,0.606794,2.84152,5.20524,1.15197,1.276,1.17097,2.88561,8.40002,1.14631,9.8464e-09,6.06694e-09,78.7417,127.795
0.35,4,0.5,0.625,2.53774,0.106515,5.88988,0.16902,5.26953,0.239202,8.97851,0.413913,1.07254,0.0914683,1.6074,0.140467,0.0279937,0.154377,8.72502,1.34597,0.19595,0.0892907,0.344118,15.1013,1.32341,1.1201e-09,5.45582e-10,3.68257,7.5604,0.0807849,0.111439,0.544675,0.779941,1.17447,0.235781,0.216843,0.547306,1.2892,1.16833,8.80632e-09,5.30358e-09,47.9669,79.6465
0.35,4,0.5,0.675,0,0,0,0,0,0,0,0,0,0,0,0,0,0,0,1.36266,0,0,0,0,1.3523,9.31305e-10,4.40051e-10,0.190854,0.403914,0,0,0,0,1.19564,0,0,0,0,1.18694,7.52634e-09,4.40997e-09,6.84729,11.686
0.35,4,0.5,0.725,0,0,0,0,0,0,0,0,0,0,0,0,0,0,0,1.37313,0,0,0,0,1.38127,0,0,0,0,0,0,0,0,1.21547,0,0,0,0,1.20214,0,0,0,0
0.35,4,0.5,0.775,0,0,0,0,0,0,0,0,0,0,0,0,0,0,0,1.37738,0,0,0,0,1.41032,0,0,0,0,0,0,0,0,1.23396,0,0,0,0,1.21392,0,0,0,0
0.35,4,0.5,0.825,0,0,0,0,0,0,0,0,0,0,0,0,0,0,0,1.3754,0,0,0,0,1.43944,0,0,0,0,0,0,0,0,1.25112,0,0,0,0,1.22228,0,0,0,0
0.35,4,0.5,0.875,0,0,0,0,0,0,0,0,0,0,0,0,0,0,0,1.36721,0,0,0,0,1.46864,0,0,0,0,0,0,0,0,1.26693,0,0,0,0,1.22722,0,0,0,0
0.35,4,0.5,0.925,0,0,0,0,0,0,0,0,0,0,0,0,0,0,0,1.35279,0,0,0,0,1.49791,0,0,0,0,0,0,0,0,1.28142,0,0,0,0,1.22875,0,0,0,0
0.35,4,0.5,0.975,0,0,0,0,0,0,0,0,0,0,0,0,0,0,0,1.33215,0,0,0,0,1.52727,0,0,0,0,0,0,0,0,1.29456,0,0,0,0,1.22687,0,0,0,0
0.35,4,0.6,0.025,0,0,0,0,0,0,0,0,0,0,0,0,0,0,0,0.660457,0,0,-0,0,0.982739,0,0,0,0,0,0,0,0,0.816233,0,0,0,0,0.678516,0,0,0,0
0.35,4,0.6,0.075,0,0,0,0,0,0,0,0,0,0,0,0,0,0,0,0.7518,0,0,-0,0,1.0107,0,0,0,0,0,0,0,0,0.853437,0,0,0,0,0.738125,0,0,0,0
0.35,4,0.6,0.125,0,0,0,0,0,0,0,0,0,0,0,0,0,0,0,0.836922,0,0,-0,0,1.03875,0,0,0,0,0,0,0,0,0.889305,0,0,0,0,0.794317,0,0,0,0
0.35,4,0.6,0.175,0,0,0,0,0,0,0,0,0,0,0,0,0,0,0,0.915822,0,0,-0,0,1.06687,0,0,0,0,0,0,0,0,0.923837,0,0,0,0,0.847092,0,0,0,0
0.35,4,0.6,0.225,0,0,0,0,0,0,0,0,0,0,0,0,0,0,0,0.988502,0,0,-0,0,1.09506,0,0,0,0,0,0,0,0,0.957032,0,0,0,0,0.896452,0,0,0,0
0.35,4,0.6,0.275,0,0,0,0,0,0,0,0,0,0,0,0,0,0,0,1.05496,0,0,-0,0,1.12334,0,0,0,0,0,0,0,0,0.98889,0,0,0,0,0.942394,0,0,0,0
0.35,4,0.6,0.325,0,0,0,0,0,0,0,0,0,0,0,0,0,0,0,1.1152,0,0,0,0,1.15169,0,0,0,0,0,0,0,0,1.01941,0,0,0,0,0.984921,0,0,0,0
0.35,4,0.6,0.375,0,0,0,0,0,0,0,0,0,0,0,0,0,0,0,1.16921,0,0,0,0,1.18012,0,0,0,0,0,0,0,0,1.0486,0,0,0,0,1.02403,0,0,0,0
0.35,4,0.6,0.425,0,0,0,0,0,0,0,0,0,0,0,0,0,0,0,1.21701,0,0,0,0,1.20862,0,0,0,0,0,0,0,0,1.07644,0,0,0,0,1.05972,0,0,0,0
0.35,4,0.6,0.475,0,0,0,0,0,0,0,0,0,0,0,0,0,0,0,1.25858,0,0,0,0,1.2372,0,0,0,0,0,0,0,0,1.10296,0,0,0,0,1.092,0,0,0,0
0.35,4,0.6,0.525,0.900684,0.063993,2.07168,0.119155,1.94545,0.148736,2.73774,0.186094,0.236905,0.0476871,0.448763,0.0611395,0.00459517,0.0393962,1.39546,1.29393,0.035347,0.0174781,0.101035,2.5419,1.26586,0,0,0,0,0.0174103,0.025165,0.115656,0.272583,1.12813,0.0441349,0.0407663,0.0994975,0.359223,1.12086,0,0,0,0
0.35,4,0.6,0.575,15.9765,0.269518,34.6179,0.48708,34.9045,0.630012,56.3633,0.844374,6.10345,0.242048,9.25559,0.277661,0.12159,0.819254,37.5964,1.32306,0.836693,0.396494,1.88166,62.4169,1.2946,1.70816e-09,8.65939e-10,0.402418,0.793811,0.414038,0.584937,2.73917,5.01774,1.15197,1.17143,1.07501,2.64913,7.71161,1.14631,1.05185e-08,6.53154e-09,3.10347,4.99784
0.35,4,0.6,0.625,22.5462,0.320172,50.8412,0.590281,46.8881,0.730195,80.9163,1.01171,8.2079,0.280692,13.061,0.329838,0.248706,1.37154,77.5163,1.34597,1.69143,0.770754,2.97041,130.354,1.32341,1.20563e-09,5.93345e-10,4.21865,8.57191,0.718821,0.991584,4.8465,6.93988,1.17447,2.12491,1.95423,4.93244,11.6185,1.16833,9.16239e-09,5.55757e-09,47.3991,78.1436
0.35,4,0.6,0.675,16.3182,0.272384,40.1329,0.524446,35.4991,0.635355,66.2958,0.915756,5.81335,0.236226,10.1307,0.290492,0.250699,1.18146,78.392,1.36266,1.78032,0.784854,2.44731,140.855,1.3523,9.68457e-10,4.67344e-10,3.17245,6.57412,0.687082,0.926682,4.7608,5.42686,1.19564,2.15807,1.99722,5.18513,10.0447,1.18694,8.01451e-09,4.76179e-09,62.3463,104.934
0.35,4,0.6,0.725,4.10107,0.136551,10.7498,0.271426,9.36831,0.326391,16.5503,0.457551,1.47002,0.118789,2.46248,0.143219,0.084511,0.352637,26.4552,1.37313,0.617517,0.264903,0.666706,49.883,1.38127,9.5452e-10,4.61693e-10,0.824225,1.70403,0.224231,0.296298,1.59934,1.48345,1.21547,0.656353,0.612305,1.63459,2.65796,1.20214,7.32006e-09,4.29089e-09,46.9703,80.129
0.35,4,0.6,0.775,0,0,0,0,0,0,0,0,0,0,0,0,0,0,0,1.37738,0,0,0,0,1.41032,0,0,0,0,0,0,0,0,1.23396,0,0,0,0,1.21392,7.12602e-09,4.11176e-09,11.3901,19.7399
0.35,4,0.6,0.825,0,0,0,0,0,0,0,0,0,0,0,0,0,0,0,1.3754,0,0,0,0,1.43944,0,0,0,0,0,0,0,0,1.25112,0,0,0,0,1.22228,0,0,0,0
0.35,4,0.6,0.875,0,0,0,0,0,0,0,0,0,0,0,0,0,0,0,1.36721,0,0,0,0,1.46864,0,0,0,0,0,0,0,0,1.26693,0,0,0,0,1.22722,0,0,0,0
0.35,4,0.6,0.925,0,0,0,0,0,0,0,0,0,0,0,0,0,0,0,1.35279,0,0,0,0,1.49791,0,0,0,0,0,0,0,0,1.28142,0,0,0,0,1.22875,0,0,0,0
0.35,4,0.6,0.975,0,0,0,0,0,0,0,0,0,0,0,0,0,0,0,1.33215,0,0,0,0,1.52727,0,0,0,0,0,0,0,0,1.29456,0,0,0,0,1.22687,0,0,0,0
0.35,4,0.7,0.025,0,0,0,0,0,0,0,0,0,0,0,0,0,0,0,0.660457,0,0,-0,0,0.982739,0,0,0,0,0,0,0,0,0.816233,0,0,0,0,0.678516,0,0,0,0
0.35,4,0.7,0.075,0,0,0,0,0,0,0,0,0,0,0,0,0,0,0,0.7518,0,0,-0,0,1.0107,0,0,0,0,0,0,0,0,0.853437,0,0,0,0,0.738125,0,0,0,0
0.35,4,0.7,0.125,0,0,0,0,0,0,0,0,0,0,0,0,0,0,0,0.836922,0,0,-0,0,1.03875,0,0,0,0,0,0,0,0,0.889305,0,0,0,0,0.794317,0,0,0,0
0.35,4,0.7,0.175,0,0,0,0,0,0,0,0,0,0,0,0,0,0,0,0.915822,0,0,-0,0,1.06687,0,0,0,0,0,0,0,0,0.923837,0,0,0,0,0.847092,0,0,0,0
0.35,4,0.7,0.225,0,0,0,0,0,0,0,0,0,0,0,0,0,0,0,0.988502,0,0,-0,0,1.09506,0,0,0,0,0,0,0,0,0.957032,0,0,0,0,0.896452,0,0,0,0
0.35,4,0.7,0.275,0,0,0,0,0,0,0,0,0,0,0,0,0,0,0,1.05496,0,0,-0,0,1.12334,0,0,0,0,0,0,0,0,0.98889,0,0,0,0,0.942394,0,0,0,0
0.35,4,0.7,0.325,0,0,0,0,0,0,0,0,0,0,0,0,0,0,0,1.1152,0,0,0,0,1.15169,0,0,0,0,0,0,0,0,1.01941,0,0,0,0,0.984921,0,0,0,0
0.35,4,0.7,0.375,0,0,0,0,0,0,0,0,0,0,0,0,0,0,0,1.16921,0,0,0,0,1.18012,0,0,0,0,0,0,0,0,1.0486,0,0,0,0,1.02403,0,0,0,0
0.35,4,0.7,0.425,0,0,0,0,0,0,0,0,0,0,0,0,0,0,0,1.21701,0,0,0,0,1.20862,0,0,0,0,0,0,0,0,1.07644,0,0,0,0,1.05972,0,0,0,0
0.35,4,0.7,0.475,0,0,0,0,0,0,0,0,0,0,0,0,0,0,0,1.25858,0,0,0,0,1.2372,0,0,0,0,0,0,0,0,1.10296,0,0,0,0,1.092,0,0,0,0
0.35,4,0.7,0.525,0,0,0,0,0,0,0,0,0,0,0,0,0,0,0,1.29393,0,0,0,0,1.26586,0,0,0,0,0,0,0,0,1.12813,0,0,0,0,1.12086,0,0,0,0
0.35,4,0.7,0.575,0,0,0,0,0,0,0,0,0,0,0,0,0,0,0,1.32306,0,0,0,0,1.2946,0,0,0,0,0,0,0,0,1.15197,0,0,0,0,1.14631,0,0,0,0
0.35,4,0.7,0.625,2.34701,0.104467,4.93427,0.203761,4.82188,0.217067,8.24652,0.313657,0.832278,0.0964801,1.21101,0.098537,0.0258898,0.142774,8.06928,1.34597,0.164158,0.0748037,0.288286,12.6512,1.32341,0,0,0,0,0.0739221,0.101972,0.498404,0.713683,1.17447,0.216558,0.199164,0.502685,1.18409,1.16833,0,0,0,0
0.35,4,0.7,0.675,14.6785,0.261253,34.9597,0.542365,29.0447,0.532744,56.8312,0.823403,5.20046,0.241171,9.12779,0.270525,0.225507,1.06275,70.5148,1.36266,1.55083,0.683685,2.13185,122.699,1.3523,9.61308e-10,4.68166e-10,0.478558,0.982643,0.562158,0.758194,3.8952,4.44015,1.19564,1.84998,1.71209,4.44489,8.61069,1.18694,8.4232e-09,5.07571e-09,6.40536,10.6297
0.35,4,0.7,0.725,15.8082,0.27112,40.7273,0.585398,32.9073,0.567063,63.0621,0.867368,5.79022,0.254479,10.2781,0.287066,0.325761,1.35929,101.975,1.37313,2.33956,1.00362,2.52592,188.989,1.38127,9.50432e-10,4.61431e-10,1.05002,2.16277,0.787639,1.04078,5.61787,5.21078,1.21547,2.50092,2.33308,6.22834,10.1277,1.20214,7.55011e-09,4.46514e-09,41.3263,69.8785
0.35,4,0.7,0.775,3.72624,0.131631,9.68706,0.285499,7.35807,0.268143,15.0891,0.424278,1.26283,0.118843,2.34975,0.137257,0.0997248,0.378538,31.2208,1.37738,0.702509,0.294666,0.596191,57.6949,1.41032,1.13867e-09,5.60433e-10,0.0547084,0.111155,0.213907,0.27753,1.56864,1.2099,1.23396,0.717916,0.67544,1.85018,2.57787,1.21392,7.03588e-09,4.11802e-09,44.1375,75.4114
0.35,4,0.7,0.825,0,0,0,0,0,0,0,0,0,0,0,0,0,0,0,1.3754,0,0,0,0,1.43944,0,0,0,0,0,0,0,0,1.25112,0,0,0,0,1.22228,7.31713e-09,4.33493e-09,10.441,17.6239
0.35,4,0.7,0.875,0,0,0,0,0,0,0,0,0,0,0,0,0,0,0,1.36721,0,0,0,0,1.46864,0,0,0,0,0,0,0,0,1.26693,0,0,0,0,1.22722,0,0,0,0
0.35,4,0.7,0.925,0,0,0,0,0,0,0,0,0,0,0,0,0,0,0,1.35279,0,0,0,0,1.49791,0,0,0,0,0,0,0,0,1.28142,0,0,0,0,1.22875,0,0,0,0
0.35,4,0.7,0.975,0,0,0,0,0,0,0,0,0,0,0,0,0,0,0,1.33215,0,0,0,0,1.52727,0,0,0,0,0,0,0,0,1.29456,0,0,0,0,1.22687,0,0,0,0
0.45,4,0.4,0.025,0,0,0,0,0,0,0,0,0,0,0,0,0,-0,0,0.477601,0,-0,-0,0,0.688005,0,0,0,0,-0,-0,0,-0,0.793593,-0,-0,0,-0,0.461486,0,0,0,0
0.45,4,0.4,0.075,0,0,0,0,0,0,0,0,0,0,0,0,0,-0,0,0.631193,0,-0,-0,0,0.790984,0,0,0,0,-0,-0,0,-0,0.847878,-0,-0,0,-0,0.580021,0,0,0,0
0.45,4,0.4,0.125,0,0,0,0,0,0,0,0,0,0,0,0,0,-0,0,0.769324,0,-0,-0,0,0.884848,0,0,0,0,-0,-0,0,-0,0.898445,-0,-0,0,-0,0.687718,0,0,0,0
0.45,4,0.4,0.175,0,0,0,0,0,0,0,0,0,0,0,0,0,-0,0,0.891994,0,-0,-0,0,0.969596,0,0,0,0,-0,-0,0,-0,0.945295,-0,-0,0,-0,0.784576,0,0,0,0
0.45,4,0.4,0.225,0,0,0,0,0,0,0,0,0,0,0,0,0,-0,0,0.999201,0,-0,-0,0,1.04523,0,0,0,0,-0,-0,0,0,0.988428,-0,-0,0,0,0.870595,0,0,0,0
0.45,4,0.4,0.275,0,0,0,0,0,0,0,0,0,0,0,0,0,-0,0,1.09095,0,-0,-0,0,1.11175,0,0,0,0,0,-0,0,0,1.02784,0,-0,0,0,0.945776,0,0,0,0
0.45,4,0.4,0.325,0.541387,0.0479781,1.0167,0.101217,0.952632,0.0930101,1.58605,0.161376,0.0891421,0.0301209,0.136032,0.044102,0.0011728,0.00864302,0.200051,1.16723,0.00712335,0.00138344,0.0109308,0.339853,1.16915,0,0,0,0,0.00261715,-0.00110499,0.02474,0.0749392,1.06354,0.0128761,0.000795762,0.0258997,0.120449,1.01012,0,0,0,0
0.45,4,0.4,0.375,23.7845,0.318006,49.6374,0.707229,51.5433,0.684153,79.7322,1.14419,7.98392,0.285059,11.6015,0.407282,0.0519524,0.725516,13.7179,1.22806,0.435356,0.24532,1.71682,23.9635,1.21743,5.77973e-09,3.41179e-09,0.624792,1.05842,0.227565,0.205776,1.71769,5.07928,1.09552,0.97989,0.635058,1.72033,7.61005,1.06362,1.89056e-08,1.30322e-08,3.07457,4.4602
0.45,4,0.4,0.425,36.6267,0.394628,76.9268,0.880429,79.939,0.852014,120.014,1.40377,10.763,0.330974,16.8976,0.49153,0.107278,1.49062,39.7812,1.27342,0.895527,0.572613,3.81258,66.385,1.2566,4.44515e-09,2.53937e-09,14.6092,25.5731,0.501854,0.680818,3.44672,9.05709,1.12378,1.97785,1.8674,3.31607,13.1151,1.10629,1.71045e-08,1.15234e-08,78.2859,116.201
0.45,4,0.4,0.475,14.1139,0.244969,32.2681,0.57022,29.9732,0.521716,46.9928,0.878409,4.64614,0.217457,6.91596,0.314459,0.0621043,0.65695,26.7828,1.30332,0.503966,0.286051,1.79646,47.5906,1.28666,3.62963e-09,1.9848e-09,11.8399,21.6518,0.249859,0.372067,1.65887,3.68471,1.14832,0.972258,1.09431,1.62091,5.51923,1.13811,1.50024e-08,9.78249e-09,108.1,165.781
0.45,4,0.4,0.525,1.00802,0.0654672,2.57634,0.161123,2.3395,0.145757,3.92146,0.253749,-nan,-nan,0.370134,0.0727474,0.00665108,0.0484353,3.03539,1.31776,0.053333,0.0237175,0.136347,5.97307,1.3076,3.27161e-09,1.72032e-09,1.06107,2.01789,0.0247739,0.0366882,0.163789,0.298155,1.16915,0.0977142,0.122135,0.165338,0.470375,1.1591,1.33748e-08,8.40027e-09,36.934,58.8059
0.45,4,0.4,0.575,0,0,0,0,0,0,0,0,0,0,0,0,0,0,0,1.31674,0,0,0,0,1.31942,0,0,0,0,0,0,0,0,1.18626,0,0,0,0,1.16925,1.3887e-08,8.45243e-09,2.35219,3.86457
0.45,4,0.4,0.625,0,0,0,0,0,0,0,0,0,0,0,0,0,0,0,1.30025,0,0,0,0,1.32213,0,0,0,0,0,0,0,0,1.19965,0,0,0,0,1.16856,0,0,0,0
0.45,4,0.4,0.675,0,0,0,0,0,0,0,0,0,0,0,0,0,0,0,1.26831,0,0,-0,0,1.31572,0,0,0,0,0,0,0,0,1.20933,0,0,0,0,1.15703,0,0,0,0
0.45,4,0.4,0.725,0,0,0,0,0,0,0,0,0,0,0,0,0,0,0,1.2209,0,-0,-0,0,1.3002,0,0,0,0,0,0,0,0,1.21528,0,0,0,0,1.13467,0,0,0,0
0.45,4,0.4,0.775,0,0,0,0,0,0,0,0,0,0,0,0,0,-0,0,1.15803,0,-0,-0,0,1.27556,0,0,0,0,0,0,0,0,1.21752,0,0,0,0,1.10146,0,0,0,0
0.45,4,0.4,0.825,0,0,0,0,0,0,0,0,0,0,0,0,0,-0,0,1.0797,0,-0,-0,0,1.24181,0,0,0,0,0,0,0,0,1.21604,0,0,0,0,1.05742,0,0,0,0
0.45,4,0.4,0.875,0,0,0,0,0,0,0,0,0,0,0,0,0,-0,0,0.985909,0,-0,-0,0,1.19894,0,0,0,0,0,0,0,0,1.21084,0,0,0,-0,1.00253,0,0,0,0
0.45,4,0.4,0.925,0,0,0,0,0,0,0,0,0,0,0,0,0,-0,0,0.876656,0,-0,-0,0,1.14695,0,0,0,0,0,0,0,-0,1.20193,0,0,0,-0,0.936813,0,0,0,0
0.45,4,0.4,0.975,0,0,0,0,0,0,0,0,0,0,0,0,0,-0,0,0.751942,0,-0,-0,0,1.08585,0,0,0,0,0,0,0,-0,1.1893,0,0,0,-0,0.860253,0,0,0,0
0.45,4,0.5,0.025,0,0,0,0,0,0,0,0,0,0,0,0,0,-0,0,0.477601,0,-0,-0,0,0.688005,0,0,0,0,-0,-0,0,-0,0.793593,-0,-0,0,-0,0.461486,0,0,0,0
0.45,4,0.5,0.075,0,0,0,0,0,0,0,0,0,0,0,0,0,-0,0,0.631193,0,-0,-0,0,0.790984,0,0,0,0,-0,-0,0,-0,0.847878,-0,-0,0,-0,0.580021,0,0,0,0
0.45,4,0.5,0.125,0,0,0,0,0,0,0,0,0,0,0,0,0,-0,0,0.769324,0,-0,-0,0,0.884848,0,0,0,0,-0,-0,0,-0,0.898445,-0,-0,0,-0,0.687718,0,0,0,0
0.45,4,0.5,0.175,0,0,0,0,0,0,0,0,0,0,0,0,0,-0,0,0.891994,0,-0,-0,0,0.969596,0,0,0,0,-0,-0,0,-0,0.945295,-0,-0,0,-0,0.784576,0,0,0,0
0.45,4,0.5,0.225,0,0,0,0,0,0,0,0,0,0,0,0,0,-0,0,0.999201,0,-0,-0,0,1.04523,0,0,0,0,-0,-0,0,0,0.988428,-0,-0,0,0,0.870595,0,0,0,0
0.45,4,0.5,0.275,0,0,0,0,0,0,0,0,0,0,0,0,0,-0,0,1.09095,0,-0,-0,0,1.11175,0,0,0,0,0,-0,0,0,1.02784,0,-0,0,0,0.945776,0,0,0,0
0.45,4,0.5,0.325,0,0,0,0,0,0,0,0,0,0,0,0,0,0,0,1.16723,0,0,0,0,1.16915,0,0,0,0,0,-0,0,0,1.06354,0,0,0,0,1.01012,0,0,0,0
0.45,4,0.5,0.375,0,0,0,0,0,0,0,0,0,0,0,0,0,0,0,1.22806,0,0,0,0,1.21743,0,0,0,0,0,0,0,0,1.09552,0,0,0,0,1.06362,0,0,0,0
0.45,4,0.5,0.425,2.99081,0.116482,6.13637,0.261279,5.78403,0.211883,10.0942,0.430816,1.10019,0.103613,1.25275,0.148804,0.00875993,0.121719,3.2484,1.27342,0.0714352,0.0456767,0.304125,5.29546,1.2566,0,0,0,0,0.0363119,0.0492609,0.249389,0.655331,1.12378,0.166353,0.157064,0.278909,1.10309,1.10629,0,0,0,0
0.45,4,0.5,0.475,22.5335,0.319726,51.8646,0.7596,48.4656,0.613334,80.5402,1.21692,7.81233,0.276104,11.4949,0.450747,0.0991529,1.04886,42.7601,1.30332,0.810024,0.45977,2.88745,76.4924,1.28666,3.57148e-09,1.9226e-09,1.88117,3.4945,0.404014,0.601619,2.68234,5.95805,1.14832,1.66634,1.87552,2.77805,9.4593,1.13811,1.71542e-08,1.10793e-08,12.9129,19.9932
0.45,4,0.5,0.525,28.7444,0.361111,66.3141,0.85892,59.7604,0.681062,103.862,1.38192,9.73282,0.308178,14.2954,0.502665,0.18966,1.38117,86.5565,1.31776,1.37277,0.610481,3.50953,153.745,1.3076,2.96733e-09,1.54481e-09,6.97684,13.4013,0.632827,0.937169,4.18384,7.61612,1.16915,2.58801,3.23482,4.37906,12.4581,1.1591,1.53168e-08,9.61505e-09,75.5876,120.411
0.45,4,0.5,0.575,10.9984,0.223372,25.9937,0.537754,23.0821,0.423271,38.1703,0.837758,3.60085,0.18745,5.87253,0.322176,0.104735,0.497219,48.6899,1.31674,0.698976,0.220084,1.07382,88.2149,1.31942,2.69962e-09,1.35884e-09,2.83226,5.62685,0.300943,0.422936,2.01073,2.92756,1.18626,1.11324,1.49383,1.93293,4.45762,1.16925,1.39598e-08,8.46901e-09,86.6366,142.806
0.45,4,0.5,0.625,0.34241,0.0394128,0.92647,0.101523,0.835698,0.0805387,1.79515,0.18168,0.137603,0.0366434,0.257324,0.0674405,0.00451089,0.0130189,2.10407,1.30025,0.0316719,0.00615876,0.0193044,4.35502,1.32213,2.81757e-09,1.38603e-09,0.0546151,0.111023,0.0131051,0.016995,0.0891273,0.101201,1.19965,0.0600144,0.0848358,0.107574,0.193784,1.16856,1.38248e-08,8.12378e-09,32.0888,54.6079
0.45,4,0.5,0.675,0,0,0,0,0,0,0,0,0,0,0,0,0,0,0,1.26831,0,0,-0,0,1.31572,0,0,0,0,0,0,0,0,1.20933,0,0,0,0,1.15703,1.62724e-08,9.35913e-09,1.19762,2.08226
0.45,4,0.5,0.725,0,0,0,0,0,0,0,0,0,0,0,0,0,0,0,1.2209,0,-0,-0,0,1.3002,0,0,0,0,0,0,0,0,1.21528,0,0,0,0,1.13467,0,0,0,0
0.45,4,0.5,0.775,0,0,0,0,0,0,0,0,0,0,0,0,0,-0,0,1.15803,0,-0,-0,0,1.27556,0,0,0,0,0,0,0,0,1.21752,0,0,0,0,1.10146,0,0,0,0
0.45,4,0.5,0.825,0,0,0,0,0,0,0,0,0,0,0,0,0,-0,0,1.0797,0,-0,-0,0,1.24181,0,0,0,0,0,0,0,0,1.21604,0,0,0,0,1.05742,0,0,0,0
0.45,4,0.5,0.875,0,0,0,0,0,0,0,0,0,0,0,0,0,-0,0,0.985909,0,-0,-0,0,1.19894,0,0,0,0,0,0,0,0,1.21084,0,0,0,-0,1.00253,0,0,0,0
0.45,4,0.5,0.925,0,0,0,0,0,0,0,0,0,0,0,0,0,-0,0,0.876656,0,-0,-0,0,1.14695,0,0,0,0,0,0,0,-0,1.20193,0,0,0,-0,0.936813,0,0,0,0
0.45,4,0.5,0.975,0,0,0,0,0,0,0,0,0,0,0,0,0,-0,0,0.751942,0,-0,-0,0,1.08585,0,0,0,0,0,0,0,-0,1.1893,0,0,0,-0,0.860253,0,0,0,0
0.45,4,0.6,0.025,0,0,0,0,0,0,0,0,0,0,0,0,0,-0,0,0.477601,0,-0,-0,0,0.688005,0,0,0,0,-0,-0,0,-0,0.793593,-0,-0,0,-0,0.461486,0,0,0,0
0.45,4,0.6,0.075,0,0,0,0,0,0,0,0,0,0,0,0,0,-0,0,0.631193,0,-0,-0,0,0.790984,0,0,0,0,-0,-0,0,-0,0.847878,-0,-0,0,-0,0.580021,0,0,0,0
0.45,4,0.6,0.125,0,0,0,0,0,0,0,0,0,0,0,0,0,-0,0,0.769324,0,-0,-0,0,0.884848,0,0,0,0,-0,-0,0,-0,0.898445,-0,-0,0,-0,0.687718,0,0,0,0
0.45,4,0.6,0.175,0,0,0,0,0,0,0,0,0,0,0,0,0,-0,0,0.891994,0,-0,-0,0,0.969596,0,0,0,0,-0,-0,0,-0,0.945295,-0,-0,0,-0,0.784576,0,0,0,0
0.45,4,0.6,0.225,0,0,0,0,0,0,0,0,0,0,0,0,0,-0,0,0.999201,0,-0,-0,0,1.04523,0,0,0,0,-0,-0,0,0,0.988428,-0,-0,0,0,0.870595,0,0,0,0
0.45,4,0.6,0.275,0,0,0,0,0,0,0,0,0,0,0,0,0,-0,0,1.09095,0,-0,-0,0,1.11175,0,0,0,0,0,-0,0,0,1.02784,0,-0,0,0,0.945776,0,0,0,0
0.45,4,0.6,0.325,0,0,0,0,0,0,0,0,0,0,0,0,0,0,0,1.16723,0,0,0,0,1.16915,0,0,0,0,0,-0,0,0,1.06354,0,0,0,0,1.01012,0,0,0,0
0.45,4,0.6,0.375,0,0,0,0,0,0,0,0,0,0,0,0,0,0,0,1.22806,0,0,0,0,1.21743,0,0,0,0,0,0,0,0,1.09552,0,0,0,0,1.06362,0,0,0,0
0.45,4,0.6,0.425,0,0,0,0,0,0,0,0,0,0,0,0,0,0,0,1.27342,0,0,0,0,1.2566,0,0,0,0,0,0,0,0,1.12378,0,0,0,0,1.10629,0,0,0,0
0.45,4,0.6,0.475,0,0,0,0,0,0,0,0,0,0,0,0,0,0,0,1.30332,0,0,0,0,1.28666,0,0,0,0,0,0,0,0,1.14832,0,0,0,0,1.13811,0,0,0,0
0.45,4,0.6,0.525,5.87685,0.202911,12.4499,0.425855,11.7612,0.396557,19.2682,0.581297,1.90179,0.152108,2.91415,0.285964,0.0387764,0.282382,17.6966,1.31776,0.257725,0.114612,0.658882,28.8641,1.3076,0,0,0,0,0.124544,0.18444,0.823403,1.4989,1.16915,0.480121,0.600115,0.812392,2.3112,1.1591,0,0,0,0
0.45,4,0.6,0.575,18.9398,0.364269,46.3265,0.821475,40.053,0.731809,67.9375,1.09152,6.02499,0.270737,11.4549,0.56696,0.180359,0.856238,83.8466,1.31674,1.24573,0.392238,1.91378,157.218,1.31942,2.55131e-09,1.27465e-09,1.3235,2.64909,0.522207,0.733894,3.48909,5.08002,1.18626,1.98141,2.6588,3.44033,7.93391,1.16925,1.44799e-08,8.79663e-09,21.6368,35.6156
0.45,4,0.6,0.625,12.8608,0.30017,34.1555,0.705358,29.7711,0.630925,50.9248,0.945024,4.3949,0.23123,7.69138,0.464577,0.169427,0.488984,79.0278,1.30025,1.16762,0.227051,0.711683,160.554,1.32213,2.53845e-09,1.24687e-09,0.736763,1.49994,0.466859,0.605432,3.17509,3.60522,1.19965,1.70249,2.40662,3.05165,5.49726,1.16856,1.33327e-08,7.8711e-09,61.6315,104.396
0.45,4,0.6,0.675,1.8924,0.115144,4.79731,0.26435,4.77012,0.252548,7.32364,0.358378,0.473412,0.0758909,1.09877,0.175594,0.0332151,0.0501283,15.4513,1.26831,0.204304,0.0179811,-0.0407752,29.932,1.31572,2.81784e-09,1.3679e-09,0.0128398,0.0264497,0.0883451,0.103615,0.613557,0.525863,1.20933,0.276223,0.406553,0.512781,0.684376,1.15703,1.32495e-08,7.66421e-09,44.4017,76.7594
0.45,4,0.6,0.725,0,0,0,0,0,0,0,0,0,0,0,0,0,0,0,1.2209,0,-0,-0,0,1.3002,0,0,0,0,0,0,0,0,1.21528,0,0,0,0,1.13467,1.46592e-08,8.40494e-09,6.26973,10.9352
0.45,4,0.6,0.775,0,0,0,0,0,0,0,0,0,0,0,0,0,-0,0,1.15803,0,-0,-0,0,1.27556,0,0,0,0,0,0,0,0,1.21752,0,0,0,0,1.10146,0,0,0,0
0.45,4,0.6,0.825,0,0,0,0,0,0,0,0,0,0,0,0,0,-0,0,1.0797,0,-0,-0,0,1.24181,0,0,0,0,0,0,0,0,1.21604,0,0,0,0,1.05742,0,0,0,0
0.45,4,0.6,0.875,0,0,0,0,0,0,0,0,0,0,0,0,0,-0,0,0.985909,0,-0,-0,0,1.19894,0,0,0,0,0,0,0,0,1.21084,0,0,0,-0,1.00253,0,0,0,0
0.45,4,0.6,0.925,0,0,0,0,0,0,0,0,0,0,0,0,0,-0,0,0.876656,0,-0,-0,0,1.14695,0,0,0,0,0,0,0,-0,1.20193,0,0,0,-0,0.936813,0,0,0,0
0.45,4,0.6,0.975,0,0,0,0,0,0,0,0,0,0,0,0,0,-0,0,0.751942,0,-0,-0,0,1.08585,0,0,0,0,0,0,0,-0,1.1893,0,0,0,-0,0.860253,0,0,0,0
0.45,4,0.7,0.025,0,0,0,0,0,0,0,0,0,0,0,0,0,-0,0,0.477601,0,-0,-0,0,0.688005,0,0,0,0,-0,-0,0,-0,0.793593,-0,-0,0,-0,0.461486,0,0,0,0
0.45,4,0.7,0.075,0,0,0,0,0,0,0,0,0,0,0,0,0,-0,0,0.631193,0,-0,-0,0,0.790984,0,0,0,0,-0,-0,0,-0,0.847878,-0,-0,0,-0,0.580021,0,0,0,0
0.45,4,0.7,0.125,0,0,0,0,0,0,0,0,0,0,0,0,0,-0,0,0.769324,0,-0,-0,0,0.884848,0,0,0,0,-0,-0,0,-0,0.898445,-0,-0,0,-0,0.687718,0,0,0,0
0.45,4,0.7,0.175,0,0,0,0,0,0,0,0,0,0,0,0,0,-0,0,0.891994,0,-0,-0,0,0.969596,0,0,0,0,-0,-0,0,-0,0.945295,-0,-0,0,-0,0.784576,0,0,0,0
0.45,4,0.7,0.225,0,0,0,0,0,0,0,0,0,0,0,0,0,-0,0,0.999201,0,-0,-0,0,1.04523,0,0,0,0,-0,-0,0,0,0.988428,-0,-0,0,0,0.870595,0,0,0,0
0.45,4,0.7,0.275,0,0,0,0,0,0,0,0,0,0,0,0,0,-0,0,1.09095,0,-0,-0,0,1.11175,0,0,0,0,0,-0,0,0,1.02784,0,-0,0,0,0.945776,0,0,0,0
0.45,4,0.7,0.325,0,0,0,0,0,0,0,0,0,0,0,0,0,0,0,1.16723,0,0,0,0,1.16915,0,0,0,0,0,-0,0,0,1.06354,0,0,0,0,1.01012,0,0,0,0
0.45,4,0.7,0.375,0,0,0,0,0,0,0,0,0,0,0,0,0,0,0,1.22806,0,0,0,0,1.21743,0,0,0,0,0,0,0,0,1.09552,0,0,0,0,1.06362,0,0,0,0
0.45,4,0.7,0.425,0,0,0,0,0,0,0,0,0,0,0,0,0,0,0,1.27342,0,0,0,0,1.2566,0,0,0,0,0,0,0,0,1.12378,0,0,0,0,1.10629,0,0,0,0
0.45,4,0.7,0.475,0,0,0,0,0,0,0,0,0,0,0,0,0,0,0,1.30332,0,0,0,0,1.28666,0,0,0,0,0,0,0,0,1.14832,0,0,0,0,1.13811,0,0,0,0
0.45,4,0.7,0.525,0,0,0,0,0,0,0,0,0,0,0,0,0,0,0,1.31776,0,0,0,0,1.3076,0,0,0,0,0,0,0,0,1.16915,0,0,0,0,1.1591,0,0,0,0
0.45,4,0.7,0.575,0,0,0,0,0,0,0,0,0,0,0,0,0,0,0,1.31674,0,0,0,0,1.31942,0,0,0,0,0,0,0,0,1.18626,0,0,0,0,1.16925,0,0,0,0
0.45,4,0.7,0.625,6.79823,0.259731,16.2074,0.334831,13.6832,0.589413,22.2305,0.738597,2.51027,0.145971,3.58089,0.245319,0.0895595,0.258478,41.7743,1.30025,0.554058,0.107739,0.337706,76.1855,1.32213,2.50575e-09,1.22119e-09,0.00616736,0.0126547,0.214574,0.278264,1.45931,1.657,1.19965,0.743197,1.05058,1.33216,2.39975,1.16856,1.24591e-08,7.35795e-09,0.338726,0.573559
0.45,4,0.7,0.675,5.20931,0.227361,12.0829,0.289104,11.7772,0.546824,18.5965,0.675536,1.96519,0.129154,2.55266,0.207125,0.0914328,0.137991,42.5334,1.26831,0.514575,0.0452885,-0.1027,75.389,1.31572,2.73036e-09,1.32912e-09,0.0131071,0.0269254,0.218121,0.25582,1.51485,1.29833,1.20933,0.701397,1.03234,1.30208,1.7378,1.15703,1.26919e-08,7.36418e-09,25.2141,43.4557
0.45,4,0.7,0.725,0.10902,0.0328912,0.130794,0.030079,0.187046,0.0689129,0.232403,0.0827389,0.054064,0.0273677,0.0189146,0.0188432,0.00246999,0.0011569,1.14329,1.2209,0.00681372,-3.02651e-05,-0.00610781,1.04762,1.3002,0,0,0,0,0.00403171,0.00420464,0.028625,0.0176312,1.21528,0.00976578,0.0148502,0.0188055,0.0170303,1.13467,1.39197e-08,8.00574e-09,18.2103,31.6626
0.45,4,0.7,0.775,0,0,0,0,0,0,0,0,0,0,0,0,0,-0,0,1.15803,0,-0,-0,0,1.27556,0,0,0,0,0,0,0,0,1.21752,0,0,0,0,1.10146,1.66714e-08,9.65705e-09,0.47821,0.825555
0.45,4,0.7,0.825,0,0,0,0,0,0,0,0,0,0,0,0,0,-0,0,1.0797,0,-0,-0,0,1.24181,0,0,0,0,0,0,0,0,1.21604,0,0,0,0,1.05742,0,0,0,0
0.45,4,0.7,0.875,0,0,0,0,0,0,0,0,0,0,0,0,0,-0,0,0.985909,0,-0,-0,0,1.19894,0,0,0,0,0,0,0,0,1.21084,0,0,0,-0,1.00253,0,0,0,0
0.45,4,0.7,0.925,0,0,0,0,0,0,0,0,0,0,0,0,0,-0,0,0.876656,0,-0,-0,0,1.14695,0,0,0,0,0,0,0,-0,1.20193,0,0,0,-0,0.936813,0,0,0,0
0.45,4,0.7,0.975,0,0,0,0,0,0,0,0,0,0,0,0,0,-0,0,0.751942,0,-0,-0,0,1.08585,0,0,0,0,0,0,0,-0,1.1893,0,0,0,-0,0.860253,0,0,0,0
0.45,4.75,0.4,0.025,0,0,0,0,0,0,0,0,0,0,0,0,0,0,0,0.614566,0,0,-0,0,0.291776,0,0,0,0,-0,-0,0,0,0.728844,-0,-0,0,0,0.975092,0,0,0,0
0.45,4.75,0.4,0.075,0,0,0,0,0,0,0,0,0,0,0,0,0,0,0,0.734159,0,0,-0,0,0.485582,0,0,0,0,-0,-0,0,0,0.794692,-0,-0,0,0,0.986184,0,0,0,0
0.45,4.75,0.4,0.125,0,0,0,0,0,0,0,0,0,0,0,0,0,0,0,0.842714,0,0,-0,0,0.658755,0,0,0,0,-0,-0,0,0,0.855601,-0,-0,0,0,0.998384,0,0,0,0
0.45,4.75,0.4,0.175,0,0,0,0,0,0,0,0,0,0,0,0,0,0,0,0.94023,0,0,-0,0,0.811295,0,0,0,0,-0,-0,0,0,0.911571,-0,-0,0,0,1.01169,0,0,0,0
0.45,4.75,0.4,0.225,0,0,0,0,0,0,0,0,0,0,0,0,0,0,0,1.02671,0,0,-0,0,0.943202,0,0,0,0,-0,-0,0,0,0.962602,0,-0,0,0,1.02611,0,0,0,0
0.45,4.75,0.4,0.275,0,0,0,0,0,0,0,0,0,0,0,0,0,0,0,1.10215,0,0,-0,0,1.05448,0,0,0,0,0,-0,0,0,1.00869,0,-0,0,0,1.04164,0,0,0,0
0.45,4.75,0.4,0.325,0,0,0,0,0,0,0,0,0,0,0,0,0,0,0,1.16655,0,0,-0,0,1.14512,0,0,0,0,0,0,0,0,1.04985,0,0,0,0,1.05828,0,0,0,0
0.45,4.75,0.4,0.375,12.5477,0.181021,24.0494,0.367735,23.9376,0.355148,38.2802,0.56877,3.7246,0.15736,5.73775,0.207657,0.0275587,0.348855,11.225,1.21992,0.108993,0.0851594,0.0959603,17.4864,1.21513,0,0,0,0,0.114351,0.0841168,0.61459,3.02978,1.08606,0.420954,0.240747,0.64,4.62509,1.07603,0,0,0,0
0.45,4.75,0.4,0.425,22.1261,0.240381,44.9057,0.502497,42.9482,0.475709,67.5669,0.755643,6.93911,0.214786,9.58478,0.26839,0.050829,0.649607,21.6071,1.26224,0.160692,0.189687,0.54932,33.865,1.2645,1.96907e-09,1.06184e-09,5.60968,10.4025,0.279493,0.29348,1.45986,5.62506,1.11734,0.930563,0.730524,1.42276,8.25068,1.09488,8.21283e-09,5.34574e-09,32.7559,50.3239
0.45,4.75,0.4,0.475,8.8293,0.151849,18.3619,0.321322,17.5205,0.303838,27.6157,0.48309,2.58134,0.131001,3.94895,0.172273,0.0294505,0.32495,15.1202,1.29353,0.130715,0.100626,0.312219,24.582,1.29324,1.41967e-09,7.3666e-10,7.13203,13.7446,0.143328,0.179771,0.78493,2.33653,1.14367,0.455692,0.43197,0.740405,3.42148,1.11485,7.10525e-09,4.50812e-09,55.6483,87.7073
0.45,4.75,0.4,0.525,0.294253,0.0277209,0.707721,0.0630832,0.513512,0.0520169,1.11161,0.0969227,0.0578173,0.0196057,0.0784598,0.0242828,0.00156284,0.0147525,0.912908,1.31378,0.0107243,0.00517277,0.0129533,1.75582,1.30135,1.06132e-09,5.28501e-10,1.54181,3.09623,0.00503027,0.00708428,0.0298368,0.0686723,1.16507,0.0213238,0.0230993,0.0377733,0.140259,1.13592,6.08036e-09,3.74223e-09,21.6573,35.1887
0.45,4.75,0.4,0.575,0,0,0,0,0,0,0,0,0,0,0,0,0,0,0,1.323,0,0,0,0,1.28883,9.93799e-10,4.78107e-10,0.00375061,0.00779605,0,0,0,0,1.18153,0,0,0,0,1.15811,4.99114e-09,2.98318e-09,0.553244,0.925631
0.45,4.75,0.4,0.625,0,0,0,0,0,0,0,0,0,0,0,0,0,0,0,1.32117,0,0,0,0,1.25567,0,0,0,0,0,0,0,0,1.19305,0,0,0,0,1.1814,0,0,0,0
0.45,4.75,0.4,0.675,0,0,0,0,0,0,0,0,0,0,0,0,0,0,0,1.30831,0,0,0,0,1.20188,0,0,0,0,0,0,0,0,1.19963,0,0,0,0,1.20581,0,0,0,0
0.45,4.75,0.4,0.725,0,0,0,0,0,0,0,0,0,0,0,0,0,0,0,1.28441,0,0,-0,0,1.12746,0,0,0,0,0,0,0,0,1.20127,0,0,0,0,1.23132,0,0,0,0
0.45,4.75,0.4,0.775,0,0,0,0,0,0,0,0,0,0,0,0,0,0,0,1.24947,0,0,-0,0,1.03241,0,0,0,0,0,0,0,0,1.19798,0,0,0,0,1.25794,0,0,0,0
0.45,4.75,0.4,0.825,0,0,0,0,0,0,0,0,0,0,0,0,0,0,0,1.20349,0,0,-0,0,0.916717,0,0,0,0,0,0,0,0,1.18974,0,0,0,0,1.28567,0,0,0,0
0.45,4.75,0.4,0.875,0,0,0,0,0,0,0,0,0,0,0,0,0,0,0,1.14648,0,0,-0,0,0.780396,0,0,0,0,0,0,0,0,1.17657,0,0,0,0,1.31451,0,0,0,0
0.45,4.75,0.4,0.925,0,0,0,0,0,0,0,0,0,0,0,0,0,0,0,1.07843,0,0,-0,0,0.623442,0,0,0,0,0,0,0,0,1.15845,0,0,0,0,1.34446,0,0,0,0
0.45,4.75,0.4,0.975,0,0,0,0,0,0,0,0,0,0,0,0,0,0,0,0.999335,0,0,-0,0,0.445854,0,0,0,0,0,0,0,0,1.1354,0,0,0,0,1.37552,0,0,0,0
0.45,4.75,0.5,0.025,0,0,0,0,0,0,0,0,0,0,0,0,0,0,0,0.614566,0,0,-0,0,0.291776,0,0,0,0,-0,-0,0,0,0.728844,-0,-0,0,0,0.975092,0,0,0,0
0.45,4.75,0.5,0.075,0,0,0,0,0,0,0,0,0,0,0,0,0,0,0,0.734159,0,0,-0,0,0.485582,0,0,0,0,-0,-0,0,0,0.794692,-0,-0,0,0,0.986184,0,0,0,0
0.45,4.75,0.5,0.125,0,0,0,0,0,0,0,0,0,0,0,0,0,0,0,0.842714,0,0,-0,0,0.658755,0,0,0,0,-0,-0,0,0,0.855601,-0,-0,0,0,0.998384,0,0,0,0
0.45,4.75,0.5,0.175,0,0,0,0,0,0,0,0,0,0,0,0,0,0,0,0.94023,0,0,-0,0,0.811295,0,0,0,0,-0,-0,0,0,0.911571,-0,-0,0,0,1.01169,0,0,0,0
0.45,4.75,0.5,0.225,0,0,0,0,0,0,0,0,0,0,0,0,0,0,0,1.02671,0,0,-0,0,0.943202,0,0,0,0,-0,-0,0,0,0.962602,0,-0,0,0,1.02611,0,0,0,0
0.45,4.75,0.5,0.275,0,0,0,0,0,0,0,0,0,0,0,0,0,0,0,1.10215,0,0,-0,0,1.05448,0,0,0,0,0,-0,0,0,1.00869,0,-0,0,0,1.04164,0,0,0,0
0.45,4.75,0.5,0.325,0,0,0,0,0,0,0,0,0,0,0,0,0,0,0,1.16655,0,0,-0,0,1.14512,0,0,0,0,0,0,0,0,1.04985,0,0,0,0,1.05828,0,0,0,0
0.45,4.75,0.5,0.375,0,0,0,0,0,0,0,0,0,0,0,0,0,0,0,1.21992,0,0,0,0,1.21513,0,0,0,0,0,0,0,0,1.08606,0,0,0,0,1.07603,0,0,0,0
0.45,4.75,0.5,0.425,0.301676,0.0264151,0.725639,0.0610123,0.535027,0.0497761,1.05007,0.0912508,0.0596723,0.0165452,0.128045,0.0266396,0.000693021,0.00885698,0.294599,1.26224,0.00259665,0.00306519,0.00887655,0.54723,1.2645,0,0,0,0,0.00348179,0.00365603,0.0181862,0.0700743,1.11734,0.0144621,0.0113532,0.0221114,0.128226,1.09488,0,0,0,0
0.45,4.75,0.5,0.475,12.3,0.168669,25.245,0.359869,24.9293,0.339773,39.4607,0.559384,3.78422,0.131757,6.09857,0.183849,0.0410271,0.452684,21.0638,1.29353,0.179715,0.138346,0.429257,33.7968,1.29324,1.63523e-09,8.42529e-10,0.137227,0.266337,0.203937,0.255789,1.11685,3.32457,1.14367,0.65115,0.617253,1.05798,4.88904,1.11485,8.40381e-09,5.29532e-09,1.00625,1.59694
0.45,4.75,0.5,0.525,17.4403,0.200844,37.3789,0.437895,35.409,0.40494,59.7186,0.688148,5.12724,0.153366,8.61796,0.218549,0.092629,0.874373,54.1078,1.31378,0.566413,0.273205,0.684141,92.7354,1.30135,1.14071e-09,5.68442e-10,3.35234,6.72724,0.346861,0.488494,2.05739,4.73527,1.16507,1.14558,1.24096,2.02929,7.53513,1.13592,7.19467e-09,4.42696e-09,33.7122,54.7888
0.45,4.75,0.5,0.575,9.55723,0.148678,22.8229,0.34217,19.6539,0.301688,34.0586,0.519686,3.06072,0.118494,5.04574,0.167228,0.0786012,0.662836,49.1855,1.323,0.631777,0.22163,0.368142,95.4166,1.28883,9.01838e-10,4.34538e-10,2.3765,4.93218,0.223137,0.34274,1.45241,2.59597,1.18153,0.743073,0.893208,1.44975,4.39199,1.15811,6.05029e-09,3.61666e-09,45.4168,75.9773
0.45,4.75,0.5,0.625,1.04923,0.0492627,2.91901,0.12237,2.39676,0.105353,4.69426,0.192935,0.385175,0.0420354,0.591065,0.0572354,0.0126692,0.0991115,8.23059,1.32117,0.130492,0.0370294,0.0306094,18.7929,1.25567,8.13101e-10,3.83893e-10,0.40741,0.862908,0.0308057,0.0507866,0.220953,0.307796,1.19305,0.114564,0.150116,0.246767,0.620706,1.1814,5.48166e-09,3.18777e-09,26.3198,45.2593
0.45,4.75,0.5,0.675,0,0,0,0,0,0,0,0,0,0,0,0,0,0,0,1.30831,0,0,0,0,1.20188,0,0,0,0,0,0,0,0,1.19963,0,0,0,0,1.20581,5.25102e-09,2.97019e-09,3.18602,5.63259
0.45,4.75,0.5,0.725,0,0,0,0,0,0,0,0,0,0,0,0,0,0,0,1.28441,0,0,-0,0,1.12746,0,0,0,0,0,0,0,0,1.20127,0,0,0,0,1.23132,0,0,0,0
0.45,4.75,0.5,0.775,0,0,0,0,0,0,0,0,0,0,0,0,0,0,0,1.24947,0,0,-0,0,1.03241,0,0,0,0,0,0,0,0,1.19798,0,0,0,0,1.25794,0,0,0,0
0.45,4.75,0.5,0.825,0,0,0,0,0,0,0,0,0,0,0,0,0,0,0,1.20349,0,0,-0,0,0.916717,0,0,0,0,0,0,0,0,1.18974,0,0,0,0,1.28567,0,0,0,0
0.45,4.75,0.5,0.875,0,0,0,0,0,0,0,0,0,0,0,0,0,0,0,1.14648,0,0,-0,0,0.780396,0,0,0,0,0,0,0,0,1.17657,0,0,0,0,1.31451,0,0,0,0
0.45,4.75,0.5,0.925,0,0,0,0,0,0,0,0,0,0,0,0,0,0,0,1.07843,0,0,-0,0,0.623442,0,0,0,0,0,0,0,0,1.15845,0,0,0,0,1.34446,0,0,0,0
0.45,4.75,0.5,0.975,0,0,0,0,0,0,0,0,0,0,0,0,0,0,0,0.999335,0,0,-0,0,0.445854,0,0,0,0,0,0,0,0,1.1354,0,0,0,0,1.37552,0,0,0,0
0.45,4.75,0.6,0.025,0,0,0,0,0,0,0,0,0,0,0,0,0,0,0,0.614566,0,0,-0,0,0.291776,0,0,0,0,-0,-0,0,0,0.728844,-0,-0,0,0,0.975092,0,0,0,0
0.45,4.75,0.6,0.075,0,0,0,0,0,0,0,0,0,0,0,0,0,0,0,0.734159,0,0,-0,0,0.485582,0,0,0,0,-0,-0,0,0,0.794692,-0,-0,0,0,0.986184,0,0,0,0
0.45,4.75,0.6,0.125,0,0,0,0,0,0,0,0,0,0,0,0,0,0,0,0.842714,0,0,-0,0,0.658755,0,0,0,0,-0,-0,0,0,0.855601,-0,-0,0,0,0.998384,0,0,0,0
0.45,4.75,0.6,0.175,0,0,0,0,0,0,0,0,0,0,0,0,0,0,0,0.94023,0,0,-0,0,0.811295,0,0,0,0,-0,-0,0,0,0.911571,-0,-0,0,0,1.01169,0,0,0,0
0.45,4.75,0.6,0.225,0,0,0,0,0,0,0,0,0,0,0,0,0,0,0,1.02671,0,0,-0,0,0.943202,0,0,0,0,-0,-0,0,0,0.962602,0,-0,0,0,1.02611,0,0,0,0
0.45,4.75,0.6,0.275,0,0,0,0,0,0,0,0,0,0,0,0,0,0,0,1.10215,0,0,-0,0,1.05448,0,0,0,0,0,-0,0,0,1.00869,0,-0,0,0,1.04164,0,0,0,0
0.45,4.75,0.6,0.325,0,0,0,0,0,0,0,0,0,0,0,0,0,0,0,1.16655,0,0,-0,0,1.14512,0,0,0,0,0,0,0,0,1.04985,0,0,0,0,1.05828,0,0,0,0
0.45,4.75,0.6,0.375,0,0,0,0,0,0,0,0,0,0,0,0,0,0,0,1.21992,0,0,0,0,1.21513,0,0,0,0,0,0,0,0,1.08606,0,0,0,0,1.07603,0,0,0,0
0.45,4.75,0.6,0.425,0,0,0,0,0,0,0,0,0,0,0,0,0,0,0,1.26224,0,0,0,0,1.2645,0,0,0,0,0,0,0,0,1.11734,0,0,0,0,1.09488,0,0,0,0
0.45,4.75,0.6,0.475,0,0,0,0,0,0,0,0,0,0,0,0,0,0,0,1.29353,0,0,0,0,1.29324,0,0,0,0,0,0,0,0,1.14367,0,0,0,0,1.11485,0,0,0,0
0.45,4.75,0.6,0.525,1.25464,0.0655678,2.61027,0.130107,2.3792,0.122173,4.29039,0.217325,0.397611,0.0519982,0.752343,0.0974124,0.00666365,0.0629017,3.89247,1.31378,0.0395542,0.0190786,0.0477755,6.47597,1.30135,0,0,0,0,0.0233063,0.0328229,0.13824,0.318172,1.16507,0.082302,0.0891549,0.145791,0.54135,1.13592,0,0,0,0
0.45,4.75,0.6,0.575,10.4152,0.188914,23.6008,0.391219,21.5466,0.367662,37.2077,0.639996,3.38621,0.151746,5.54495,0.264457,0.0856572,0.722339,53.6009,1.323,0.653312,0.229185,0.380691,98.669,1.28883,8.41678e-10,4.03117e-10,0.281371,0.587481,0.244625,0.375746,1.59228,2.84596,1.18153,0.811777,0.975794,1.58379,4.79807,1.15811,6.86683e-09,4.11511e-09,3.72499,6.21584
0.45,4.75,0.6,0.625,11.4076,0.19771,29.8108,0.439686,24.4592,0.391725,42.9482,0.687596,3.55008,0.155374,6.35865,0.283197,0.137743,1.07757,89.4853,1.32117,1.33267,0.378168,0.312603,191.925,1.25567,7.7838e-10,3.66913e-10,0.911001,1.93262,0.314376,0.518283,2.25485,3.14109,1.19305,1.04815,1.37343,2.25769,5.67888,1.1814,5.92562e-09,3.46658e-09,29.1628,49.8495
0.45,4.75,0.6,0.675,5.26533,0.134321,14.1307,0.302718,11.4725,0.26828,19.8772,0.467777,1.69616,0.107397,3.24765,0.202391,0.0887866,0.66056,58.9524,1.30831,0.935744,0.229387,0.0193647,130.752,1.20188,7.84489e-10,3.66898e-10,0.140711,0.300863,0.164,0.287368,1.29605,1.40816,1.19963,0.5356,0.756114,1.27184,2.70319,1.20581,5.42645e-09,3.10428e-09,33.7736,59.038
0.45,4.75,0.6,0.725,0.0704033,0.015532,0.243885,0.0397694,0.19937,0.0353664,0.272851,0.0548055,0.0337548,0.0151505,0.0380701,0.0219128,0.00159025,0.011429,1.07029,1.28441,0.0224938,0.00496399,-0.00273569,3.0792,1.12746,9.56995e-10,4.47585e-10,0.000367531,0.000785831,0.00312602,0.00578477,0.0271634,0.0229369,1.20127,0.00803244,0.0121166,0.0209598,0.0382698,1.23132,5.47725e-09,3.10293e-09,15.86,27.9958
0.45,4.75,0.6,0.775,0,0,0,0,0,0,0,0,0,0,0,0,0,0,0,1.24947,0,0,-0,0,1.03241,0,0,0,0,0,0,0,0,1.19798,0,0,0,0,1.25794,6.59304e-09,3.71923e-09,0.299552,0.531012
0.45,4.75,0.6,0.825,0,0,0,0,0,0,0,0,0,0,0,0,0,0,0,1.20349,0,0,-0,0,0.916717,0,0,0,0,0,0,0,0,1.18974,0,0,0,0,1.28567,0,0,0,0
0.45,4.75,0.6,0.875,0,0,0,0,0,0,0,0,0,0,0,0,0,0,0,1.14648,0,0,-0,0,0.780396,0,0,0,0,0,0,0,0,1.17657,0,0,0,0,1.31451,0,0,0,0
0.45,4.75,0.6,0.925,0,0,0,0,0,0,0,0,0,0,0,0,0,0,0,1.07843,0,0,-0,0,0.623442,0,0,0,0,0,0,0,0,1.15845,0,0,0,0,1.34446,0,0,0,0
0.45,4.75,0.6,0.975,0,0,0,0,0,0,0,0,0,0,0,0,0,0,0,0.999335,0,0,-0,0,0.445854,0,0,0,0,0,0,0,0,1.1354,0,0,0,0,1.37552,0,0,0,0
0.45,4.75,0.7,0.025,0,0,0,0,0,0,0,0,0,0,0,0,0,0,0,0.614566,0,0,-0,0,0.291776,0,0,0,0,-0,-0,0,0,0.728844,-0,-0,0,0,0.975092,0,0,0,0
0.45,4.75,0.7,0.075,0,0,0,0,0,0,0,0,0,0,0,0,0,0,0,0.734159,0,0,-0,0,0.485582,0,0,0,0,-0,-0,0,0,0.794692,-0,-0,0,0,0.986184,0,0,0,0
0.45,4.75,0.7,0.125,0,0,0,0,0,0,0,0,0,0,0,0,0,0,0,0.842714,0,0,-0,0,0.658755,0,0,0,0,-0,-0,0,0,0.855601,-0,-0,0,0,0.998384,0,0,0,0
0.45,4.75,0.7,0.175,0,0,0,0,0,0,0,0,0,0,0,0,0,0,0,0.94023,0,0,-0,0,0.811295,0,0,0,0,-0,-0,0,0,0.911571,-0,-0,0,0,1.01169,0,0,0,0
0.45,4.75,0.7,0.225,0,0,0,0,0,0,0,0,0,0,0,0,0,0,0,1.02671,0,0,-0,0,0.943202,0,0,0,0,-0,-0,0,0,0.962602,0,-0,0,0,1.02611,0,0,0,0
0.45,4.75,0.7,0.275,0,0,0,0,0,0,0,0,0,0,0,0,0,0,0,1.10215,0,0,-0,0,1.05448,0,0,0,0,0,-0,0,0,1.00869,0,-0,0,0,1.04164,0,0,0,0
0.45,4.75,0.7,0.325,0,0,0,0,0,0,0,0,0,0,0,0,0,0,0,1.16655,0,0,-0,0,1.14512,0,0,0,0,0,0,0,0,1.04985,0,0,0,0,1.05828,0,0,0,0
0.45,4.75,0.7,0.375,0,0,0,0,0,0,0,0,0,0,0,0,0,0,0,1.21992,0,0,0,0,1.21513,0,0,0,0,0,0,0,0,1.08606,0,0,0,0,1.07603,0,0,0,0
0.45,4.75,0.7,0.425,0,0,0,0,0,0,0,0,0,0,0,0,0,0,0,1.26224,0,0,0,0,1.2645,0,0,0,0,0,0,0,0,1.11734,0,0,0,0,1.09488,0,0,0,0
0.45,4.75,0.7,0.475,0,0,0,0,0,0,0,0,0,0,0,0,0,0,0,1.29353,0,0,0,0,1.29324,0,0,0,0,0,0,0,0,1.14367,0,0,0,0,1.11485,0,0,0,0
0.45,4.75,0.7,0.525,0,0,0,0,0,0,0,0,0,0,0,0,0,0,0,1.31378,0,0,0,0,1.30135,0,0,0,0,0,0,0,0,1.16507,0,0,0,0,1.13592,0,0,0,0
0.45,4.75,0.7,0.575,0,0,0,0,0,0,0,0,0,0,0,0,0,0,0,1.323,0,0,0,0,1.28883,0,0,0,0,0,0,0,0,1.18153,0,0,0,0,1.15811,0,0,0,0
0.45,4.75,0.7,0.625,1.97176,0.0850635,4.9444,0.199569,4.08441,0.165324,7.74452,0.293489,0.511322,0.0561372,0.907034,0.102918,0.0238084,0.186254,15.4673,1.32117,0.221036,0.0627228,0.0518483,31.8327,1.25567,0,0,0,0,0.0524973,0.0865474,0.376535,0.524526,1.19305,0.189005,0.247659,0.407111,1.02403,1.1814,0,0,0,0
0.45,4.75,0.7,0.675,6.66559,0.156399,19.1764,0.393024,15.1634,0.318545,27.3937,0.551975,2.05656,0.112584,4.23585,0.222408,0.112399,0.83623,74.6302,1.30831,1.26987,0.311295,0.0262794,177.441,1.20188,8.02536e-10,3.76119e-10,0.027472,0.0586177,0.216763,0.379822,1.71302,1.8612,1.19963,0.738137,1.04204,1.75278,3.7254,1.20581,5.61409e-09,3.23945e-09,5.90292,10.23
0.45,4.75,0.7,0.725,1.84889,0.0823704,5.00222,0.200733,4.01306,0.163874,7.26094,0.284178,0.530331,0.0571712,1.15839,0.116308,0.0417621,0.300141,28.1073,1.28441,0.461362,0.101814,-0.0561106,63.1563,1.12746,8.09787e-10,3.74204e-10,0.000108021,0.00023376,0.0629226,0.11644,0.546763,0.461689,1.20127,0.213754,0.32244,0.557769,1.01841,1.23132,5.37309e-09,3.05427e-09,19.9054,35.0177
0.45,4.75,0.7,0.775,0,0,0.0161658,0.0114113,0.0325804,0.0325031,0.0215245,0.0214733,0,0,0,0,0,0,0,1.24947,0.00198413,0.00040491,-0.000440945,0.267638,1.03241,0,0,0,0,0.000554066,0.00107808,0.0052785,0.00343184,1.19798,0.000686312,0.00109954,0.00196015,0.00312145,1.25794,5.87494e-09,3.34863e-09,5.75645,10.0993
0.45,4.75,0.7,0.825,0,0,0,0,0,0,0,0,0,0,0,0,0,0,0,1.20349,0,0,-0,0,0.916717,0,0,0,0,0,0,0,0,1.18974,0,0,0,0,1.28567,7.1736e-09,4.16252e-09,0.00318222,0.00548418
0.45,4.75,0.7,0.875,0,0,0,0,0,0,0,0,0,0,0,0,0,0,0,1.14648,0,0,-0,0,0.780396,0,0,0,0,0,0,0,0,1.17657,0,0,0,0,1.31451,0,0,0,0
0.45,4.75,0.7,0.925,0,0,0,0,0,0,0,0,0,0,0,0,0,0,0,1.07843,0,0,-0,0,0.623442,0,0,0,0,0,0,0,0,1.15845,0,0,0,0,1.34446,0,0,0,0
0.45,4.75,0.7,0.975,0,0,0,0,0,0,0,0,0,0,0,0,0,0,0,0.999335,0,0,-0,0,0.445854,0,0,0,0,0,0,0,0,1.1354,0,0,0,0,1.37552,0,0,0,0
0.55,4.75,0.4,0.025,0,0,0,0,0,0,0,0,0,0,0,0,-0,-0,0,1.62197,0,-0,-0,0,1.81299,0,0,0,0,-0,-0,-0,-0,0.669674,-0,-0,-0,-0,0.44039,0,0,0,0
0.55,4.75,0.4,0.075,0,0,0,0,0,0,0,0,0,0,0,0,-0,-0,0,1.52143,0,-0,-0,0,1.69231,0,0,0,0,-0,-0,-0,-0,0.745552,-0,-0,-0,-0,0.561095,0,0,0,0
0.55,4.75,0.4,0.125,0,0,0,0,0,0,0,0,0,0,0,0,-0,-0,0,1.43744,0,-0,-0,0,1.58668,0,0,0,0,-0,-0,-0,-0,0.815869,-0,-0,-0,0,0.670908,0,0,0,0
0.55,4.75,0.4,0.175,0,0,0,0,0,0,0,0,0,0,0,0,-0,-0,0,1.36999,0,-0,-0,0,1.49611,0,0,0,0,-0,-0,-0,-0,0.880626,-0,-0,-0,0,0.769827,0,0,0,0
0.55,4.75,0.4,0.225,0,0,0,0,0,0,0,0,0,0,0,0,-0,-0,0,1.3191,0,-0,-0,0,1.42059,0,0,0,0,-0,-0,-0,0,0.939822,-0,-0,-0,0,0.857853,0,0,0,0
0.55,4.75,0.4,0.275,0,0,0,0,0,0,0,0,0,0,0,0,-0,0,0,1.28476,0,-0,-0,0,1.36012,0,0,0,0,-0,-0,-0,0,0.993457,0,0,0,0,0.934986,0,0,0,0
0.55,4.75,0.4,0.325,0.213534,0.0207738,0.502591,0.0434264,0.520274,0.0491339,0.686964,0.0621389,0.043734,0.0131804,0.120868,0.0283842,0.000157392,0.00535376,0.0643399,1.26697,0.00221126,0.00127349,0.00276043,0.262551,1.31471,0,0,0,0,0.00152656,-0.000177222,0.00931099,0.0417606,1.04153,0.0070896,0.00377525,0.00956123,0.0590235,1.00123,0,0,0,0
0.55,4.75,0.4,0.375,10.9963,0.149075,23.96,0.29984,23.5825,0.330796,34.9737,0.443371,3.6886,0.121046,5.22056,0.186543,0.0205187,0.377895,9.60846,1.26572,0.134406,0.112303,0.475931,16.6706,1.28435,2.59111e-09,1.47869e-09,0.287474,0.503741,0.141803,0.0934959,0.87339,2.36868,1.08404,0.619974,0.364538,0.843576,3.37768,1.05657,9.24267e-09,6.25709e-09,1.33321,1.96936
0.55,4.75,0.4,0.425,13.0786,0.162579,31.4562,0.343558,29.5338,0.37019,43.9284,0.4969,4.59106,0.135044,5.95992,0.199315,0.0358065,0.370057,28.6715,1.28103,0.253384,0.18975,1.04574,51.2856,1.26905,2.17151e-09,1.20372e-09,4.82569,8.70553,0.24679,0.244379,1.52802,3.33037,1.121,1.00557,0.675783,1.40367,4.53617,1.10103,8.19049e-09,5.43356e-09,35.4941,53.5034
0.55,4.75,0.4,0.475,2.8556,0.0759681,7.54516,0.16826,6.73054,0.176722,10.0643,0.237841,0.888039,0.0593929,1.41171,0.0970047,0.00957352,0.0195877,12.1553,1.31288,0.088552,0.0495649,0.34432,25.0969,1.2688,1.96248e-09,1.04244e-09,2.26436,4.26283,0.0670595,0.0847316,0.417321,0.789048,1.15239,0.259788,0.205081,0.376586,1.06655,1.13459,7.58716e-09,4.87586e-09,41.9828,65.3281
0.55,4.75,0.4,0.525,0.0164659,0.00576866,-nan,-nan,-nan,-nan,-nan,-nan,0.0168977,0.0168019,0.00813396,0.00736329,6.10923e-05,-0.000492997,0.116365,1.36129,-nan,-nan,-nan,-nan,1.2836,1.92285e-09,9.88016e-10,0.0276623,0.0538355,-nan,-nan,-nan,-nan,1.17822,-nan,-nan,-nan,-nan,1.15726,7.40643e-09,4.60048e-09,9.43212,15.185
0.55,4.75,0.4,0.575,0,0,0,0,0,0,0,0,0,0,0,0,0,-0,0,1.42624,0,0,0,0,1.31346,0,0,0,0,0,0,0,0,1.19849,0,0,0,0,1.16903,8.62489e-09,5.20268e-09,0.0483593,0.080169
0.55,4.75,0.4,0.625,0,0,0,0,0,0,0,0,0,0,0,0,0,-0,0,1.50774,0,0,0,0,1.35837,0,0,0,0,0,0,0,0,1.2132,0,0,0,0,1.16992,0,0,0,0
0.55,4.75,0.4,0.675,0,0,0,0,0,0,0,0,0,0,0,0,0,-0,0,1.6058,0,0,0,0,1.41833,0,0,0,0,0,0,0,0,1.22235,0,0,0,0,1.15991,0,0,0,0
0.55,4.75,0.4,0.725,0,0,0,0,0,0,0,0,0,0,0,0,0,-0,0,1.7204,0,-0,0,0,1.49335,0,0,0,0,0,0,0,0,1.22593,0,0,0,0,1.139,0,0,0,0
0.55,4.75,0.4,0.775,0,0,0,0,0,0,0,0,0,0,0,0,0,-0,0,1.85155,0,-0,0,0,1.58342,0,0,0,0,0,0,0,-0,1.22396,-0,0,0,0,1.10721,0,0,0,0
0.55,4.75,0.4,0.825,0,0,0,0,0,0,0,0,0,0,0,0,0,-0,0,1.99925,0,-0,0,0,1.68855,0,0,0,0,0,0,0,-0,1.21643,-0,0,0,0,1.06452,0,0,0,0
0.55,4.75,0.4,0.875,0,0,0,0,0,0,0,0,0,0,0,0,-0,-0,0,2.1635,0,-0,0,0,1.80873,0,0,0,0,-0,0,-0,-0,1.20333,-0,0,-0,-0,1.01093,0,0,0,0
0.55,4.75,0.4,0.925,0,0,0,0,0,0,0,0,0,0,0,0,-0,-0,0,2.34429,0,-0,0,0,1.94396,0,0,0,0,-0,0,-0,-0,1.18468,-0,0,-0,-0,0.946458,0,0,0,0
0.55,4.75,0.4,0.975,0,0,0,0,0,0,0,0,0,0,0,0,-0,-0,0,2.54164,0,-0,0,0,2.09425,0,0,0,0,-0,0,-0,-0,1.16046,-0,0,-0,-0,0.871089,0,0,0,0
0.55,4.75,0.5,0.025,0,0,0,0,0,0,0,0,0,0,0,0,-0,-0,0,1.62197,0,-0,-0,0,1.81299,0,0,0,0,-0,-0,-0,-0,0.669674,-0,-0,-0,-0,0.44039,0,0,0,0
0.55,4.75,0.5,0.075,0,0,0,0,0,0,0,0,0,0,0,0,-0,-0,0,1.52143,0,-0,-0,0,1.69231,0,0,0,0,-0,-0,-0,-0,0.745552,-0,-0,-0,-0,0.561095,0,0,0,0
0.55,4.75,0.5,0.125,0,0,0,0,0,0,0,0,0,0,0,0,-0,-0,0,1.43744,0,-0,-0,0,1.58668,0,0,0,0,-0,-0,-0,-0,0.815869,-0,-0,-0,0,0.670908,0,0,0,0
0.55,4.75,0.5,0.175,0,0,0,0,0,0,0,0,0,0,0,0,-0,-0,0,1.36999,0,-0,-0,0,1.49611,0,0,0,0,-0,-0,-0,-0,0.880626,-0,-0,-0,0,0.769827,0,0,0,0
0.55,4.75,0.5,0.225,0,0,0,0,0,0,0,0,0,0,0,0,-0,-0,0,1.3191,0,-0,-0,0,1.42059,0,0,0,0,-0,-0,-0,0,0.939822,-0,-0,-0,0,0.857853,0,0,0,0
0.55,4.75,0.5,0.275,0,0,0,0,0,0,0,0,0,0,0,0,-0,0,0,1.28476,0,-0,-0,0,1.36012,0,0,0,0,-0,-0,-0,0,0.993457,0,0,0,0,0.934986,0,0,0,0
0.55,4.75,0.5,0.325,0,0,0,0,0,0,0,0,0,0,0,0,0,0,0,1.26697,0,0,0,0,1.31471,0,0,0,0,0,-0,0,0,1.04153,0,0,0,0,1.00123,0,0,0,0
0.55,4.75,0.5,0.375,0,0,0,0,0,0,0,0,0,0,0,0,0,0,0,1.26572,0,0,0,0,1.28435,0,0,0,0,0,0,0,0,1.08404,0,0,0,0,1.05657,0,0,0,0
0.55,4.75,0.5,0.425,1.4722,0.0594444,3.2496,0.126651,2.83456,0.106217,4.91108,0.193544,0.429529,0.0431347,0.752229,0.0738075,0.00403058,0.0416557,3.22742,1.28103,0.0261759,0.0196022,0.108031,5.29808,1.26905,0,0,0,0,0.0236861,0.0234547,0.146655,0.319639,1.121,0.11242,0.0755507,0.156927,0.507131,1.10103,0,0,0,0
0.55,4.75,0.5,0.475,10.2608,0.156934,23.806,0.342797,21.2644,0.290922,35.2501,0.518528,3.28662,0.119318,5.06258,0.191475,0.0343999,0.0703832,43.6768,1.31288,0.279393,0.156384,1.08637,79.184,1.2688,1.82258e-09,9.45843e-10,0.564892,1.08851,0.211867,0.2677,1.31848,2.4929,1.15239,0.909907,0.718295,1.31899,3.7356,1.13459,8.47359e-09,5.35857e-09,6.4008,10.1217
0.55,4.75,0.5,0.525,9.37916,0.150041,21.9115,0.328875,17.9414,0.267226,30.5278,0.482548,2.75956,0.109333,4.52913,0.181106,0.0347988,-0.280816,66.2829,1.36129,0.364893,0.137995,1.24971,126.721,1.2836,1.72451e-09,8.72994e-10,1.03276,2.04011,0.194393,0.303359,1.21702,2.04261,1.17822,0.808751,0.77551,1.2368,3.19663,1.15726,7.73917e-09,4.76274e-09,33.4538,54.3604
0.55,4.75,0.5,0.575,1.73768,0.064582,3.88176,0.138423,3.31727,0.114905,5.43736,0.203651,0.447289,0.0440174,0.713278,0.0718712,0.00662203,-0.142672,18.4601,1.42624,0.0885253,0.0202564,0.2618,34.9421,1.31346,1.6368e-09,8.02453e-10,0.128417,0.261938,0.0363923,0.070433,0.229641,0.340389,1.19849,0.135549,0.165635,0.224241,0.54089,1.16903,7.58752e-09,4.52235e-09,28.1597,47.246
0.55,4.75,0.5,0.625,0,0,0,0,0,0,0,0,0,0,0,0,0,-0,0,1.50774,0,0,0,0,1.35837,0,0,0,0,0,0,0,0,1.2132,0,0,0,0,1.16992,8.03618e-09,4.66389e-09,4.7492,8.18319
0.55,4.75,0.5,0.675,0,0,0,0,0,0,0,0,0,0,0,0,0,-0,0,1.6058,0,0,0,0,1.41833,0,0,0,0,0,0,0,0,1.22235,0,0,0,0,1.15991,0,0,0,0
0.55,4.75,0.5,0.725,0,0,0,0,0,0,0,0,0,0,0,0,0,-0,0,1.7204,0,-0,0,0,1.49335,0,0,0,0,0,0,0,0,1.22593,0,0,0,0,1.139,0,0,0,0
0.55,4.75,0.5,0.775,0,0,0,0,0,0,0,0,0,0,0,0,0,-0,0,1.85155,0,-0,0,0,1.58342,0,0,0,0,0,0,0,-0,1.22396,-0,0,0,0,1.10721,0,0,0,0
0.55,4.75,0.5,0.825,0,0,0,0,0,0,0,0,0,0,0,0,0,-0,0,1.99925,0,-0,0,0,1.68855,0,0,0,0,0,0,0,-0,1.21643,-0,0,0,0,1.06452,0,0,0,0
0.55,4.75,0.5,0.875,0,0,0,0,0,0,0,0,0,0,0,0,-0,-0,0,2.1635,0,-0,0,0,1.80873,0,0,0,0,-0,0,-0,-0,1.20333,-0,0,-0,-0,1.01093,0,0,0,0
0.55,4.75,0.5,0.925,0,0,0,0,0,0,0,0,0,0,0,0,-0,-0,0,2.34429,0,-0,0,0,1.94396,0,0,0,0,-0,0,-0,-0,1.18468,-0,0,-0,-0,0.946458,0,0,0,0
0.55,4.75,0.5,0.975,0,0,0,0,0,0,0,0,0,0,0,0,-0,-0,0,2.54164,0,-0,0,0,2.09425,0,0,0,0,-0,0,-0,-0,1.16046,-0,0,-0,-0,0.871089,0,0,0,0
0.55,4.75,0.6,0.025,0,0,0,0,0,0,0,0,0,0,0,0,-0,-0,0,1.62197,0,-0,-0,0,1.81299,0,0,0,0,-0,-0,-0,-0,0.669674,-0,-0,-0,-0,0.44039,0,0,0,0
0.55,4.75,0.6,0.075,0,0,0,0,0,0,0,0,0,0,0,0,-0,-0,0,1.52143,0,-0,-0,0,1.69231,0,0,0,0,-0,-0,-0,-0,0.745552,-0,-0,-0,-0,0.561095,0,0,0,0
0.55,4.75,0.6,0.125,0,0,0,0,0,0,0,0,0,0,0,0,-0,-0,0,1.43744,0,-0,-0,0,1.58668,0,0,0,0,-0,-0,-0,-0,0.815869,-0,-0,-0,0,0.670908,0,0,0,0
0.55,4.75,0.6,0.175,0,0,0,0,0,0,0,0,0,0,0,0,-0,-0,0,1.36999,0,-0,-0,0,1.49611,0,0,0,0,-0,-0,-0,-0,0.880626,-0,-0,-0,0,0.769827,0,0,0,0
0.55,4.75,0.6,0.225,0,0,0,0,0,0,0,0,0,0,0,0,-0,-0,0,1.3191,0,-0,-0,0,1.42059,0,0,0,0,-0,-0,-0,0,0.939822,-0,-0,-0,0,0.857853,0,0,0,0
0.55,4.75,0.6,0.275,0,0,0,0,0,0,0,0,0,0,0,0,-0,0,0,1.28476,0,-0,-0,0,1.36012,0,0,0,0,-0,-0,-0,0,0.993457,0,0,0,0,0.934986,0,0,0,0
0.55,4.75,0.6,0.325,0,0,0,0,0,0,0,0,0,0,0,0,0,0,0,1.26697,0,0,0,0,1.31471,0,0,0,0,0,-0,0,0,1.04153,0,0,0,0,1.00123,0,0,0,0
0.55,4.75,0.6,0.375,0,0,0,0,0,0,0,0,0,0,0,0,0,0,0,1.26572,0,0,0,0,1.28435,0,0,0,0,0,0,0,0,1.08404,0,0,0,0,1.05657,0,0,0,0
0.55,4.75,0.6,0.425,0,0,0,0,0,0,0,0,0,0,0,0,0,0,0,1.28103,0,0,0,0,1.26905,0,0,0,0,0,0,0,0,1.121,0,0,0,0,1.10103,0,0,0,0
0.55,4.75,0.6,0.475,0,0,0,0,0,0,0,0,0,0,0,0,0,0,0,1.31288,0,0,0,0,1.2688,0,0,0,0,0,0,0,0,1.15239,0,0,0,0,1.13459,0,0,0,0
0.55,4.75,0.6,0.525,2.57115,0.0949123,6.2433,0.215201,5.63516,0.193068,8.7753,0.301526,0.834374,0.0587612,1.54046,0.103311,0.00953955,-0.0769814,18.1704,1.36129,0.10397,0.0393192,0.356082,36.1069,1.2836,0,0,0,0,0.0610565,0.0952812,0.382251,0.641559,1.17822,0.232477,0.222922,0.355521,0.91888,1.15726,0,0,0,0
0.55,4.75,0.6,0.575,5.6683,0.140924,14.2607,0.325242,11.4607,0.275336,20.4891,0.460739,1.65448,0.0827449,2.80454,0.139397,0.021601,-0.465395,60.2166,1.42624,0.325221,0.0744173,0.96179,128.369,1.31346,1.5625e-09,7.59413e-10,0.0470737,0.0968548,0.12573,0.243335,0.793373,1.17599,1.19849,0.510776,0.624149,0.844986,2.03819,1.16903,7.41199e-09,4.38917e-09,10.2431,17.2975
0.55,4.75,0.6,0.625,1.85482,0.0806138,4.52361,0.183181,3.52866,0.152779,6.62527,0.261996,0.540943,0.0473136,1.06352,0.085841,0.00677826,-0.277543,27.6845,1.50774,0.136584,0.0150669,0.347696,58.7218,1.35837,1.50821e-09,7.09852e-10,0.000159265,0.000338388,0.0365935,0.0901952,0.233533,0.294713,1.2132,0.13995,0.235558,0.262352,0.598047,1.16992,7.53806e-09,4.36273e-09,19.3692,33.4668
0.55,4.75,0.6,0.675,-nan,-nan,0.0716973,0.0230615,0.0706449,0.0216171,0.155408,0.0401264,0.010772,0.010728,0.0195722,0.0116451,-nan,-nan,-nan,1.6058,0.00278309,4.55215e-05,0.00611513,1.27062,1.41833,0,0,0,0,0.000638232,0.00211186,0.00414693,0.00399672,1.22235,0.00234287,0.00632189,0.00553065,0.0119796,1.15991,8.03353e-09,4.57525e-09,7.27889,12.7808
0.55,4.75,0.6,0.725,0,0,0,0,0,0,0,0,0,0,0,0,0,-0,0,1.7204,0,-0,0,0,1.49335,0,0,0,0,0,0,0,0,1.22593,0,0,0,0,1.139,9.70296e-09,5.48691e-09,0.081349,0.143856
0.55,4.75,0.6,0.775,0,0,0,0,0,0,0,0,0,0,0,0,0,-0,0,1.85155,0,-0,0,0,1.58342,0,0,0,0,0,0,0,-0,1.22396,-0,0,0,0,1.10721,0,0,0,0
0.55,4.75,0.6,0.825,0,0,0,0,0,0,0,0,0,0,0,0,0,-0,0,1.99925,0,-0,0,0,1.68855,0,0,0,0,0,0,0,-0,1.21643,-0,0,0,0,1.06452,0,0,0,0
0.55,4.75,0.6,0.875,0,0,0,0,0,0,0,0,0,0,0,0,-0,-0,0,2.1635,0,-0,0,0,1.80873,0,0,0,0,-0,0,-0,-0,1.20333,-0,0,-0,-0,1.01093,0,0,0,0
0.55,4.75,0.6,0.925,0,0,0,0,0,0,0,0,0,0,0,0,-0,-0,0,2.34429,0,-0,0,0,1.94396,0,0,0,0,-0,0,-0,-0,1.18468,-0,0,-0,-0,0.946458,0,0,0,0
0.55,4.75,0.6,0.975,0,0,0,0,0,0,0,0,0,0,0,0,-0,-0,0,2.54164,0,-0,0,0,2.09425,0,0,0,0,-0,0,-0,-0,1.16046,-0,0,-0,-0,0.871089,0,0,0,0
0.55,4.75,0.7,0.025,0,0,0,0,0,0,0,0,0,0,0,0,-0,-0,0,1.62197,0,-0,-0,0,1.81299,0,0,0,0,-0,-0,-0,-0,0.669674,-0,-0,-0,-0,0.44039,0,0,0,0
0.55,4.75,0.7,0.075,0,0,0,0,0,0,0,0,0,0,0,0,-0,-0,0,1.52143,0,-0,-0,0,1.69231,0,0,0,0,-0,-0,-0,-0,0.745552,-0,-0,-0,-0,0.561095,0,0,0,0
0.55,4.75,0.7,0.125,0,0,0,0,0,0,0,0,0,0,0,0,-0,-0,0,1.43744,0,-0,-0,0,1.58668,0,0,0,0,-0,-0,-0,-0,0.815869,-0,-0,-0,0,0.670908,0,0,0,0
0.55,4.75,0.7,0.175,0,0,0,0,0,0,0,0,0,0,0,0,-0,-0,0,1.36999,0,-0,-0,0,1.49611,0,0,0,0,-0,-0,-0,-0,0.880626,-0,-0,-0,0,0.769827,0,0,0,0
0.55,4.75,0.7,0.225,0,0,0,0,0,0,0,0,0,0,0,0,-0,-0,0,1.3191,0,-0,-0,0,1.42059,0,0,0,0,-0,-0,-0,0,0.939822,-0,-0,-0,0,0.857853,0,0,0,0
0.55,4.75,0.7,0.275,0,0,0,0,0,0,0,0,0,0,0,0,-0,0,0,1.28476,0,-0,-0,0,1.36012,0,0,0,0,-0,-0,-0,0,0.993457,0,0,0,0,0.934986,0,0,0,0
0.55,4.75,0.7,0.325,0,0,0,0,0,0,0,0,0,0,0,0,0,0,0,1.26697,0,0,0,0,1.31471,0,0,0,0,0,-0,0,0,1.04153,0,0,0,0,1.00123,0,0,0,0
0.55,4.75,0.7,0.375,0,0,0,0,0,0,0,0,0,0,0,0,0,0,0,1.26572,0,0,0,0,1.28435,0,0,0,0,0,0,0,0,1.08404,0,0,0,0,1.05657,0,0,0,0
0.55,4.75,0.7,0.425,0,0,0,0,0,0,0,0,0,0,0,0,0,0,0,1.28103,0,0,0,0,1.26905,0,0,0,0,0,0,0,0,1.121,0,0,0,0,1.10103,0,0,0,0
0.55,4.75,0.7,0.475,0,0,0,0,0,0,0,0,0,0,0,0,0,0,0,1.31288,0,0,0,0,1.2688,0,0,0,0,0,0,0,0,1.15239,0,0,0,0,1.13459,0,0,0,0
0.55,4.75,0.7,0.525,0,0,0,0,0,0,0,0,0,0,0,0,0,-0,0,1.36129,0,0,0,0,1.2836,0,0,0,0,0,0,0,0,1.17822,0,0,0,0,1.15726,0,0,0,0
0.55,4.75,0.7,0.575,0,0,0,0,0,0,0,0,0,0,0,0,0,-0,0,1.42624,0,0,0,0,1.31346,0,0,0,0,0,0,0,0,1.19849,0,0,0,0,1.16903,0,0,0,0
0.55,4.75,0.7,0.625,1.14042,0.0621611,3.23231,0.156714,2.67218,0.131778,3.67596,0.187697,0.391234,0.0386163,0.596508,0.0819789,0.00416754,-0.170644,17.0215,1.50774,0.0975947,0.0107659,0.248443,41.9591,1.35837,0,0,0,0,0.0277115,0.068303,0.17685,0.22318,1.2132,0.0776496,0.130697,0.145563,0.33182,1.16992,7.07041e-09,4.06313e-09,0.158316,0.275492
0.55,4.75,0.7,0.675,0.107618,0.0190954,0.151214,0.0338959,0.210783,0.0370107,0.265641,0.0504568,0.0224051,0.00924113,0.0549665,0.0316075,0.000348777,-0.0250239,2.14955,1.6058,0.00586971,9.60077e-05,0.0128972,2.67981,1.41833,0,0,0,0,0.00190429,0.00630114,0.0123732,0.011925,1.22235,0.0040047,0.0108061,0.00945361,0.020477,1.15991,7.9108e-09,4.50016e-09,5.44195,9.56636
0.55,4.75,0.7,0.725,0,0,0,0,0,0,0,0,0,0,0,0,0,-0,0,1.7204,0,-0,0,0,1.49335,0,0,0,0,0,0,0,0,1.22593,0,0,0,0,1.139,8.91187e-09,5.04446e-09,0.526334,0.929855
0.55,4.75,0.7,0.775,0,0,0,0,0,0,0,0,0,0,0,0,0,-0,0,1.85155,0,-0,0,0,1.58342,0,0,0,0,0,0,0,-0,1.22396,-0,0,0,0,1.10721,0,0,0,0
0.55,4.75,0.7,0.825,0,0,0,0,0,0,0,0,0,0,0,0,0,-0,0,1.99925,0,-0,0,0,1.68855,0,0,0,0,0,0,0,-0,1.21643,-0,0,0,0,1.06452,0,0,0,0
0.55,4.75,0.7,0.875,0,0,0,0,0,0,0,0,0,0,0,0,-0,-0,0,2.1635,0,-0,0,0,1.80873,0,0,0,0,-0,0,-0,-0,1.20333,-0,0,-0,-0,1.01093,0,0,0,0
0.55,4.75,0.7,0.925,0,0,0,0,0,0,0,0,0,0,0,0,-0,-0,0,2.34429,0,-0,0,0,1.94396,0,0,0,0,-0,0,-0,-0,1.18468,-0,0,-0,-0,0.946458,0,0,0,0
0.55,4.75,0.7,0.975,0,0,0,0,0,0,0,0,0,0,0,0,-0,-0,0,2.54164,0,-0,0,0,2.09425,0,0,0,0,-0,0,-0,-0,1.16046,-0,0,-0,-0,0.871089,0,0,0,0
0.6,5.5,0.45,0.025,0,0,0,0,0,0,0,0,0,0,0,0,-0,-0,0,1.99457,0,0,-0,-0,0.91035,0,0,0,0,-0,0,-0,0,0.0373716,-0,-0,-0,-0,0.842675,0,0,0,0
0.6,5.5,0.45,0.075,0,0,0,0,0,0,0,0,0,0,0,0,-0,-0,0,1.8182,0,0,-0,-0,0.943274,0,0,0,0,-0,0,-0,0,0.253827,-0,-0,-0,-0,0.900011,0,0,0,0
0.6,5.5,0.45,0.125,0,0,0,0,0,0,0,0,0,0,0,0,-0,-0,0,1.66288,0,0,-0,-0,0.974311,0,0,0,0,-0,0,-0,0,0.448154,-0,-0,-0,-0,0.951598,0,0,0,0
0.6,5.5,0.45,0.175,0,0,0,0,0,0,0,0,0,0,0,0,-0,-0,0,1.5286,0,0,-0,-0,1.00346,0,0,0,0,-0,0,-0,0,0.620354,-0,0,-0,-0,0.997437,0,0,0,0
0.6,5.5,0.45,0.225,0,0,0,0,0,0,0,0,0,0,0,0,-0,-0,0,1.41538,0,0,-0,-0,1.03073,0,0,0,0,-0,0,-0,0,0.770426,-0,0,-0,-0,1.03753,0,0,0,0
0.6,5.5,0.45,0.275,0,0,0,0,0,0,0,0,0,0,0,0,-0,-0,0,1.3232,0,0,-0,-0,1.05611,0,0,0,0,-0,0,-0,0,0.898371,-0,0,-0,0,1.07187,0,0,0,0
0.6,5.5,0.45,0.325,0,0,0,0,0,0,0,0,0,0,0,0,-0,0,0,1.25207,0,0,0,0,1.0796,0,0,0,0,-0,0,-0,0,1.00419,-0,0,-0,0,1.10046,0,0,0,0
0.6,5.5,0.45,0.375,0.0545472,0.0143538,0.217016,0.0429667,0.236924,0.0249536,0.307017,0.0366477,0.0259148,0.00919583,0.0768756,0.0225355,0.000254418,0.00112743,0.0130754,1.20199,0.0125677,0.0163327,0.00451168,0.0267693,1.10121,0,0,0,0,3.31801e-05,0.00562131,0.00425426,0.0271723,1.08788,3.55168e-05,0.00937888,0.00429007,0.0252285,1.1233,0,0,0,0
0.6,5.5,0.45,0.425,4.34062,0.128043,10.2922,0.295897,8.83004,0.152338,14.0838,0.248214,1.21287,0.0629107,1.71592,0.106469,0.0401371,0.149552,1.06094,1.17295,0.328345,0.536058,0.35377,1.67183,1.12093,2.92791e-09,1.50921e-09,0.0646912,0.125502,0.0574504,0.156558,0.362356,1.0292,1.14944,0.221337,0.428179,0.360654,1.42181,1.14039,4.44286e-09,2.85624e-09,0.155784,0.242322
0.6,5.5,0.45,0.475,4.53784,0.130919,10.8245,0.303452,8.75506,0.15169,14.9597,0.255815,1.2245,0.0632115,1.94236,0.113276,0.0564036,0.221163,1.10998,1.16496,0.24193,0.409541,0.488942,1.97674,1.13877,2.58373e-09,1.2825e-09,5.78987,11.6643,0.0904858,0.117011,0.501563,1.01004,1.18887,0.369046,0.415343,0.502005,1.64626,1.15173,3.72656e-09,2.34164e-09,11.9231,18.9747
0.6,5.5,0.45,0.525,0.80832,0.0552549,2.50055,0.145849,2.0212,0.0728841,3.10535,0.116552,0.236473,0.0277784,0.404328,0.0516821,0.0114882,0.0513443,0.194211,1.17802,0.0731536,0.0812977,0.132982,0.459831,1.15472,2.52211e-09,1.18782e-09,6.1685,13.0977,0.0235007,0.0214865,0.134836,0.224588,1.20618,0.0837725,0.0702876,0.11745,0.339883,1.15733,3.61508e-09,2.19894e-09,13.3764,21.991
0.6,5.5,0.45,0.575,0,0,0,0,0,0,0,0,0,0,0,0,0,0,0,1.21213,0,0,0,0,1.16878,2.60397e-09,1.17167e-09,1.37196,3.04911,0,0,0,0,1.20136,0,0,0,0,1.15717,3.709e-09,2.19297e-09,3.15569,5.33728
0.6,5.5,0.45,0.625,0,0,0,0,0,0,0,0,0,0,0,0,0,0,0,1.26729,0,0,0,0,1.18096,0,0,0,0,0,0,0,0,1.17441,0,0,0,0,1.15127,0,0,0,0
0.6,5.5,0.45,0.675,0,0,0,0,0,0,0,0,0,0,0,0,0,0,0,1.34349,0,0,0,0,1.19125,0,0,0,0,0,0,0,0,1.12533,-0,-0,0,0,1.13962,0,0,0,0
0.6,5.5,0.45,0.725,0,0,0,0,0,0,0,0,0,0,0,0,0,0,0,1.44074,0,0,0,-0,1.19966,0,0,0,0,-0,0,0,0,1.05413,-0,-0,0,0,1.12221,0,0,0,0
0.6,5.5,0.45,0.775,0,0,0,0,0,0,0,0,0,0,0,0,0,0,0,1.55904,0,0,0,-0,1.20618,0,0,0,0,-0,0,0,0,0.960797,-0,-0,0,-0,1.09906,0,0,0,0
0.6,5.5,0.45,0.825,0,0,0,0,0,0,0,0,0,0,0,0,-0,0,0,1.69838,0,0,0,-0,1.21081,0,0,0,0,-0,0,-0,0,0.845338,-0,-0,-0,-0,1.07016,0,0,0,0
0.6,5.5,0.45,0.875,0,0,0,0,0,0,0,0,0,0,0,0,-0,0,0,1.85878,0,0,0,-0,1.21356,0,0,0,0,-0,0,-0,-0,0.707751,-0,-0,-0,-0,1.03551,0,0,0,0
0.6,5.5,0.45,0.925,0,0,0,0,0,0,0,0,0,0,0,0,-0,0,0,2.04022,0,0,0,-0,1.21442,0,0,0,0,-0,0,-0,-0,0.548037,-0,-0,-0,-0,0.995111,0,0,0,0
0.6,5.5,0.45,0.975,0,0,0,0,0,0,0,0,0,0,0,0,-0,0,-0,2.24271,0,0,-0,-0,1.2134,0,0,0,0,-0,0,-0,-0,0.366195,-0,-0,-0,-0,0.948963,0,0,0,0
0.6,5.5,0.55,0.025,0,0,0,0,0,0,0,0,0,0,0,0,-0,-0,0,1.99457,0,0,-0,-0,0.91035,0,0,0,0,-0,0,-0,0,0.0373716,-0,-0,-0,-0,0.842675,0,0,0,0
0.6,5.5,0.55,0.075,0,0,0,0,0,0,0,0,0,0,0,0,-0,-0,0,1.8182,0,0,-0,-0,0.943274,0,0,0,0,-0,0,-0,0,0.253827,-0,-0,-0,-0,0.900011,0,0,0,0
0.6,5.5,0.55,0.125,0,0,0,0,0,0,0,0,0,0,0,0,-0,-0,0,1.66288,0,0,-0,-0,0.974311,0,0,0,0,-0,0,-0,0,0.448154,-0,-0,-0,-0,0.951598,0,0,0,0
0.6,5.5,0.55,0.175,0,0,0,0,0,0,0,0,0,0,0,0,-0,-0,0,1.5286,0,0,-0,-0,1.00346,0,0,0,0,-0,0,-0,0,0.620354,-0,0,-0,-0,0.997437,0,0,0,0
0.6,5.5,0.55,0.225,0,0,0,0,0,0,0,0,0,0,0,0,-0,-0,0,1.41538,0,0,-0,-0,1.03073,0,0,0,0,-0,0,-0,0,0.770426,-0,0,-0,-0,1.03753,0,0,0,0
0.6,5.5,0.55,0.275,0,0,0,0,0,0,0,0,0,0,0,0,-0,-0,0,1.3232,0,0,-0,-0,1.05611,0,0,0,0,-0,0,-0,0,0.898371,-0,0,-0,0,1.07187,0,0,0,0
0.6,5.5,0.55,0.325,0,0,0,0,0,0,0,0,0,0,0,0,-0,0,0,1.25207,0,0,0,0,1.0796,0,0,0,0,-0,0,-0,0,1.00419,-0,0,-0,0,1.10046,0,0,0,0
0.6,5.5,0.55,0.375,0,0,0,0,0,0,0,0,0,0,0,0,0,0,0,1.20199,0,0,0,0,1.10121,0,0,0,0,0,0,0,0,1.08788,0,0,0,0,1.1233,0,0,0,0
0.6,5.5,0.55,0.425,0,0,0,0,0,0,0,0,0,0,0,0,0,0,0,1.17295,0,0,0,0,1.12093,0,0,0,0,0,0,0,0,1.14944,0,0,0,0,1.14039,0,0,0,0
0.6,5.5,0.55,0.475,0.506208,0.0438202,1.58129,0.11696,1.02576,0.0496886,1.81764,0.0937019,0.178717,0.0273602,0.280739,0.0414262,0.00629197,0.0246713,0.123821,1.16496,0.0353422,0.0598276,0.0714268,0.288771,1.13877,0,0,0,0,0.0106015,0.0137092,0.0587642,0.118339,1.18887,0.04484,0.0504653,0.0609948,0.200024,1.15173,0,0,0,0
0.6,5.5,0.55,0.525,3.01341,0.106915,7.79889,0.259745,6.28813,0.123025,10.9758,0.230257,1.03837,0.0659497,1.57827,0.0982234,0.0428278,0.191411,0.724016,1.17802,0.228156,0.253556,0.414753,1.43415,1.15472,2.60141e-09,1.20389e-09,0.548301,1.18479,0.0731127,0.0668464,0.419487,0.698715,1.20618,0.296091,0.248429,0.415125,1.2013,1.15733,3.77157e-09,2.26066e-09,1.16509,1.94378
0.6,5.5,0.55,0.575,1.74744,0.0814163,4.24145,0.191553,3.45082,0.0911369,5.84985,0.1681,0.382206,0.0400115,0.804556,0.0701297,0.0255044,0.137699,0.404354,1.21213,0.223171,0.153183,0.247728,0.705183,1.16878,2.57652e-09,1.14961e-09,4.1209,9.2358,0.0358255,0.0328761,0.239157,0.358216,1.20136,0.132429,0.087822,0.224646,0.580112,1.15717,3.70933e-09,2.17552e-09,9.00091,15.3468
0.6,5.5,0.55,0.625,0.18008,0.0261362,0.492131,0.0652485,0.347455,0.0289189,0.669114,0.0568519,0.0490505,0.0143337,0.0682292,0.0204225,0.00244516,0.0170319,0.0392583,1.26729,0.0454902,0.0239403,0.0299441,0.0638403,1.18096,2.69335e-09,1.15829e-09,2.2043,5.12565,0.00229292,0.00349345,0.0226085,0.0324649,1.17441,0.00779713,0.00327813,0.0236179,0.0529907,1.15127,3.89944e-09,2.22987e-09,4.87568,8.52628
0.6,5.5,0.55,0.675,0,0,0,0,0,0,0,0,0,0,0,0,0,0,0,1.34349,0,0,0,0,1.19125,2.86998e-09,1.21008e-09,0.256578,0.608536,0,0,0,0,1.12533,-0,-0,0,0,1.13962,4.20047e-09,2.36507e-09,0.547469,0.972334
0.6,5.5,0.55,0.725,0,0,0,0,0,0,0,0,0,0,0,0,0,0,0,1.44074,0,0,0,-0,1.19966,0,0,0,0,-0,0,0,0,1.05413,-0,-0,0,0,1.12221,0,0,0,0
0.6,5.5,0.55,0.775,0,0,0,0,0,0,0,0,0,0,0,0,0,0,0,1.55904,0,0,0,-0,1.20618,0,0,0,0,-0,0,0,0,0.960797,-0,-0,0,-0,1.09906,0,0,0,0
0.6,5.5,0.55,0.825,0,0,0,0,0,0,0,0,0,0,0,0,-0,0,0,1.69838,0,0,0,-0,1.21081,0,0,0,0,-0,0,-0,0,0.845338,-0,-0,-0,-0,1.07016,0,0,0,0
0.6,5.5,0.55,0.875,0,0,0,0,0,0,0,0,0,0,0,0,-0,0,0,1.85878,0,0,0,-0,1.21356,0,0,0,0,-0,0,-0,-0,0.707751,-0,-0,-0,-0,1.03551,0,0,0,0
0.6,5.5,0.55,0.925,0,0,0,0,0,0,0,0,0,0,0,0,-0,0,0,2.04022,0,0,0,-0,1.21442,0,0,0,0,-0,0,-0,-0,0.548037,-0,-0,-0,-0,0.995111,0,0,0,0
0.6,5.5,0.55,0.975,0,0,0,0,0,0,0,0,0,0,0,0,-0,0,-0,2.24271,0,0,-0,-0,1.2134,0,0,0,0,-0,0,-0,-0,0.366195,-0,-0,-0,-0,0.948963,0,0,0,0
0.6,5.5,0.65,0.025,0,0,0,0,0,0,0,0,0,0,0,0,-0,-0,0,1.99457,0,0,-0,-0,0.91035,0,0,0,0,-0,0,-0,0,0.0373716,-0,-0,-0,-0,0.842675,0,0,0,0
0.6,5.5,0.65,0.075,0,0,0,0,0,0,0,0,0,0,0,0,-0,-0,0,1.8182,0,0,-0,-0,0.943274,0,0,0,0,-0,0,-0,0,0.253827,-0,-0,-0,-0,0.900011,0,0,0,0
0.6,5.5,0.65,0.125,0,0,0,0,0,0,0,0,0,0,0,0,-0,-0,0,1.66288,0,0,-0,-0,0.974311,0,0,0,0,-0,0,-0,0,0.448154,-0,-0,-0,-0,0.951598,0,0,0,0
0.6,5.5,0.65,0.175,0,0,0,0,0,0,0,0,0,0,0,0,-0,-0,0,1.5286,0,0,-0,-0,1.00346,0,0,0,0,-0,0,-0,0,0.620354,-0,0,-0,-0,0.997437,0,0,0,0
0.6,5.5,0.65,0.225,0,0,0,0,0,0,0,0,0,0,0,0,-0,-0,0,1.41538,0,0,-0,-0,1.03073,0,0,0,0,-0,0,-0,0,0.770426,-0,0,-0,-0,1.03753,0,0,0,0
0.6,5.5,0.65,0.275,0,0,0,0,0,0,0,0,0,0,0,0,-0,-0,0,1.3232,0,0,-0,-0,1.05611,0,0,0,0,-0,0,-0,0,0.898371,-0,0,-0,0,1.07187,0,0,0,0
0.6,5.5,0.65,0.325,0,0,0,0,0,0,0,0,0,0,0,0,-0,0,0,1.25207,0,0,0,0,1.0796,0,0,0,0,-0,0,-0,0,1.00419,-0,0,-0,0,1.10046,0,0,0,0
0.6,5.5,0.65,0.375,0,0,0,0,0,0,0,0,0,0,0,0,0,0,0,1.20199,0,0,0,0,1.10121,0,0,0,0,0,0,0,0,1.08788,0,0,0,0,1.1233,0,0,0,0
0.6,5.5,0.65,0.425,0,0,0,0,0,0,0,0,0,0,0,0,0,0,0,1.17295,0,0,0,0,1.12093,0,0,0,0,0,0,0,0,1.14944,0,0,0,0,1.14039,0,0,0,0
0.6,5.5,0.65,0.475,0,0,0,0,0,0,0,0,0,0,0,0,0,0,0,1.16496,0,0,0,0,1.13877,0,0,0,0,0,0,0,0,1.18887,0,0,0,0,1.15173,0,0,0,0
0.6,5.5,0.65,0.525,0,0,0,0,0,0,0,0,0,0,0,0,0,0,0,1.17802,0,0,0,0,1.15472,0,0,0,0,0,0,0,0,1.20618,0,0,0,0,1.15733,0,0,0,0
0.6,5.5,0.65,0.575,0.499941,0.0458842,1.64584,0.123554,1.24824,0.066832,2.27575,0.12175,0.141334,0.0256132,0.307307,0.0524778,0.00729679,0.0393956,0.115685,1.21213,0.0865984,0.0594406,0.0961274,0.273636,1.16878,0,0,0,0,0.0129589,0.0118921,0.0865085,0.129575,1.20136,0.0515184,0.0341651,0.0873933,0.225679,1.15717,0,0,0,0
0.6,5.5,0.65,0.625,0.423147,0.0422133,1.04209,0.0983144,1.02474,0.060554,1.51005,0.0991749,0.0875629,0.0201604,0.0993853,0.0298435,0.00574559,0.0400212,0.0922483,1.26729,0.0963255,0.0506937,0.0634066,0.135182,1.18096,2.69453e-09,1.14717e-09,0.599954,1.40921,0.00676247,0.0103032,0.0666789,0.0957479,1.17441,0.0175964,0.00739803,0.0533006,0.119589,1.15127,3.92433e-09,2.22705e-09,1.32229,2.33005
0.6,5.5,0.65,0.675,0.00740497,0.00740497,0,0,0.0100314,0.00599124,0.0265936,0.0264926,0.0116493,0.0116051,0,0,8.26484e-05,0.000820898,0.00148163,1.34349,0,0,0,0,1.19125,2.89706e-09,1.21893e-09,0.551001,1.30958,2.80343e-06,0.000122509,0.000541742,0.000802577,1.12533,-0.000158989,-0.000204934,0.000758125,0.00131732,1.13962,4.23688e-09,2.38281e-09,1.17892,2.09625
0.6,5.5,0.65,0.725,0,0,0,0,0,0,0,0,0,0,0,0,0,0,0,1.44074,0,0,0,-0,1.19966,3.43565e-09,1.44228e-09,0.00542983,0.0129344,-0,0,0,0,1.05413,-0,-0,0,0,1.12221,5.09122e-09,2.84987e-09,0.00310422,0.0055456
0.6,5.5,0.65,0.775,0,0,0,0,0,0,0,0,0,0,0,0,0,0,0,1.55904,0,0,0,-0,1.20618,0,0,0,0,-0,0,0,0,0.960797,-0,-0,0,-0,1.09906,0,0,0,0
0.6,5.5,0.65,0.825,0,0,0,0,0,0,0,0,0,0,0,0,-0,0,0,1.69838,0,0,0,-0,1.21081,0,0,0,0,-0,0,-0,0,0.845338,-0,-0,-0,-0,1.07016,0,0,0,0
0.6,5.5,0.65,0.875,0,0,0,0,0,0,0,0,0,0,0,0,-0,0,0,1.85878,0,0,0,-0,1.21356,0,0,0,0,-0,0,-0,-0,0.707751,-0,-0,-0,-0,1.03551,0,0,0,0
0.6,5.5,0.65,0.925,0,0,0,0,0,0,0,0,0,0,0,0,-0,0,0,2.04022,0,0,0,-0,1.21442,0,0,0,0,-0,0,-0,-0,0.548037,-0,-0,-0,-0,0.995111,0,0,0,0
0.6,5.5,0.65,0.975,0,0,0,0,0,0,0,0,0,0,0,0,-0,0,-0,2.24271,0,0,-0,-0,1.2134,0,0,0,0,-0,0,-0,-0,0.366195,-0,-0,-0,-0,0.948963,0,0,0,0
