Q2,Q2_corr,Q2_corr_err,xbj,xbj_corr,xbj_corr_err,z,z_corr,z_corr_err,RunGroup,y_RD,error_RD,y_RD_rho,RY,RY_rho,error,yield_neg,yield_pos,yield_neg_data,error_neg,yield_pos_data,error_pos,charge_neg_all,charge_pos_all,yield_neg_exc,yield_neg_delta,yield_neg_rho,yield_pos_exc,yield_pos_delta,yield_pos_rho,yield_neg_incnorad,yield_neg_incrad,yield_pos_incnorad,yield_pos_incrad,W2_corr,Wp2_corr,xprime_corr,zprime_corr,shms_p_corr,shms_dp_corr
4,3.41118,0.00428282,0.275000,0.287011,3.88323e-05,0.375000,0.37367,0.00010132,100,4.69425,1.07188,4.26869,0.654945,0.637186,0.0425405,11.7594,17.9548,11.1912,0.680638,17.7414,0.529207,69.1702,125.853,0.114534,0.0381649,0.781983,0.240135,0.102632,0.781983,18.9256,17.7654,28.0087,27.1411,9.36004,6.10254,0.280903,0.365145,2.36841,-2.45963
4,3.78095,0.0142338,0.325000,0.325424,0.000100268,0.375000,0.376718,9.07352e-05,100,5.95558,0.88578,5.57505,0.698661,0.686686,0.0268111,33.6428,48.1533,31.4646,1.14064,47.6978,0.865589,69.1702,125.853,0.199046,0.121568,1.54467,0.538623,0.38347,1.54467,45.0726,41.7248,67.8395,65.8987,8.72479,5.67986,0.317324,0.367017,2.33371,-3.88883
4,4.21176,0.0140054,0.375000,0.370507,9.35172e-05,0.375000,0.380241,7.67697e-05,100,6.91498,1.36094,6.68134,0.725148,0.719136,0.03427,22.9976,31.7144,20.8696,0.951176,29.9891,0.725149,69.1702,125.853,0.105219,0.211938,0.563265,0.239181,0.527816,0.563265,24.3255,21.7391,37.1737,34.2524,8.04283,5.21955,0.359589,0.369055,2.30431,-5.09974
4,4.60467,0.00808659,0.425000,0.416698,7.76276e-05,0.375000,0.385294,4.04911e-05,100,4.19905,1.40235,4.06706,0.634104,0.628117,0.0625823,5.36125,8.45484,4.76914,0.469581,7.3532,0.384564,69.1702,125.853,0.0175408,0.0288694,0.126051,0.0288848,0.0856345,0.126051,4.91573,4.33027,7.60143,6.50803,7.33147,4.72536,0.403709,0.37321,2.26995,-6.51465
4,3.40678,0.00431245,0.275000,0.286834,4.02834e-05,0.425000,0.42347,0.000103856,100,6.00676,1.42833,5.68818,0.700203,0.690344,0.0427919,10.0581,14.3645,10.1969,0.53775,15.4489,0.425249,69.1702,125.853,0.113958,0.0591899,0.411638,0.231575,0.178918,0.411638,14.6891,14.639,22.225,23.2677,9.35665,5.67732,0.280658,0.413893,2.68329,10.5082
4,3.76914,0.0132105,0.325000,0.326578,0.000100648,0.425000,0.423232,0.000104597,100,4.58231,0.555541,4.27357,0.650444,0.637399,0.0226271,32.5614,50.0602,31.8718,0.993694,49.1294,0.83591,69.1702,125.853,0.248951,0.150173,1.76118,0.56696,0.494402,1.76118,44.222,42.7434,68.0565,65.3482,8.66085,5.27807,0.314619,0.40993,2.60642,7.34252
4,4.1852,0.0153522,0.375000,0.371634,9.83808e-05,0.425000,0.423596,0.000100757,100,4.37379,0.630096,4.12504,0.641739,0.630771,0.0269577,25.0576,39.0464,23.2071,0.931676,36.7714,0.763309,69.1702,125.853,0.157261,0.152061,1.04514,0.326682,0.465874,1.04514,30.4798,27.8526,47.5985,43.8591,7.96298,4.86084,0.361082,0.410995,2.54478,4.80393
4,4.60578,0.00883604,0.425000,0.418383,8.49021e-05,0.425000,0.424218,0.000101115,100,4.59423,1.27523,4.3804,0.650929,0.642022,0.0517961,7.32627,11.2551,6.97916,0.515403,10.9552,0.418515,69.1702,125.853,0.0366965,0.125734,0.257566,0.134217,0.280607,0.257566,7.73295,7.19512,12.2198,11.4438,7.28843,4.44499,0.404636,0.410277,2.49091,2.58548
4,3.41235,0.00295483,0.275000,0.289608,2.96544e-05,0.475000,0.456316,1.32175e-05,100,1.12074,0.692053,0.739679,0.414147,0.367046,0.0791765,1.02328,2.47082,1.01982,0.180317,2.40423,0.183208,69.1702,125.853,0.00928559,0.00310627,0.185533,0.0600365,0.00967225,0.185533,2.37052,2.33379,3.64316,3.44219,9.25612,5.34648,0.282866,0.446302,2.86874,18.1459
4,3.74482,0.0100738,0.325000,0.329517,9.43393e-05,0.475000,0.464588,6.06433e-05,100,5.50073,1.1612,5.06203,0.684235,0.668948,0.0385936,11.4304,16.7053,11.311,0.560331,16.8959,0.466055,69.1702,125.853,0.130026,0.0931997,0.7289,0.200039,0.275313,0.7289,15.7576,15.2853,24.7384,24.3167,8.50926,4.87759,0.321187,0.45263,2.81724,16.0248
4,4.14944,0.016411,0.375000,0.372245,0.00010154,0.475000,0.468235,8.21912e-05,100,4.4333,0.826999,4.11034,0.644267,0.630102,0.0348844,13.454,20.8827,12.4551,0.640798,19.9536,0.53782,69.1702,125.853,0.129093,0.0858876,0.702223,0.27558,0.268522,0.702223,16.0796,14.6287,25.6948,23.8822,7.88242,4.50219,0.361177,0.454509,2.78388,14.6511
4,4.59967,0.00892742,0.425000,0.418582,8.21593e-05,0.475000,0.471317,8.9132e-05,100,4.41036,1.23823,4.20625,0.643297,0.634425,0.0525162,5.76902,8.9679,5.30366,0.41058,8.13744,0.358638,69.1702,125.853,0.0358114,0.0421281,0.20448,0.0544248,0.124154,0.20448,5.57027,5.04569,9.04021,8.02304,7.27437,4.1339,0.404635,0.455549,2.763,13.7909
4,3.83498,0.015842,0.325000,0.323412,0.00010077,0.425000,0.441123,1.92756e-05,90,6.12639,2.02209,5.9615,0.703744,0.69884,0.0591577,7.18511,10.2098,6.64114,0.424793,9.86789,0.610115,111.463,62.5913,0.269131,0.0469401,0.144143,0.683672,0.136692,0.144143,9.14483,8.05023,14.2105,12.5927,8.90644,5.27205,0.315406,0.430924,2.79007,-8.12809
4,4.28752,0.00571832,0.375000,0.364711,5.61697e-05,0.425000,0.442795,1.42979e-05,90,4.09255,2.17752,3.95688,0.629289,0.622968,0.0997498,2.01261,3.19822,1.78288,0.23868,2.92523,0.336374,111.463,62.5913,0.0877595,0.00925768,0.0422115,0.110542,0.0276872,0.0422115,2.16191,1.81093,3.41617,2.97692,8.35389,4.94215,0.354474,0.430754,2.77672,-8.56778
4,3.77323,0.0136015,0.325000,0.325688,9.94391e-05,0.475000,0.47493,9.87903e-05,90,8.08331,1.40875,7.66305,0.751724,0.742777,0.0289457,34.6654,46.1146,32.6979,0.957348,44.5993,1.23739,111.463,62.5913,1.26852,0.337553,1.44098,2.34789,0.914955,1.44098,42.1703,37.8231,66.5933,59.6933,8.69991,4.8938,0.317464,0.463061,2.93624,-3.31494
4,4.1987,0.0147739,0.375000,0.370561,9.54611e-05,0.475000,0.477613,9.02672e-05,90,4.79777,0.798845,4.53427,0.659005,0.648476,0.0309627,21.8878,33.2134,19.6538,0.763242,30.4881,1.04585,111.463,62.5913,0.422295,0.135476,0.860286,0.984504,0.387092,0.860286,23.9398,20.8863,38.492,33.7439,8.01847,4.5033,0.360491,0.464271,2.88716,-4.93125
4,4.60968,0.00787676,0.425000,0.416833,8.07004e-05,0.475000,0.480967,6.53068e-05,90,3.26487,0.983215,3.11958,0.587054,0.578627,0.0558874,5.0388,8.58319,4.4678,0.35879,7.43784,0.54236,111.463,62.5913,0.0268036,0.0200015,0.157591,0.0848098,0.0575762,0.157591,5.0025,4.38915,8.17113,6.94521,7.33473,4.09809,0.403283,0.465558,2.83742,-6.5689
4,3.4591,0.00875103,0.325000,0.327585,8.71844e-05,0.425000,0.437077,3.63917e-05,400,5.1628,1.1721,4.74563,0.672589,0.656971,0.0418823,10.6217,15.7922,9.77808,0.496156,15.2238,0.650286,120.391,75.3767,0.246017,0.101706,0.614724,0.606268,0.309228,0.614724,13.4385,11.9313,20.6497,18.7093,7.98592,4.77656,0.318757,0.425323,2.46132,-7.35327
4,4.32782,0.00607462,0.425000,0.416749,7.09113e-05,0.425000,0.440767,2.30135e-05,400,4.5589,1.85512,4.40539,0.649488,0.643086,0.0759725,3.28331,5.05523,2.76145,0.293407,4.38729,0.381558,120.391,75.3767,0.0754775,0.00834081,0.0718852,0.169849,0.0281572,0.0718852,3.00536,2.45095,4.76362,3.94762,6.94264,4.15569,0.402553,0.425421,2.44046,-8.13872
4,3.45288,0.00722511,0.325000,0.330105,8.69061e-05,0.475000,0.473652,0.000102698,400,5.05452,0.827387,4.65658,0.668674,0.653443,0.030276,18.9175,28.291,18.2391,0.63693,27.7715,0.856467,120.391,75.3767,0.923238,0.154968,1.10898,1.35189,0.521112,1.10898,27.0363,24.5258,42.4089,38.8225,7.89486,4.46775,0.320796,0.460616,2.64361,-0.491904
4,3.81346,0.0155264,0.375000,0.374856,0.000101056,0.475000,0.475146,9.8438e-05,400,4.11841,0.530392,3.81781,0.630469,0.616261,0.0241422,28.8575,45.7715,26.5175,0.838376,43.0072,1.14179,120.391,75.3767,1.06215,0.490741,1.45748,1.95148,1.31192,1.45748,39.3288,34.0233,62.7443,54.4815,7.2457,4.11419,0.363055,0.459997,2.57822,-2.95312
4,4.19321,0.0171291,0.425000,0.421555,0.000100075,0.475000,0.477974,9.37112e-05,400,3.77862,0.581622,3.49407,0.614328,0.599684,0.0288374,19.4222,31.6154,17.4393,0.69519,28.4166,0.960155,120.391,75.3767,0.393002,0.318217,1.03373,0.944472,0.888261,1.03373,21.4,18.4315,34.6289,29.1177,6.63921,3.76455,0.406823,0.461011,2.53517,-4.57358
4,4.54,0.00966602,0.475000,0.468842,9.02852e-05,0.475000,0.481389,7.64142e-05,400,2.98943,0.81267,2.75345,0.570781,0.555783,0.0499059,5.9316,10.3921,4.95908,0.406154,8.53349,0.565034,120.391,75.3767,0.0305151,0.0183577,0.300156,0.0834927,0.0641773,0.300156,6.06735,5.02257,9.94228,8.02285,6.02883,3.40283,0.450779,0.462538,2.48543,-6.44606
4,3.44903,0.0074185,0.325000,0.32978,8.80532e-05,0.525000,0.523444,0.000102627,400,6.49125,1.28783,5.74865,0.714047,0.692265,0.0351014,15.816,22.1497,15.2598,0.57842,23.6202,0.72759,120.391,75.3767,0.893863,0.274337,1.23907,1.78613,0.914789,1.23907,21.157,18.8503,34.0547,32.163,7.89726,4.11506,0.320797,0.509224,2.92194,9.98481
4,3.79982,0.0148843,0.375000,0.376136,0.000101,0.525000,0.523366,0.000103489,400,5.67528,0.817456,5.17642,0.689932,0.673075,0.0261974,27.4586,39.799,25.8011,0.761302,37.8885,1.03255,120.391,75.3767,1.32362,0.287252,1.87971,2.48694,0.979268,1.87971,34.4918,30.3863,56.5404,48.9019,7.18947,3.77708,0.363801,0.506114,2.82159,6.20745
4,4.14196,0.0189928,0.425000,0.421911,0.000100793,0.525000,0.52403,0.000104484,400,4.34735,0.645834,4.01057,0.640605,0.625495,0.0278064,21.709,33.8882,18.6545,0.710979,30.1968,0.965385,120.391,75.3767,0.67597,0.125586,1.0908,1.38365,0.420925,1.0908,23.4197,19.2598,38.9614,32.6426,6.56006,3.45552,0.407044,0.505164,2.74469,3.31281
4,4.51122,0.0110811,0.475000,0.470678,9.55397e-05,0.525000,0.523122,0.000101817,400,7.00275,1.97178,6.37466,0.727341,0.710834,0.0488627,9.86294,13.5603,8.02392,0.480218,11.5583,0.627668,120.391,75.3767,0.144584,0.0382491,0.568197,0.26367,0.137067,0.568197,8.46848,6.73248,14.2659,11.7381,5.95829,3.14447,0.450951,0.501874,2.67487,0.684921
4,4.11432,0.0178168,0.425000,0.422474,0.000100824,0.575000,0.571387,9.73967e-05,400,6.7235,1.47543,6.12404,0.720241,0.703676,0.0384917,15.2732,21.2057,14.0933,0.599002,20.476,0.769853,120.391,75.3767,0.801469,0.171673,1.08624,2.1374,0.58965,1.08624,15.8561,13.6209,27.1113,22.6919,6.50892,3.16081,0.406523,0.550211,2.96876,11.7471
4,4.49845,0.0113551,0.475000,0.467173,7.18589e-05,0.575000,0.568942,8.25717e-05,400,5.81167,2.03039,5.36286,0.694242,0.679585,0.0632726,5.18843,7.47352,4.54976,0.347318,6.98995,0.462228,120.391,75.3767,0.155284,0.0771621,0.296913,0.646273,0.245547,0.296913,4.9853,4.14829,8.62944,7.04132,6.01442,2.93969,0.445833,0.543687,2.9233,10.036
4,3.45354,0.00870585,0.325000,0.327968,9.19402e-05,0.525000,0.529548,7.57459e-05,390,9.52738,2.92824,8.46426,0.778228,0.759312,0.0480066,15.6971,20.1703,13.6295,0.697382,18.6317,0.863205,107.597,55.8068,0.203243,0.0958258,1.16146,0.254579,0.338353,1.16146,17.869,15.1749,28.8403,25.7926,7.96311,4.1026,0.319077,0.515773,2.97547,-6.68438
4,4.30561,0.00755934,0.425000,0.417966,8.37119e-05,0.525000,0.536007,5.158e-05,390,5.92941,2.40384,5.43016,0.697867,0.681872,0.0731442,5.65419,8.1021,4.50583,0.431519,6.88305,0.582049,107.597,55.8068,0.0467326,0.017945,0.294129,0.192645,0.0544248,0.294129,5.12044,4.02191,8.59053,7.03602,6.8819,3.53845,0.403805,0.518046,2.94601,-7.60819
4,4.53369,0.00961568,0.475000,0.464703,6.29307e-05,0.575000,0.573952,7.92693e-05,390,5.73428,2.33008,5.31794,0.691811,0.67804,0.0737708,5.52502,7.98632,4.3472,0.438581,6.62217,0.568633,107.597,55.8068,0.0480044,0.0374634,0.247248,0.143254,0.120449,0.247248,4.22542,3.25929,7.33811,5.84239,6.10572,2.95053,0.445074,0.549986,2.98728,-6.31388
4,3.17961,0.00260593,0.325000,0.337888,3.3309e-05,0.325000,0.340165,1.8273e-05,140,3.59008,1.54143,3.11998,0.604747,0.57865,0.0802698,2.39265,3.95646,2.55413,0.243136,4.0176,0.337851,131.166,72.0861,0.0105748,0.0182483,0.298575,0.131043,0.081396,0.298575,5.97531,6.30659,8.52741,8.20132,7.11481,4.88087,0.327589,0.329594,1.70413,-7.29954
4,3.48471,0.0103072,0.375000,0.373884,0.000101909,0.325000,0.341785,1.6018e-05,140,3.78353,1.12815,3.52413,0.614571,0.601283,0.0558642,5.68196,9.24541,5.11261,0.406283,8.77074,0.518891,131.166,72.0861,0.0243702,0.0227947,0.261832,0.144461,0.106799,0.261832,9.97954,8.89672,14.414,13.2822,6.71912,4.60953,0.361335,0.330211,1.69555,-7.76603
4,3.94391,0.0104446,0.425000,0.423027,9.84458e-05,0.325000,0.341945,1.72272e-05,140,5.80401,2.42953,5.59313,0.694003,0.687276,0.0758291,3.88832,5.60274,3.68109,0.311384,5.21857,0.416468,131.166,72.0861,0.00928652,0.0114288,0.123722,0.0704685,0.065847,0.123722,5.65267,5.3213,8.25937,7.49208,6.26223,4.30427,0.406598,0.32879,1.69679,-7.69879
4,3.43102,0.00887146,0.375000,0.376579,9.8448e-05,0.375000,0.374659,9.95766e-05,140,4.50106,0.624568,4.20239,0.647103,0.634253,0.0259272,26.3089,40.6565,24.2416,0.800407,38.3067,1.05999,131.166,72.0861,0.132434,0.140549,1.28117,0.357986,0.569532,1.28117,39.4857,35.9732,58.198,53.5066,6.56645,4.32508,0.363237,0.360824,1.81839,-1.0842
4,3.77386,0.0190288,0.425000,0.424061,0.000102409,0.375000,0.377157,9.41488e-05,140,5.23906,0.808123,4.88373,0.675292,0.662304,0.0284016,25.9495,38.4272,23.4856,0.822452,36.5522,1.06241,131.166,72.0861,0.119952,0.180819,1.25451,0.440096,0.833634,1.25451,36.6544,32.7491,54.5518,50.0819,6.00995,3.96066,0.407206,0.361718,1.78663,-2.81174
4,4.10859,0.0189962,0.475000,0.471828,0.00010018,0.375000,0.379736,8.9573e-05,140,6.82757,1.59299,6.61049,0.72293,0.717261,0.0407635,15.5496,21.5091,13.9628,0.638593,19.7524,0.831054,131.166,72.0861,0.103778,0.11904,0.387332,0.378927,0.488333,0.387332,17.7486,15.6831,26.5377,23.3003,5.4844,3.60912,0.450778,0.362077,1.75983,-4.26934
4,4.40093,0.0118581,0.525000,0.520514,9.7573e-05,0.375000,0.383337,6.76848e-05,140,5.55558,1.95784,5.24252,0.686047,0.675413,0.0643257,5.80711,8.46459,4.92886,0.414296,7.62394,0.514997,131.166,72.0861,0.0308605,0.0395159,0.215579,0.110681,0.162118,0.215579,5.57765,4.6665,8.36931,7.26839,4.93886,3.23569,0.494419,0.364192,1.72496,-6.16645
4,3.16793,0.00233221,0.325000,0.33842,3.42642e-05,0.425000,0.419366,7.53182e-05,140,4.31042,1.24053,3.86868,0.639007,0.618742,0.0538868,4.59347,7.18844,4.55727,0.279688,6.98829,0.4194,131.166,72.0861,0.0728303,0.0328237,0.400351,0.193599,0.136248,0.400351,8.80396,8.53208,13.2351,12.2593,7.07762,4.35964,0.328207,0.406351,2.0924,13.8214
4,3.42531,0.00856909,0.375000,0.377804,0.000100051,0.425000,0.421785,9.41732e-05,140,7.55094,1.35396,6.85646,0.740281,0.723667,0.0304433,21.8119,29.4644,20.078,0.643839,29.1512,0.843669,131.166,72.0861,0.150454,0.149404,1.4157,0.372498,0.613509,1.4157,30.3874,27.5541,46.2632,44.2233,6.5282,4.0325,0.367874,0.409866,2.03843,10.886
4,3.71295,0.0185584,0.425000,0.425281,0.000103295,0.425000,0.42295,0.000100111,140,5.28964,0.75869,4.94048,0.67706,0.664447,0.0263747,26.562,39.2314,24.6397,0.756929,37.9027,1.04197,131.166,72.0861,0.22932,0.618416,1.29194,0.54593,1.81592,1.29194,36.8546,33.0111,56.5877,51.2645,5.90369,3.6621,0.408144,0.405383,1.96778,7.04273
4,3.98549,0.0237914,0.475000,0.472917,0.000101558,0.425000,0.423462,0.00010223,140,6.73961,1.2678,6.35891,0.72066,0.710394,0.0329757,21.6955,30.105,19.0407,0.724194,28.3638,0.942218,131.166,72.0861,0.0875945,0.234657,0.850546,0.524921,0.960526,0.850546,24.2278,20.9033,37.4406,33.4278,5.32653,3.3105,0.451209,0.403501,1.90128,3.42494
4,4.29789,0.0171527,0.525000,0.519784,9.12577e-05,0.425000,0.422699,9.99474e-05,140,5.68156,1.49562,5.40435,0.690133,0.680999,0.0478688,10.1446,14.6995,8.66725,0.514953,12.7624,0.694827,131.166,72.0861,0.0858493,0.105269,0.363748,0.248012,0.420672,0.363748,9.83942,8.22116,15.2411,12.5393,4.85414,3.0195,0.492668,0.399446,1.86189,1.28261
4,3.36803,0.00397947,0.375000,0.383324,7.28635e-05,0.475000,0.459733,3.2688e-05,140,3.72773,1.33712,3.35875,0.611788,0.592322,0.067172,2.76174,4.51422,2.65889,0.223635,4.36424,0.334726,131.166,72.0861,0.0231319,0.0385119,0.207652,0.0313771,0.156055,0.207652,4.18136,3.93231,6.52969,6.04163,6.30375,3.70453,0.369322,0.44348,2.15372,17.157
4,3.61032,0.00875976,0.425000,0.427973,9.80466e-05,0.475000,0.468129,7.97543e-05,140,5.37239,1.25245,4.94119,0.679911,0.664474,0.0427743,9.64165,14.1808,8.86073,0.438192,13.6853,0.616881,131.166,72.0861,0.118788,0.1339,0.575282,0.423594,0.520769,0.575282,13.3395,11.9094,21.126,18.981,5.71172,3.33286,0.410075,0.448281,2.10472,14.4917
4,3.90899,0.0177669,0.475000,0.473384,9.86274e-05,0.475000,0.469604,8.8629e-05,140,4.13644,0.859164,3.75168,0.631289,0.612987,0.0389339,10.0358,15.8974,9.49034,0.453073,15.3657,0.667979,131.166,72.0861,0.0902044,0.187226,0.725829,0.481171,0.730276,0.725829,12.2039,11.2032,19.5206,17.3802,5.23153,3.05186,0.450393,0.446344,2.06585,12.3775
4,4.30312,0.0162695,0.525000,0.514799,6.03255e-05,0.475000,0.463638,4.95711e-05,140,5.20696,2.07338,4.89698,0.67416,0.662807,0.0733784,3.30805,4.90693,2.85021,0.261216,4.59573,0.367587,131.166,72.0861,0.0281165,0.0506936,0.12676,0.0935719,0.18972,0.12676,3.60274,3.01829,5.78035,5.08005,4.93661,2.90335,0.475108,0.427395,2.06514,12.3389
4,3.17487,0.0026324,0.325000,0.337675,3.54773e-05,0.425000,0.430809,6.14621e-05,130,3.55428,1.05989,3.28231,0.602874,0.588043,0.0557181,4.71969,7.82865,4.45873,0.324897,8.04435,0.48277,154.833,64.4966,0.0363746,0.089837,0.247772,0.264217,0.364161,0.247772,10.4435,9.58682,15.8344,14.9997,7.11157,4.30789,0.327315,0.4176,2.15908,-6.10208
4,3.46098,0.0105116,0.375000,0.374033,9.96856e-05,0.425000,0.434398,5.24958e-05,130,3.45638,0.66807,3.18511,0.59766,0.58247,0.0360485,11.3664,19.0182,10.8868,0.510495,18.5788,0.765678,154.833,64.4966,0.383732,0.0821652,0.620004,0.555931,0.2928,0.620004,19.2199,17.6211,29.5816,27.5781,6.67622,4.03983,0.360952,0.41968,2.14207,-6.84178
4,3.91231,0.0126759,0.425000,0.423472,9.97137e-05,0.425000,0.434707,5.43285e-05,130,3.14495,0.777726,2.87765,0.580123,0.563804,0.0457035,7.40225,12.7598,6.64986,0.433693,12.1724,0.672038,154.833,64.4966,0.246686,0.0306814,0.404705,0.926294,0.128643,0.404705,12.9789,11.1734,20.2565,17.6493,6.20943,3.77002,0.407158,0.418457,2.13992,-6.9354
4,4.25457,0.00668749,0.475000,0.468133,8.42978e-05,0.425000,0.438317,3.20747e-05,130,6.1786,2.93914,5.87713,0.705264,0.696268,0.085107,3.34345,4.7407,2.94099,0.276756,4.54851,0.416276,154.833,64.4966,0.109524,0.00812256,0.11372,0.4384,0.0310156,0.11372,3.3638,2.84053,5.29951,4.55991,5.71867,3.46369,0.447675,0.419539,2.12303,-7.6698
4,3.17474,0.0024965,0.325000,0.338493,3.39881e-05,0.475000,0.474215,0.000102799,130,4.41438,1.20016,3.81635,0.643467,0.616189,0.0508529,6.24106,9.69911,5.87311,0.336917,9.0151,0.559814,154.833,64.4966,0.237656,0.0790215,0.67669,0.521794,0.331302,0.67669,12.3326,10.9797,19.2205,16.1745,7.08877,4.01972,0.328309,0.459294,2.37193,3.15446
4,3.42534,0.00862766,0.375000,0.376723,9.93627e-05,0.475000,0.473829,0.00010157,130,4.68645,0.712604,4.1715,0.654634,0.63287,0.0283325,21.3073,32.5483,20.8528,0.649472,33.4312,1.00006,154.833,64.4966,0.956468,0.286525,1.74657,2.03297,1.14896,1.74657,33.5991,30.9225,53.1049,49.3538,6.55401,3.74706,0.36341,0.456832,2.29783,-0.0678851
4,3.7505,0.0188607,0.425000,0.424236,0.000101909,0.475000,0.475724,9.87998e-05,130,3.92686,0.555992,3.57089,0.62154,0.603745,0.0265453,24.3022,39.1,21.7137,0.736187,35.3634,1.17715,154.833,64.4966,0.920265,0.17427,1.52701,2.03389,0.677783,1.52701,34.7505,29.484,55.6466,46.4695,5.97488,3.42796,0.407211,0.456406,2.24182,-2.50397
4,4.09661,0.0191823,0.475000,0.471643,9.79792e-05,0.475000,0.477697,9.38567e-05,130,2.85399,0.490531,2.57583,0.562299,0.543784,0.0313257,13.5983,24.1834,12.0329,0.56662,22.32,0.894243,154.833,64.4966,0.427124,0.0501499,0.814547,1.14067,0.207626,0.814547,17.1705,14.5912,27.7886,24.098,5.47352,3.1409,0.450403,0.455903,2.21099,-3.84473
4,4.42346,0.00799994,0.525000,0.513888,5.67628e-05,0.475000,0.473583,8.48405e-05,130,6.27352,2.83419,5.77946,0.707987,0.693234,0.0805585,3.56066,5.02928,2.92943,0.286715,4.53642,0.404322,154.833,64.4966,0.0291897,0.0123148,0.166618,0.0622451,0.0477455,0.166618,3.2996,2.67618,5.36622,4.72298,5.06739,2.92971,0.485404,0.443271,2.17276,-5.50731
4,3.17271,0.00244193,0.325000,0.338477,3.41682e-05,0.525000,0.522005,8.81381e-05,130,5.98924,2.17649,4.97863,0.699677,0.665873,0.0654354,4.08031,5.83171,4.12615,0.25197,6.59834,0.409593,154.833,64.4966,0.218395,0.171727,0.504352,0.370824,0.690325,0.504352,8.31499,7.61339,13.3352,12.6618,7.08528,3.71433,0.327865,0.506366,2.6101,13.5125
4,3.42281,0.00871782,0.375000,0.377028,9.75632e-05,0.525000,0.523519,0.000102585,130,3.51067,0.505405,3.0499,0.600568,0.574462,0.0268784,17.65,29.3888,16.3382,0.552518,28.9729,0.94001,154.833,64.4966,0.78309,0.227153,1.54207,2.24201,0.914684,1.54207,26.525,23.0354,43.2557,37.9973,6.54234,3.45409,0.360557,0.502916,2.53567,10.2755
4,3.72278,0.0195818,0.425000,0.425269,0.000104177,0.525000,0.523163,0.000100049,130,3.49109,0.473417,3.13414,0.599524,0.579487,0.025309,21.9406,36.5966,19.9257,0.651743,35.1371,1.09774,154.833,64.4966,1.20528,0.217074,1.46987,3.42465,0.837809,1.46987,31.3001,26.3966,51.7922,43.6944,5.91681,3.15361,0.407785,0.501666,2.44281,6.23723
4,4.04592,0.0253696,0.475000,0.468098,8.3398e-05,0.525000,0.519537,9.14562e-05,130,2.90933,0.537428,2.56699,0.565805,0.543169,0.033773,10.8606,19.195,10.0706,0.465105,18.2384,0.798139,154.833,64.4966,0.65679,0.151653,0.823098,1.53758,0.529045,0.823098,13.9062,11.8595,23.2054,19.5505,5.47872,2.9485,0.445056,0.49428,2.39478,4.14833
4,3.65976,0.0145546,0.425000,0.421418,9.11127e-05,0.575000,0.564548,5.94846e-05,130,4.90517,1.36679,3.97419,0.663117,0.623786,0.0517057,6.92192,10.4385,6.56038,0.363529,12.2368,0.601612,154.833,64.4966,0.817193,0.0786204,0.790452,2.6791,0.289899,0.790452,10.5681,8.64846,17.9433,15.931,5.90682,2.94332,0.400989,0.539895,2.61474,13.7144
4,3.1725,0.00263235,0.325000,0.337908,3.57962e-05,0.525000,0.524868,9.50781e-05,120,3.76228,1.09841,3.02571,0.613516,0.572997,0.0546901,5.89116,9.60229,5.13428,0.410277,8.72615,0.534307,88.5775,67.6945,0.123576,0.0514863,0.740499,0.234668,0.186439,0.740499,11.2479,9.46856,18.0984,15.6533,7.10043,3.70735,0.32777,0.508897,2.62854,-4.81361
4,3.45176,0.0100959,0.375000,0.374851,0.000100394,0.525000,0.528621,8.9793e-05,120,6.02738,1.2759,5.32945,0.700819,0.678438,0.0380683,16.7011,23.8309,14.569,0.690563,22.6071,0.839495,88.5775,67.6945,0.236088,0.182124,1.25641,0.573289,0.639334,1.25641,23.3722,19.8032,38.2453,34.3352,6.64136,3.46856,0.361602,0.510828,2.59604,-5.99046
4,3.87559,0.0146332,0.425000,0.423242,0.000100966,0.525000,0.530025,9.01343e-05,120,3.99895,0.847061,3.56502,0.624951,0.603438,0.0397164,12.1442,19.4323,10.3395,0.594177,16.688,0.788131,88.5775,67.6945,0.185091,0.0602905,0.887663,0.447795,0.224251,0.887663,16.5771,13.7786,27.6014,22.7489,6.16466,3.23119,0.406735,0.509736,2.58764,-6.29455
4,4.23031,0.00829163,0.475000,0.466672,7.6668e-05,0.525000,0.531592,7.57015e-05,120,5.60474,2.09752,5.23419,0.687654,0.67512,0.0682112,5.03039,7.31529,4.17339,0.375858,6.53561,0.477279,88.5775,67.6945,0.0236774,0.0424049,0.211464,0.121988,0.171239,0.211464,4.68678,3.82675,7.91381,6.75312,5.71912,3.00358,0.446192,0.508874,2.56968,-6.94523
4,3.42325,0.00882009,0.375000,0.376642,9.96622e-05,0.575000,0.573652,0.000104561,120,3.93209,0.619035,3.32015,0.621789,0.590172,0.0295163,19.7459,31.7566,17.1581,0.716492,29.6566,0.971949,88.5775,67.6945,0.313755,0.22738,2.02316,1.74584,0.828125,2.02316,27.3611,23.0254,45.9987,39.2286,6.55232,3.16885,0.36645,0.557228,2.78242,0.758869
4,3.77214,0.0208743,0.425000,0.421071,9.55172e-05,0.575000,0.571668,9.29514e-05,120,3.68404,0.622174,3.14728,0.609581,0.58026,0.0316121,17.0042,27.8949,14.62,0.679754,25.0477,0.921494,88.5775,67.6945,0.296862,0.213579,1.58857,0.817287,0.781673,1.58857,22.8795,18.9848,39.0637,32.8374,6.06768,2.9688,0.403844,0.548558,2.73172,-1.07719
4,4.1719,0.00883356,0.475000,0.460426,3.25937e-05,0.575000,0.563491,5.69194e-05,120,5.82748,3.10619,5.35784,0.694734,0.679413,0.0964859,2.58556,3.72166,2.26118,0.260674,3.42747,0.355484,88.5775,67.6945,0.0482001,0.0766824,0.15296,0.130467,0.277977,0.15296,3.01059,2.48747,5.17739,4.19993,5.77182,2.87556,0.411768,0.492727,2.72424,-1.34821
4,3.41852,0.00942971,0.375000,0.373335,9.08962e-05,0.625000,0.619032,8.28911e-05,120,7.78261,2.2055,6.135,0.745387,0.703996,0.0476591,12.504,16.7752,12.1442,0.615176,18.0662,0.685058,88.5775,67.6945,0.287484,1.23077,1.76125,1.04725,1.92684,1.76125,16.0464,13.6362,27.5482,24.7842,6.62316,2.93451,0.359739,0.597135,3.02562,9.56557
4,3.30479,0.00565165,0.375000,0.379063,8.41532e-05,0.325000,0.338528,2.65263e-05,350,6.18353,1.9504,5.75464,0.705407,0.692454,0.0564219,5.5433,7.8583,5.38158,0.325416,7.87043,0.426915,167.857,90.7974,0.0440317,0.0448175,0.309533,0.0960727,0.200946,0.309533,10.6772,10.1946,15.1958,14.645,6.2982,4.33989,0.365543,0.325965,1.57031,-6.95119
4,3.65755,0.0109415,0.425000,0.423128,0.00010467,0.325000,0.34016,2.48107e-05,350,6.5295,2.13442,6.12619,0.715086,0.703738,0.0577544,5.73242,8.0164,5.15946,0.340001,7.47147,0.439455,167.857,90.7974,0.0273682,0.0127203,0.260144,0.0752765,0.0702138,0.260144,9.59689,8.57057,13.7878,12.6003,5.86934,4.04692,0.405947,0.326561,1.5639,-7.33096
4,3.2988,0.00468283,0.375000,0.381316,7.96816e-05,0.375000,0.373586,0.000100195,350,5.35264,0.962205,4.95753,0.679235,0.665086,0.0330005,12.7721,18.8037,12.1199,0.451998,18.4135,0.625933,167.857,90.7974,0.109785,0.0459438,0.724256,0.327533,0.225163,0.724256,22.4743,21.0525,32.8541,31.2067,6.2381,4.10973,0.367249,0.359242,1.72118,1.98855
4,3.56518,0.0114714,0.425000,0.425224,0.00010201,0.375000,0.374923,9.81651e-05,350,6.38791,0.962159,6.06013,0.711203,0.701793,0.0267493,23.6722,33.2847,21.8342,0.645855,32.4122,0.861704,167.857,90.7974,0.140411,0.214661,0.897455,0.572496,0.823112,0.897455,32.7771,29.7405,48.2052,44.9203,5.70417,3.77291,0.407437,0.358482,1.67337,-0.844026
4,3.8894,0.0226766,0.475000,0.473563,0.000101749,0.375000,0.377448,9.53824e-05,350,5.4177,0.855031,5.18728,0.681451,0.673462,0.028921,19.3921,28.457,17.865,0.60254,26.9088,0.822672,167.857,90.7974,0.084679,0.164197,0.635261,0.331054,0.781695,0.635261,26.1433,23.7491,38.6447,35.0311,5.2075,3.44477,0.451027,0.35874,1.64898,-2.28933
4,4.20367,0.0209304,0.525000,0.521291,9.96628e-05,0.375000,0.378641,9.35308e-05,350,6.88699,1.6939,6.48561,0.724442,0.713894,0.0428738,10.9072,15.0561,9.80675,0.46338,14.1156,0.620344,167.857,90.7974,0.0735298,0.0773213,0.480325,0.266586,0.39597,0.480325,12.1748,10.778,18.0105,16.0929,4.74391,3.13891,0.494073,0.357997,1.62401,-3.769
4,3.29743,0.00422061,0.375000,0.382397,7.37276e-05,0.425000,0.419056,7.3774e-05,350,6.72137,1.62094,6.10979,0.720185,0.703258,0.0423045,7.63238,10.5978,7.32988,0.318389,10.901,0.438285,167.857,90.7974,0.0714096,0.0552999,0.508979,0.101133,0.26021,0.508979,12.0302,11.3537,18.148,18.0485,6.21135,3.84712,0.367963,0.40308,1.92532,14.0852
4,3.54288,0.0103978,0.425000,0.426405,0.000100282,0.425000,0.421866,9.45759e-05,350,7.00292,1.1857,6.2205,0.727345,0.706472,0.0293818,17.1396,23.5645,16.5414,0.487862,24.8063,0.675457,167.857,90.7974,0.093598,0.170092,1.4328,0.553843,0.793704,1.4328,23.1633,21.9986,35.275,35.1165,5.65167,3.51281,0.408519,0.403661,1.8673,10.6471
4,3.80461,0.021956,0.475000,0.474788,0.000103223,0.425000,0.422622,9.92733e-05,350,4.54725,0.651111,4.1847,0.64901,0.633463,0.0267377,18.5845,28.6351,16.9145,0.558081,26.8403,0.807635,167.857,90.7974,0.125501,0.183567,1.0959,0.498659,0.898889,1.0959,26.0568,23.282,39.8837,35.4373,5.09391,3.18091,0.451656,0.401134,1.80372,6.87957
4,4.1187,0.0290459,0.525000,0.517784,8.24237e-05,0.425000,0.420064,9.1643e-05,350,8.87096,2.51685,8.23567,0.766917,0.754815,0.0455782,10.068,13.1279,9.22915,0.408948,12.7594,0.569533,167.857,90.7974,0.0893099,0.15822,0.593428,0.424992,0.720818,0.593428,12.1032,10.7971,18.5518,16.4118,4.71669,2.96099,0.488402,0.39367,1.77933,5.4346
4,3.46103,0.00409775,0.425000,0.431872,8.08693e-05,0.475000,0.461471,4.23608e-05,350,4.59855,1.45971,4.57317,0.651104,0.650071,0.0592292,2.86524,4.40058,3.06306,0.18186,4.45663,0.286763,167.857,90.7974,0.0338327,0.0370586,0.016167,0.0724132,0.154604,0.016167,3.57139,3.72961,5.60243,5.38477,5.43842,3.21494,0.412285,0.440718,1.97059,16.7672
4,3.68861,0.0109067,0.475000,0.472625,8.95747e-05,0.475000,0.465228,5.85989e-05,350,4.64405,1.29533,3.84914,0.652941,0.617793,0.0520075,4.76394,7.29613,4.64299,0.27559,7.93287,0.399478,167.857,90.7974,0.127155,0.170764,0.580883,0.332989,0.717466,0.580883,7.22213,6.58712,11.4232,10.7755,4.99859,2.95231,0.445874,0.439546,1.93397,14.5977
4,3.30336,0.00536673,0.375000,0.379864,8.28025e-05,0.425000,0.429695,7.6208e-05,340,4.21537,0.905365,3.72787,0.634831,0.611795,0.040243,9.7561,15.368,9.06958,0.444466,14.8184,0.677416,163.336,72.9859,0.245188,0.121401,0.824741,0.695359,0.531481,0.824741,17.7791,15.8599,27.0874,23.9562,6.278,3.82617,0.36603,0.414052,1.99116,-5.71117
4,3.63109,0.0119144,0.425000,0.423533,0.000105071,0.425000,0.432655,7.32226e-05,340,6.03557,1.39949,5.66708,0.701063,0.689669,0.0416878,12.148,17.328,10.7347,0.510108,17.2244,0.729565,163.336,72.9859,0.300694,0.114845,0.494652,1.34911,0.51598,0.494652,18.5238,15.735,28.5798,25.3327,5.82551,3.55354,0.406109,0.414986,1.9756,-6.44804
4,4.04764,0.0128144,0.475000,0.472695,9.97346e-05,0.425000,0.432912,6.88295e-05,340,7.55167,2.53569,7.18988,0.740297,0.731901,0.0570069,7.75716,10.4784,6.94832,0.408147,9.76658,0.589167,163.336,72.9859,0.236949,0.0338345,0.282285,0.58601,0.157992,0.282285,10.8215,9.3154,16.8679,14.5243,5.39834,3.30174,0.451911,0.413067,1.97434,-6.50782
4,4.36221,0.00700532,0.525000,0.517504,7.69461e-05,0.425000,0.436239,4.49532e-05,340,2.17444,0.873307,2.04733,0.514126,0.503913,0.0687215,2.4749,4.81381,1.99776,0.259636,4.01283,0.398738,163.336,72.9859,0.0476125,0.00745587,0.0767006,0.136348,0.0441868,0.0767006,2.81521,2.20982,4.42257,3.52083,4.95139,3.02466,0.491862,0.413988,1.95885,-7.24121
4,3.2989,0.00491138,0.375000,0.381504,8.15516e-05,0.475000,0.473399,0.000103161,340,3.5534,0.683297,3.02252,0.602828,0.572803,0.035929,10.0861,16.7312,9.36744,0.431137,16.1571,0.694909,163.336,72.9859,0.376098,0.192701,1.0425,0.841988,0.891431,1.0425,19.433,16.9525,30.5795,26.362,6.23392,3.56211,0.367651,0.455847,2.18269,3.35822
4,3.5603,0.0116109,0.425000,0.425649,0.000102716,0.475000,0.473704,0.000100606,340,5.13821,0.832309,4.64935,0.671708,0.653153,0.0299009,19.3987,28.8796,18.1339,0.609908,28.912,0.910071,163.336,72.9859,0.763405,0.183318,1.32397,2.09496,0.760781,1.32397,28.481,25.2342,45.3427,40.9098,5.68969,3.27788,0.40769,0.453267,2.11235,0.027428
4,3.88624,0.022119,0.475000,0.471755,9.53349e-05,0.475000,0.474271,9.36503e-05,340,4.63981,0.828272,4.20577,0.65277,0.634403,0.0332879,16.2377,24.875,14.3047,0.58819,22.827,0.89284,163.336,72.9859,0.469416,0.148561,1.06586,1.44501,0.555903,1.06586,22.8811,19.2865,36.7628,30.7789,5.2337,3.02828,0.449097,0.451175,2.08172,-1.42299
4,4.27556,0.0106038,0.525000,0.512645,4.85047e-05,0.475000,0.467363,8.20434e-05,340,7.17583,3.93438,6.60754,0.731564,0.717182,0.0945013,3.26977,4.46956,3.01304,0.291178,4.70522,0.418245,163.336,72.9859,0.218059,0.24855,0.166179,0.496545,0.636151,0.166179,4.30122,3.34971,6.92379,5.5342,4.94723,2.89846,0.459273,0.387255,2.07777,-1.60971
4,3.29717,0.00435788,0.375000,0.382141,7.57516e-05,0.525000,0.521745,8.89628e-05,340,7.46222,2.18501,6.06068,0.738271,0.70181,0.0498928,7.24078,9.80776,7.25625,0.316454,11.3474,0.505558,163.336,72.9859,0.216613,0.310833,1.05581,0.77865,1.23423,1.05581,11.434,10.6255,18.5756,17.6793,6.21683,3.28799,0.367567,0.502309,2.40108,13.6999
4,3.54723,0.0108332,0.425000,0.425127,9.83902e-05,0.525000,0.521916,9.16475e-05,340,4.05212,0.63887,3.59905,0.627427,0.605214,0.0295606,14.5782,23.2349,13.6708,0.479755,23.6223,0.783374,163.336,72.9859,0.617285,0.114684,1.14619,2.34218,0.490733,1.14619,20.2767,17.9965,33.4145,29.8975,5.68197,3.03675,0.406832,0.499616,2.32254,9.98083
4,3.91415,0.0209893,0.475000,0.466411,7.34375e-05,0.525000,0.516213,6.73587e-05,340,4.48365,1.25016,3.88799,0.646379,0.619675,0.0521101,5.79111,8.95931,5.31323,0.323549,9.19121,0.520711,163.336,72.9859,0.33919,0.0783611,0.525467,1.22931,0.331518,0.525467,9.27194,7.83831,15.3947,13.1112,5.35798,2.90289,0.441484,0.489084,2.30944,9.36065
4,3.30026,0.00495011,0.375000,0.380643,8.00273e-05,0.525000,0.524895,9.70139e-05,330,5.67154,1.36117,4.92968,0.689811,0.664042,0.0436559,10.9913,15.9338,9.77826,0.587911,15.1926,0.538969,86.0119,112.713,0.158378,0.134443,0.981981,0.364552,0.541628,0.981981,17.3217,14.9485,28.2562,25.3349,6.25532,3.28966,0.366646,0.505548,2.42726,-4.28461
4,3.60388,0.0122012,0.425000,0.423087,9.91295e-05,0.525000,0.527913,8.80266e-05,330,3.34933,0.625371,3.04033,0.5918,0.573884,0.0347347,13.2748,22.4313,11.5455,0.676646,20.1098,0.652727,86.0119,112.713,0.180077,0.0677435,0.79668,0.633349,0.279241,0.79668,20.0049,17.0254,33.1543,28.3742,5.79716,3.0575,0.405614,0.506099,2.39722,-5.46948
4,4.03969,0.0127402,0.475000,0.468718,8.36741e-05,0.525000,0.522338,8.16722e-05,330,4.05639,1.19164,3.67719,0.627625,0.609232,0.0550791,6.06294,9.66014,5.03177,0.455745,8.34267,0.4375,86.0119,112.713,0.0457178,0.0386731,0.363604,0.202146,0.15334,0.363604,8.45289,6.89759,14.1436,11.6942,5.45967,2.91798,0.44609,0.49738,2.3996,-5.37549
4,3.29801,0.00494454,0.375000,0.380859,8.29575e-05,0.575000,0.57301,0.000100154,330,5.78818,1.46212,4.40305,0.693508,0.642987,0.0457826,9.21744,13.291,8.0324,0.50841,12.7102,0.482113,86.0119,112.713,0.260618,0.112139,1.42172,0.575097,0.445522,1.42172,14.4517,12.0093,24.2831,21.3572,6.24706,3.01814,0.366657,0.551913,2.6476,4.40417
4,3.56807,0.0127773,0.425000,0.418342,8.00716e-05,0.575000,0.566025,6.71026e-05,330,3.39415,0.846831,2.81211,0.594274,0.559608,0.0464667,6.80808,11.4561,6.25847,0.456959,10.9959,0.459485,86.0119,112.713,0.175001,0.148346,0.787676,0.437425,0.586529,0.787676,11.7498,10.2432,19.9641,17.3778,5.8423,2.89064,0.397838,0.540848,2.5748,1.53324
4,3.65952,0.00785577,0.425000,0.416885,7.51382e-05,0.575000,0.581247,3.64835e-05,320,3.59888,1.85653,2.17034,0.605205,0.513803,0.0964549,1.74111,2.8769,1.67508,0.207143,2.89097,0.305092,102.643,72.8146,0.100543,0.0826919,0.461344,0.100391,0.315064,0.461344,4.30551,3.68912,7.37193,6.3434,6.0009,2.87464,0.399629,0.558891,2.72137,-8.0638
4.75,4.70714,0.0133252,0.425000,0.422418,0.000102174,0.325000,0.344901,6.30388e-06,180,4.10276,1.9154,4.02845,0.629756,0.626329,0.0875212,1.12827,1.7916,1.08293,0.121251,1.73324,0.157879,227.573,140.285,0.00837728,0.00284196,0.0156478,0.0225989,0.0114837,0.0156478,1.55834,1.48022,2.36147,2.23962,7.31995,4.9833,0.409186,0.334011,2.04798,-8.6339
4.75,4.16438,0.00910324,0.375000,0.37865,9.25485e-05,0.375000,0.374262,9.95608e-05,180,4.42782,0.577042,4.24458,0.644036,0.636124,0.0243724,13.8482,21.5022,12.569,0.396819,19.9985,0.531502,227.573,140.285,0.0451108,0.0822479,0.410473,0.151905,0.267485,0.410473,18.01,16.1808,27.365,24.9176,7.72032,5.05097,0.36752,0.362622,2.19462,-2.09164
4.75,4.56555,0.017393,0.425000,0.42442,0.000101774,0.375000,0.376885,9.07132e-05,180,4.85233,0.610394,4.68603,0.661106,0.654618,0.0233677,16.8307,25.4584,15.4155,0.450029,24.0406,0.588533,227.573,140.285,0.092203,0.0801011,0.418637,0.251873,0.302339,0.418637,21.6747,19.6303,33.2841,30.7059,7.07723,4.62818,0.409932,0.363733,2.16076,-3.60245
4.75,4.9477,0.0176761,0.475000,0.471053,9.68459e-05,0.375000,0.379703,8.04562e-05,180,4.16267,0.655149,3.9837,0.632473,0.624234,0.0294983,10.0707,15.9227,9.02506,0.361302,14.6534,0.47452,227.573,140.285,0.0381127,0.0703676,0.303537,0.155401,0.242527,0.303537,11.1139,9.84022,17.1757,15.3772,6.44164,4.20351,0.454299,0.365998,2.12508,-5.19406
4.75,5.32079,0.0108144,0.525000,0.519465,9.36024e-05,0.375000,0.384111,5.1024e-05,180,4.75259,1.37247,4.58158,0.657244,0.650414,0.0537464,3.58864,5.46014,3.0426,0.220291,4.5523,0.295001,227.573,140.285,0.0190499,0.0256452,0.0946495,0.0414854,0.0882924,0.0946495,3.10457,2.59352,4.82113,3.90494,5.80728,3.76542,0.497682,0.367744,2.0965,-6.46909
4.75,4.16501,0.00873283,0.375000,0.379233,9.17845e-05,0.425000,0.422993,0.000102846,180,3.85433,0.515153,3.603,0.618045,0.605419,0.0250518,9.75675,15.7865,9.43086,0.297867,15.8215,0.420929,227.573,140.285,0.0631071,0.0466278,0.465355,0.197978,0.168832,0.465355,14.0935,13.4642,21.9861,21.524,7.70476,4.70509,0.367838,0.410149,2.47816,10.5576
4.75,4.54247,0.0169879,0.425000,0.425548,0.000103471,0.425000,0.423278,0.000102871,180,4.62211,0.54079,4.33249,0.652057,0.639963,0.0218234,16.3777,25.117,15.026,0.407663,23.5944,0.561953,227.573,140.285,0.12363,0.106386,0.744837,0.234835,0.36652,0.744837,21.8318,19.7233,34.405,31.4956,7.01852,4.30384,0.411452,0.408885,2.40993,7.51374
4.75,4.90027,0.0194887,0.475000,0.472268,0.000101362,0.425000,0.423514,0.000105897,180,5.49385,0.821097,5.23148,0.684006,0.675025,0.0273294,12.4336,18.1777,11.3523,0.365169,17.0934,0.492422,227.573,140.285,0.053452,0.108029,0.444458,0.234788,0.360563,0.444458,14.0192,12.6179,22.2474,20.1917,6.36102,3.90799,0.45448,0.406636,2.34336,4.54373
4.75,5.28673,0.0121141,0.525000,0.520539,9.68501e-05,0.425000,0.423779,0.000102568,180,5.34764,1.24539,5.10194,0.679063,0.6704,0.0427584,5.22921,7.70062,4.59602,0.248327,7.23095,0.318405,227.573,140.285,0.0427812,0.049886,0.158201,0.0815177,0.168137,0.158201,5.27743,4.54488,8.40969,7.62413,5.75445,3.53209,0.498812,0.405049,2.29496,2.38477
4.75,4.1634,0.00489795,0.375000,0.385323,5.61378e-05,0.475000,0.45815,1.96148e-05,180,5.4664,2.02619,4.8673,0.68309,0.661678,0.0678317,1.57334,2.30326,1.50886,0.114149,2.3657,0.156162,227.573,140.285,0.00869418,0.0162579,0.125261,0.0187429,0.0605359,0.125261,2.10456,1.98494,3.34788,3.32339,7.52789,4.37061,0.373046,0.444243,2.64094,17.8199
4.75,4.47754,0.0114253,0.425000,0.428131,9.7027e-05,0.475000,0.46513,6.41093e-05,180,4.56957,0.879319,4.2785,0.649924,0.637615,0.0359211,5.73826,8.82912,5.27167,0.232927,8.44658,0.331183,227.573,140.285,0.0641125,0.0847552,0.259358,0.128621,0.288558,0.259358,7.74263,6.91219,12.4922,11.3607,6.86754,3.96691,0.413015,0.448713,2.59455,15.7501
4.75,4.83926,0.0187361,0.475000,0.472762,9.8426e-05,0.475000,0.46909,8.81186e-05,180,5.76023,1.13302,5.36436,0.69263,0.679637,0.035681,6.71589,9.69621,6.22235,0.250304,9.44396,0.344828,227.573,140.285,0.0450431,0.0851531,0.337778,0.122367,0.286742,0.337778,7.5398,6.83955,12.3028,11.4637,6.28067,3.6126,0.454338,0.450606,2.5602,14.2178
4.75,5.27241,0.0123995,0.525000,0.520979,9.72604e-05,0.475000,0.471154,8.68529e-05,180,3.39301,0.810604,3.10623,0.594211,0.577835,0.0444926,3.3771,5.68333,2.94647,0.189343,4.97568,0.28206,227.573,140.285,0.0269087,0.0575484,0.192833,0.0724252,0.193858,0.192833,3.65166,3.0947,6.01492,4.98417,5.73202,3.28403,0.498589,0.451069,2.54292,13.4467
4.75,4.16961,0.0108154,0.375000,0.376323,9.37549e-05,0.425000,0.438203,2.82509e-05,170,3.60499,0.740025,3.46307,0.605522,0.598021,0.0383857,4.9196,8.12456,4.4282,0.237714,7.54744,0.333389,261.768,150.52,0.195695,0.0252687,0.125263,0.345682,0.0856821,0.125263,6.62536,5.666,10.4314,9.13658,7.79546,4.65065,0.365256,0.425556,2.58962,-7.65787
4.75,4.66947,0.0153035,0.425000,0.423325,0.000101009,0.425000,0.439479,2.75851e-05,170,5.46623,1.49991,5.24489,0.683084,0.675497,0.0502148,3.80229,5.56635,3.57204,0.207264,5.61613,0.274543,261.768,150.52,0.180981,0.0272221,0.105145,0.354019,0.101933,0.105145,4.93863,4.36914,7.881,7.30592,7.24464,4.32683,0.409396,0.425149,2.58511,-7.81874
4.75,5.07675,0.0074136,0.475000,0.466262,7.84503e-05,0.425000,0.442211,1.79254e-05,170,2.2894,0.952863,2.22609,0.523007,0.518156,0.0722658,1.0562,2.01948,0.909621,0.115586,1.77371,0.170353,261.768,150.52,0.0254355,0.0021365,0.0169708,0.0769331,0.00962864,0.0169708,1.18085,0.986143,1.90602,1.59236,6.6969,3.99213,0.449689,0.426547,2.56809,-8.42563
4.75,3.87124,0.000821516,0.325000,0.344931,7.77264e-06,0.475000,0.47374,0.000100356,170,4.20107,2.20385,3.82882,0.634194,0.6168,0.0983019,0.700092,1.10391,0.664864,0.0787456,1.07841,0.117732,261.768,150.52,0.0152991,0.0101987,0.0467258,0.0472861,0.035738,0.0467258,1.48906,1.3599,2.3608,2.12872,8.23591,4.63225,0.335906,0.46052,2.83643,1.14303
4.75,4.16517,0.00873481,0.375000,0.379085,9.06312e-05,0.475000,0.473772,0.00010397,170,3.95314,0.51983,3.73132,0.62279,0.611968,0.024655,11.2967,18.1389,10.5323,0.327865,16.7717,0.488363,261.768,150.52,0.445397,0.0787021,0.464868,0.79875,0.260132,0.464868,15.2876,13.5439,24.5459,21.2629,7.70912,4.35621,0.367803,0.459765,2.7777,-0.951318
4.75,4.55519,0.016869,0.425000,0.42481,0.000100992,0.475000,0.474786,9.81978e-05,170,5.76473,0.772215,5.35627,0.692772,0.679359,0.0242963,16.4887,23.8011,14.6592,0.42005,22.6602,0.573703,261.768,150.52,0.541039,0.177944,0.785346,1.31856,0.513524,0.785346,20.5645,17.3861,33.4662,29.286,7.05366,3.99982,0.410363,0.458679,2.71592,-3.15422
4.75,4.93835,0.018156,0.475000,0.471498,9.62165e-05,0.475000,0.477894,9.33406e-05,170,4.31208,0.668144,4.04992,0.639079,0.627325,0.0290116,10.424,16.3109,8.809,0.346606,13.6251,0.504102,261.768,150.52,0.12631,0.120986,0.456521,0.426696,0.368939,0.456521,11.4538,9.4076,18.8437,14.8217,6.4209,3.63379,0.454343,0.460109,2.66953,-4.80855
4.75,5.30937,0.0113607,0.525000,0.519144,9.33617e-05,0.475000,0.481003,7.47419e-05,170,3.87036,1.04359,3.59502,0.618823,0.605004,0.0505431,3.26659,5.27872,2.64665,0.206909,4.60763,0.272196,261.768,150.52,0.0153922,0.018958,0.134423,0.0299126,0.0657638,0.134423,3.2355,2.58744,5.37654,4.59557,5.80291,3.26835,0.497188,0.460757,2.62359,-6.44669
4.75,4.90156,0.0200742,0.475000,0.471925,0.000101588,0.525000,0.523416,0.000102695,170,5.62499,0.874495,5.22854,0.688311,0.674922,0.028319,11.5453,16.7734,10.1006,0.351348,15.8189,0.464419,261.768,150.52,0.317257,0.0761971,0.542774,0.96582,0.256601,0.542774,11.6282,9.77682,19.6639,17.1119,6.37052,3.3509,0.453981,0.503283,2.90102,3.44618
4.75,5.28207,0.0123521,0.525000,0.519814,8.87388e-05,0.525000,0.522862,9.83294e-05,170,3.87803,0.840328,3.64834,0.619194,0.607758,0.0406195,4.47207,7.2224,3.72253,0.220603,6.35206,0.31233,261.768,150.52,0.0370606,0.0811621,0.163373,0.103269,0.278176,0.163373,4.20282,3.38731,7.17839,5.93422,5.76413,3.03531,0.49724,0.499689,2.83494,1.08987
4.75,5.00558,0.0122127,0.475000,0.472482,9.75086e-05,0.325000,0.344276,7.98351e-06,300,9.64504,6.17762,9.37933,0.78014,0.775773,0.0995389,1.17169,1.5019,1.06742,0.108835,1.4131,0.131376,284.343,183.995,0.00222152,0.00503722,0.0251715,0.0113801,0.0223265,0.0251715,1.41125,1.27691,2.13365,1.95961,6.47217,4.41854,0.455688,0.331245,1.94306,-8.50802
4.75,4.15387,0.0023419,0.375000,0.389827,2.54261e-05,0.375000,0.373771,0.000102503,300,5.72522,1.6672,5.26262,0.691524,0.676117,0.0528823,2.75204,3.97968,2.38205,0.157721,3.69571,0.201495,284.343,183.995,0.0166881,0.0192865,0.147493,0.0624012,0.0804817,0.147493,4.36028,3.71708,6.60827,5.89949,7.38604,4.83215,0.377989,0.361953,2.1229,-0.0398805
4.75,4.44942,0.0100604,0.425000,0.426587,9.83602e-05,0.375000,0.373925,9.87687e-05,300,5.01736,0.674044,4.71696,0.667309,0.655843,0.0248685,11.5737,17.3438,10.4033,0.328032,16.1782,0.419669,284.343,183.995,0.0485405,0.0395427,0.491825,0.158379,0.170685,0.491825,15.3614,13.6911,23.4394,21.4194,6.86702,4.50709,0.411688,0.360502,2.07892,-2.11064
4.75,4.84653,0.0198139,0.475000,0.474715,0.000102082,0.375000,0.376987,9.16216e-05,300,5.10795,0.721369,4.8812,0.670618,0.662208,0.0260878,11.7359,17.5001,10.3559,0.349219,16.2276,0.438499,284.343,183.995,0.0602852,0.0862293,0.357354,0.213832,0.304234,0.357354,15.5597,13.5358,23.8947,21.4499,6.2479,4.09655,0.456373,0.361721,2.05064,-3.44241
4.75,5.20425,0.0205125,0.525000,0.521785,9.80402e-05,0.375000,0.3801,8.58657e-05,300,4.75206,0.863234,4.56204,0.657224,0.649616,0.0338087,7.02371,10.6869,6.1782,0.276041,9.44321,0.354713,284.343,183.995,0.0416767,0.0644626,0.206549,0.113799,0.231903,0.206549,7.78111,6.72684,11.9813,10.1994,5.65509,3.69873,0.498584,0.362217,2.01941,-4.91287
4.75,5.53418,0.0131016,0.575000,0.569819,9.2647e-05,0.375000,0.384271,5.37136e-05,300,3.67375,1.10754,3.52249,0.609057,0.601196,0.0564241,2.27493,3.73517,1.94441,0.167459,3.31956,0.210102,284.343,183.995,0.0168448,0.0198957,0.0599524,0.0425282,0.0816729,0.0599524,2.37491,1.9915,3.66339,3.13395,5.06296,3.28965,0.542671,0.365893,1.98815,-6.38482
4.75,4.45228,0.0099835,0.425000,0.427631,9.78775e-05,0.425000,0.422966,9.96613e-05,300,4.63786,0.629423,4.31685,0.652692,0.639286,0.0253076,8.58068,13.1466,8.36482,0.247314,13.2747,0.340983,284.343,183.995,0.0540123,0.0645095,0.462107,0.279365,0.245541,0.462107,12.0903,11.6191,19.0012,18.4277,6.84556,4.19644,0.412755,0.40727,2.34871,10.5929
4.75,4.80854,0.0192581,0.475000,0.475186,0.000104166,0.425000,0.423269,0.000101406,300,5.23551,0.695411,4.93494,0.675167,0.66424,0.0244591,11.5221,17.0656,10.4668,0.310693,16.1591,0.412859,284.343,183.995,0.0675026,0.100327,0.482958,0.316876,0.369798,0.482958,15.4242,13.7868,24.3948,22.1174,6.19688,3.81474,0.456856,0.406516,2.28408,7.54957
4.75,5.13277,0.0229286,0.525000,0.522703,9.96888e-05,0.425000,0.423746,0.000102111,300,5.5081,0.885944,5.21572,0.684479,0.674469,0.0293995,9.05571,13.2301,7.90147,0.291538,12.035,0.376163,284.343,183.995,0.0827004,0.0943791,0.332093,0.154886,0.344819,0.332093,10.4562,8.91896,16.5868,14.462,5.57212,3.43523,0.499909,0.404561,2.21855,4.46433
4.75,5.48468,0.0153608,0.575000,0.570776,9.55533e-05,0.425000,0.423377,0.000100847,300,9.73192,3.24696,9.06926,0.781531,0.770454,0.0516578,4.27846,5.47446,3.54255,0.208766,5.21423,0.244093,284.343,183.995,0.0329368,0.0414501,0.161275,0.142846,0.153364,0.161275,4.14061,3.35642,6.58143,5.91247,5.00889,3.08838,0.542475,0.401539,2.16872,2.11762
4.75,4.40989,0.00540976,0.425000,0.432443,7.84574e-05,0.475000,0.458825,2.46706e-05,300,7.80407,3.09368,7.35406,0.74585,0.735777,0.0666091,1.64614,2.20707,1.45636,0.107239,2.20974,0.134824,284.343,183.995,0.0118574,0.00563056,0.0572199,0.0402984,0.0200327,0.0572199,1.9087,1.66837,3.06491,2.98484,6.67403,3.89242,0.416921,0.442255,2.49575,17.5164
4.75,4.71525,0.0109973,0.475000,0.47756,9.60735e-05,0.475000,0.465783,7.02e-05,300,4.75026,0.986313,4.31152,0.657153,0.639055,0.038645,4.0897,6.22335,3.71978,0.179492,5.96889,0.243587,284.343,183.995,0.0483087,0.0658949,0.261582,0.0795854,0.237628,0.261582,5.44873,4.80373,8.84793,8.03516,6.04468,3.5061,0.458314,0.446934,2.45242,15.4762
4.75,5.06046,0.0201996,0.525000,0.523433,0.000101457,0.475000,0.469088,8.67736e-05,300,5.03739,1.0104,4.65257,0.668046,0.653282,0.0371134,4.83929,7.24396,4.32095,0.199878,6.93287,0.269142,284.343,183.995,0.032649,0.0796523,0.256913,0.191467,0.290279,0.256913,5.59801,4.8685,9.16863,8.16514,5.49114,3.17392,0.499845,0.447375,2.41759,13.8362
4.75,5.44861,0.0163984,0.575000,0.565926,6.66787e-05,0.475000,0.467397,6.86951e-05,300,6.11452,2.15148,5.60358,0.703397,0.687617,0.063091,2.01483,2.86443,1.73296,0.131029,2.60414,0.176946,284.343,183.995,0.0238404,0.0401134,0.120663,0.0952229,0.143277,0.120663,2.09532,1.73568,3.44327,2.84369,5.06186,2.93214,0.534603,0.438377,2.39928,12.9741
4.75,4.15474,0.00240754,0.375000,0.389487,2.64213e-05,0.425000,0.435175,3.779e-05,290,4.79696,1.98781,4.40818,0.658973,0.643205,0.0770604,1.27561,1.93576,1.22828,0.108881,1.97824,0.154731,287.998,164.403,0.0144653,0.0159318,0.0819665,0.122174,0.0580816,0.0819665,2.23944,2.10298,3.51727,3.26694,7.39694,4.43234,0.376986,0.421867,2.47569,-6.81245
4.75,4.46586,0.0120065,0.425000,0.423801,9.95559e-05,0.425000,0.437819,3.27941e-05,290,4.06283,0.909388,3.92743,0.627922,0.621567,0.0419658,4.14751,6.60514,3.76393,0.209663,6.45728,0.288755,287.998,164.403,0.160214,0.021405,0.0889613,0.385074,0.0867644,0.0889613,5.79906,5.0088,9.2079,8.34401,6.95608,4.16607,0.409472,0.423152,2.46015,-7.3974
4.75,4.96517,0.014631,0.475000,0.472862,9.65878e-05,0.425000,0.438383,3.39593e-05,290,7.09823,2.34424,6.88274,0.729687,0.724334,0.0570973,3.26741,4.47782,2.8466,0.187,4.43581,0.238943,287.998,164.403,0.0854818,0.0257931,0.0613486,0.305037,0.0958167,0.0613486,3.92217,3.28346,6.28967,5.66761,6.41858,3.85419,0.455288,0.421934,2.45423,-7.62031
4.75,4.15177,0.00239573,0.375000,0.389654,2.72311e-05,0.475000,0.474402,0.000102672,290,2.31629,0.663954,1.81317,0.525038,0.48393,0.0499269,1.73543,3.30535,1.64218,0.124981,3.00528,0.205251,287.998,164.403,0.0745633,0.0188153,0.250912,0.171049,0.0715122,0.250912,3.71885,3.31892,5.97056,4.9904,7.38771,4.16621,0.378109,0.459232,2.69648,1.49835
4.75,4.44941,0.0101309,0.425000,0.427068,9.75707e-05,0.475000,0.473726,0.000102531,290,5.98034,0.970479,5.55164,0.699409,0.685918,0.0292292,9.97571,14.2631,9.17527,0.299745,14.6568,0.414283,287.998,164.403,0.363382,0.103409,0.484411,1.21549,0.366928,0.484411,13.1113,11.4458,21.2723,19.4994,6.85561,3.89308,0.41227,0.457177,2.63326,-0.881528
4.75,4.82565,0.0193858,0.475000,0.47465,0.000102269,0.475000,0.475338,9.7524e-05,290,3.97955,0.530721,3.74903,0.624039,0.612855,0.0250053,11.3702,18.2203,9.93114,0.336847,16.655,0.49159,287.998,164.403,0.290684,0.0702267,0.444008,1.09339,0.24675,0.444008,14.7676,12.4298,24.213,20.3519,6.22637,3.54579,0.456018,0.456274,2.57755,-2.97838
4.75,5.18555,0.02062,0.525000,0.521701,9.87922e-05,0.475000,0.477356,9.39198e-05,290,3.15337,0.547506,2.9369,0.580617,0.56753,0.0320988,6.23898,10.7454,5.48944,0.262846,9.3593,0.38465,287.998,164.403,0.135333,0.052305,0.287532,0.31289,0.178375,0.287532,7.69598,6.53994,12.7246,10.5014,5.6393,3.20993,0.49922,0.456524,2.53,-4.76804
4.75,5.54103,0.012074,0.575000,0.564089,5.50496e-05,0.475000,0.47634,7.70573e-05,290,2.28849,0.694654,2.11797,0.522938,0.509641,0.0526983,1.84364,3.52555,1.46314,0.146695,2.77969,0.218021,287.998,164.403,0.0183748,0.00750803,0.0749919,0.0200435,0.0274395,0.0749919,1.80275,1.40538,2.99716,2.32272,5.16491,2.94718,0.535068,0.448015,2.49483,-6.0919
4.75,4.4497,0.0104056,0.425000,0.427411,0.000102023,0.525000,0.523585,0.000103165,290,5.10613,0.860767,4.69373,0.670552,0.654924,0.0311415,7.81783,11.6588,7.22827,0.261819,11.1212,0.375123,287.998,164.403,0.397495,0.0760381,0.475301,0.96238,0.294126,0.475301,10.708,9.25186,17.8727,15.1223,6.84753,3.58405,0.412907,0.50496,2.90898,9.49698
4.75,4.80647,0.0192197,0.475000,0.475234,0.000105439,0.525000,0.52352,0.000104672,290,5.18836,0.801253,4.73888,0.6735,0.656707,0.0284718,9.63515,14.3061,8.92964,0.295555,14.7685,0.416153,287.998,164.403,0.397779,0.25146,0.562228,1.27279,0.735921,0.562228,12.5425,10.779,21.1951,18.9041,6.19352,3.26588,0.45664,0.502793,2.82531,6.3476
4.75,5.13478,0.0249194,0.525000,0.520112,9.00665e-05,0.525000,0.5207,9.45114e-05,290,4.62085,0.850993,4.22552,0.652007,0.635281,0.0343516,6.35726,9.7503,5.57255,0.244755,9.3509,0.35068,287.998,164.403,0.2157,0.0883798,0.352055,0.698736,0.320437,0.352055,7.39714,6.13025,12.6005,10.7672,5.62133,2.98922,0.496457,0.496541,2.74268,3.23737
4.75,4.15419,0.00246527,0.375000,0.389414,2.69031e-05,0.525000,0.526253,9.14979e-05,280,5.45846,1.55778,4.9635,0.682824,0.665309,0.052238,1.87899,2.75179,1.80938,0.106992,2.5802,0.140595,460.266,270.746,0.0200114,0.0554797,0.145373,0.0138222,0.132325,0.145373,2.83176,2.61308,4.67968,4.13933,7.39779,3.8282,0.377762,0.510563,2.99543,-6.0583
4.75,4.46881,0.0115273,0.425000,0.425384,0.000100287,0.525000,0.530523,7.80292e-05,280,6.46455,1.05501,5.99775,0.713318,0.699933,0.0289026,6.91929,9.70014,6.20886,0.204669,8.81314,0.26861,460.266,270.746,0.081367,0.0483563,0.386746,0.16274,0.189831,0.386746,8.10975,7.12506,13.5938,11.8567,6.9216,3.57454,0.410897,0.512679,2.97347,-6.74728
4.75,4.9301,0.0162085,0.475000,0.4727,9.73948e-05,0.525000,0.53266,7.55325e-05,280,5.65601,1.00376,5.26394,0.689313,0.676164,0.0322966,5.4871,7.96025,4.55079,0.189413,6.74383,0.252182,460.266,270.746,0.0243728,0.0422352,0.268556,0.134105,0.155273,0.268556,5.95966,4.87036,10.136,8.21858,6.3834,3.3019,0.455299,0.512587,2.96333,-7.06518
4.75,5.3279,0.00921993,0.525000,0.517503,7.84666e-05,0.525000,0.535882,4.96072e-05,280,3.4076,0.855294,3.19001,0.595011,0.582754,0.0467607,1.79216,3.01197,1.44768,0.108365,2.52494,0.151197,460.266,270.746,0.0103114,0.00900925,0.0685236,0.0424821,0.0308591,0.0685236,1.63764,1.30521,2.82104,2.29619,5.8524,3.02199,0.496266,0.514061,2.94329,-7.6937
4.75,4.91105,0.0118375,0.475000,0.465764,6.79909e-05,0.625000,0.616469,4.91408e-05,270,9.2927,4.89297,8.52765,0.774312,0.76053,0.0830744,2.39451,3.09244,2.17155,0.22645,2.84152,0.156686,141.348,238.035,0.0454701,0.0312376,0.161319,0.0530661,0.11235,0.161319,2.20977,1.93322,3.91535,3.38823,6.51565,2.88687,0.442587,0.590217,3.46864,-6.7957
4.75,4.0163,0.00684406,0.425000,0.42819,8.88641e-05,0.325000,0.340466,1.84004e-05,220,9.74649,4.23804,9.23688,0.781762,0.77336,0.0672826,2.54877,3.26029,2.45129,0.171252,3.29489,0.175352,256.992,210.156,0.00937226,0.00667066,0.105987,0.0466288,0.0491973,0.105987,4.14707,3.96236,6.0636,5.94974,6.24808,4.28726,0.412235,0.327504,1.70011,-7.5183
4.75,4.40988,0.0123474,0.475000,0.472748,0.000105603,0.325000,0.341507,1.70321e-05,220,5.73086,2.07719,5.37029,0.691703,0.679839,0.0658104,2.336,3.37717,2.02804,0.18028,3.0766,0.187916,256.992,210.156,0.0206614,0.0155938,0.0997798,0.0293023,0.0705359,0.0997798,3.86675,3.29698,5.68792,5.01355,5.80127,3.98365,0.453491,0.327224,1.69554,-7.76654
4.75,4.86366,0.0110765,0.525000,0.52204,9.61354e-05,0.325000,0.341868,1.69003e-05,220,6.03354,2.62467,5.8854,0.701003,0.696522,0.0782146,1.40672,2.00673,1.42827,0.124712,2.01924,0.135947,256.992,210.156,0.00453964,0.00757669,0.0315719,0.0088469,0.0377167,0.0315719,1.79678,1.80883,2.65053,2.60556,5.33644,3.6692,0.497823,0.326159,1.6953,-7.77976
4.75,4.01284,0.00562353,0.425000,0.430783,8.29757e-05,0.375000,0.373309,9.95464e-05,220,7.18132,1.51556,6.61868,0.731695,0.717479,0.036367,6.81504,9.31403,6.45694,0.265845,9.2927,0.286875,256.992,210.156,0.040341,0.0598531,0.408842,0.111287,0.25006,0.408842,11.5168,10.7423,17.2388,16.5305,6.18782,4.07066,0.414419,0.358206,1.85265,0.779542
4.75,4.31129,0.0129924,0.475000,0.475252,0.000102093,0.375000,0.374551,9.94186e-05,220,6.20334,0.989058,5.75944,0.705979,0.692605,0.0285009,11.0807,15.6955,10.2324,0.355771,15.3478,0.384111,256.992,210.156,0.0618265,0.0712426,0.584181,0.250043,0.365058,0.584181,16.1486,14.7184,24.2659,22.7774,5.64537,3.72566,0.454825,0.357915,1.80962,-1.56126
4.75,4.65897,0.0248929,0.525000,0.523895,0.000101531,0.375000,0.377199,9.39687e-05,220,5.43868,0.885457,5.10253,0.682159,0.670421,0.0298172,9.9766,14.625,9.00372,0.35053,13.8891,0.380273,256.992,210.156,0.0689018,0.0969697,0.442861,0.230057,0.431129,0.442861,13.2022,11.6953,19.8836,17.9841,5.11816,3.37608,0.499274,0.359075,1.7855,-2.87304
4.75,4.01271,0.00534838,0.425000,0.431507,8.07682e-05,0.425000,0.420436,8.20294e-05,220,4.95664,0.98326,4.41147,0.665053,0.643344,0.0367705,4.45732,6.70221,4.24888,0.192886,6.53198,0.230648,256.992,210.156,0.0259463,0.0221434,0.381197,0.0905269,0.0947881,0.381197,7.40034,6.97442,11.4354,10.8288,6.17208,3.80459,0.414714,0.403852,2.08396,13.3625
4.75,4.29819,0.0125221,0.475000,0.476373,0.00010233,0.425000,0.422096,9.5135e-05,220,7.71277,1.3663,7.04651,0.743869,0.728421,0.0298777,9.31527,12.5227,8.75313,0.288037,12.7681,0.321019,256.992,210.156,0.0642277,0.129186,0.582939,0.157736,0.550979,0.582939,12.6956,11.6659,19.749,19.0183,5.60997,3.47319,0.455964,0.403453,2.02972,10.4117
4.75,4.59375,0.0243584,0.525000,0.524534,0.000101818,0.425000,0.42259,9.7849e-05,220,5.63022,0.895212,5.17835,0.688481,0.673144,0.0289584,9.47142,13.757,8.58146,0.316099,13.4442,0.35217,256.992,210.156,0.0789619,0.125768,0.532626,0.290225,0.547051,0.532626,13.3107,11.7723,20.7663,19.0302,5.04918,3.13849,0.498971,0.400893,1.97217,7.28144
4.75,4.20652,0.00518177,0.475000,0.480334,9.54788e-05,0.475000,0.460789,3.54491e-05,220,5.83304,2.09567,5.2657,0.694906,0.676225,0.0650231,1.41013,2.02924,1.59127,0.0978542,2.17538,0.127375,256.992,210.156,0.00874749,0.0202958,0.175614,0.0756172,0.101729,0.175614,2.1024,2.32916,3.36301,3.31131,5.43704,3.19951,0.458131,0.440043,2.15123,17.0218
4.75,4.47052,0.0138268,0.525000,0.521045,8.25453e-05,0.475000,0.463302,4.57552e-05,220,7.56008,2.76029,6.79102,0.740486,0.721991,0.0619661,2.28084,3.0802,2.18233,0.144154,3.36585,0.168944,256.992,210.156,0.039403,0.0702298,0.174572,0.175579,0.317371,0.174572,3.33337,3.02918,5.36377,5.0028,4.99178,2.93805,0.485842,0.433516,2.11827,15.2289
4.75,4.01666,0.00656602,0.425000,0.429219,8.91747e-05,0.425000,0.431895,5.82149e-05,210,3.75257,0.822243,3.50099,0.613032,0.600053,0.0410421,4.14076,6.75457,3.83889,0.210883,6.64073,0.293534,303.691,155.463,0.124254,0.027729,0.186911,0.318663,0.125359,0.186911,7.64959,6.81114,11.936,10.9502,6.22641,3.7732,0.413037,0.414868,2.15431,-6.30973
4.75,4.37661,0.0134877,0.475000,0.473668,0.000101919,0.425000,0.434791,5.31211e-05,210,4.84679,1.13579,4.43225,0.660894,0.644223,0.0435358,4.94273,7.47885,4.34052,0.240834,6.99895,0.331548,303.691,155.463,0.178838,0.0141972,0.290424,0.617993,0.0616667,0.290424,8.24479,6.91827,12.9987,10.9833,5.74649,3.48392,0.453868,0.41644,2.14067,-6.90263
4.75,4.81786,0.0139122,0.525000,0.522602,9.64605e-05,0.425000,0.435292,5.05577e-05,210,6.769,2.28396,6.32437,0.721423,0.709425,0.0590826,3.33639,4.62473,2.87245,0.197576,4.40994,0.261628,303.691,155.463,0.139778,0.0115996,0.141358,0.422573,0.0516467,0.141358,4.5308,3.6952,7.19825,6.12583,5.28452,3.21132,0.498484,0.414689,2.13814,-7.01266
4.75,5.13275,0.00684123,0.575000,0.563264,4.65417e-05,0.425000,0.437882,3.40488e-05,210,3.28842,1.63167,3.12452,0.588388,0.578919,0.0921481,0.905983,1.53977,0.662073,0.110754,1.2782,0.150729,303.691,155.463,0.000656175,0.00147988,0.0228093,0.054548,0.00854222,0.0228093,0.96079,0.69986,1.5336,1.21024,4.86315,2.95299,0.533862,0.413057,2.12611,-7.53618
4.75,4.01209,0.00597356,0.425000,0.430571,8.66921e-05,0.475000,0.474042,0.000102925,210,3.98518,0.74711,3.45216,0.624304,0.597432,0.0351509,5.31406,8.51198,5.09414,0.216379,8.20851,0.331005,303.691,155.463,0.220973,0.0609729,0.54408,0.501439,0.271169,0.54408,9.70408,8.78762,15.6006,13.6284,6.1914,3.52297,0.413998,0.455577,2.35574,2.45035
4.75,4.30378,0.012558,0.475000,0.47562,0.000100793,0.475000,0.473924,0.000101939,210,4.21818,0.601536,3.80839,0.634956,0.615798,0.0267197,10.2151,16.0879,9.15155,0.319571,15.6904,0.452793,303.691,155.463,0.376235,0.1217,0.634014,0.931993,0.489879,0.634014,14.7548,12.4993,23.9277,21.2216,5.63054,3.23031,0.455354,0.453544,2.2869,-0.543462
4.75,4.66339,0.025179,0.525000,0.520669,9.02997e-05,0.475000,0.473317,9.49693e-05,210,5.12316,1.00018,4.72418,0.671167,0.656128,0.0360502,7.47805,11.1419,6.78724,0.290459,11.2436,0.413362,303.691,155.463,0.261544,0.39346,0.389085,0.985574,0.990396,0.389085,10.677,8.75548,17.4204,14.49,5.17481,2.98441,0.495315,0.44936,2.25954,-1.73315
4.75,5.07968,0.00809326,0.575000,0.559043,2.42194e-05,0.475000,0.463931,5.97889e-05,210,2.868,1.33057,2.62421,0.563191,0.547116,0.084625,0.775031,1.37614,0.753654,0.0865561,1.2317,0.138337,303.691,155.463,0.0414911,0.00490773,0.0524988,0.0972967,0.0180515,0.0524988,0.954141,0.870703,1.55469,1.26119,4.88977,2.86479,-nan,-nan,2.24752,-2.25574
4.75,4.01268,0.00554992,0.425000,0.431075,8.06782e-05,0.525000,0.522952,0.000100586,210,6.35597,1.81755,5.28089,0.710312,0.676755,0.0508424,3.63144,5.11245,3.90475,0.173719,6.92929,0.272207,303.691,155.463,0.0922611,0.561209,0.444044,0.713811,1.47961,0.444044,6.81896,6.10512,11.3136,10.4802,6.1811,3.24821,0.414439,0.502953,2.59684,12.936
4.75,4.30646,0.0135432,0.475000,0.474628,9.63969e-05,0.525000,0.52187,9.59919e-05,210,4.31016,0.714079,3.75944,0.638996,0.613374,0.0310205,7.12496,11.1502,6.67329,0.243348,11.313,0.384669,303.691,155.463,0.452421,0.0705349,0.653021,1.54547,0.281353,0.653021,10.6945,9.23158,17.9392,15.2619,5.65152,3.00434,0.453346,0.498738,2.52599,9.85469
4.75,4.70159,0.0196521,0.525000,0.514059,5.91806e-05,0.525000,0.514273,6.39084e-05,210,4.90798,1.66693,4.26723,0.663223,0.637121,0.0630201,2.00671,3.02569,1.854,0.134473,3.3579,0.203833,303.691,155.463,0.140002,0.0371338,0.167488,0.532599,0.166977,0.167488,3.2458,2.71229,5.46296,4.79967,5.32482,2.87747,0.473442,0.471041,2.50819,9.08061
4.75,3.99844,0.00260602,0.425000,0.43792,4.47641e-05,0.575000,0.557886,2.02547e-05,210,1.56307,0.809437,1.4807,0.460729,0.452625,0.0784649,0.391834,0.850466,0.412843,0.0487214,0.866142,0.0989734,303.691,155.463,0.00858107,0.00520063,0.0147143,0.0943438,0.0221138,0.0147143,0.602819,0.613938,1.02516,0.903681,6.01726,3.0006,0.418212,0.535293,2.71788,18.2002
4.75,4.01626,0.00615509,0.425000,0.430077,8.57659e-05,0.525000,0.525077,9.61065e-05,200,3.74266,0.846818,3.28375,0.612536,0.588124,0.0423771,5.20979,8.50528,4.67585,0.268719,7.82542,0.392149,183.22,116.124,0.0691073,0.0542859,0.444345,0.220311,0.217627,0.444345,8.36849,7.31262,13.9331,12.102,6.20732,3.25087,0.413708,0.505457,2.6157,-5.27849
4.75,4.35711,0.0136657,0.475000,0.472824,9.5788e-05,0.525000,0.527923,8.49244e-05,200,3.94196,0.847326,3.47006,0.622259,0.598397,0.0403011,6.33675,10.1835,5.4277,0.309874,9.4003,0.432441,183.22,116.124,0.0508785,0.0727051,0.484557,0.330012,0.279416,0.484557,9.23056,7.72635,15.5657,13.4371,5.741,3.01412,0.452682,0.50563,2.59415,-6.05908
4.75,4.81258,0.00961852,0.525000,0.515748,5.85244e-05,0.525000,0.519297,6.81329e-05,200,4.03188,1.72896,3.66727,0.626488,0.608726,0.0804028,1.66787,2.66225,1.46143,0.158001,2.29855,0.230505,183.22,116.124,0.0255856,0.0131854,0.107688,0.0440691,0.0443444,0.107688,2.55884,2.18264,4.34014,3.60309,5.40087,2.88668,0.485999,0.488691,2.58381,-6.43337
4.75,4.00907,0.00604922,0.425000,0.429772,8.69575e-05,0.575000,0.571886,9.58451e-05,200,5.60059,1.50407,4.8145,0.687519,0.659652,0.0489545,4.689,6.82017,4.1349,0.239941,6.60245,0.337692,183.22,116.124,0.07929,0.0627631,0.45321,0.393457,0.250022,0.45321,7.13644,6.07693,12.2161,10.6735,6.20487,2.99175,0.412975,0.549973,2.84697,3.09617
4.75,4.29956,0.0125886,0.475000,0.465721,6.28342e-05,0.575000,0.563512,5.0576e-05,200,2.67541,0.792057,2.07462,0.55059,0.506142,0.0533238,2.54874,4.62911,2.12162,0.189972,4.14387,0.28626,183.22,116.124,0.0412552,0.0246073,0.326239,0.181155,0.116209,0.326239,4.22928,3.41124,7.28728,6.05528,5.81447,2.87581,0.436546,0.532772,2.77526,0.499477
4.75,4.0132,0.00743861,0.425000,0.425904,8.68501e-05,0.575000,0.588319,2.7377e-05,190,5.0666,2.17475,4.33021,0.669115,0.639865,0.0793674,1.65377,2.47158,1.512,0.144106,2.32952,0.198906,186.167,126.223,0.0660282,0.0146697,0.172004,0.121876,0.0563544,0.172004,2.80836,2.43057,4.83857,4.21155,6.29364,2.93773,0.410491,0.566898,2.95774,-8.21704
4.75,3.86961,0.00192975,0.425000,0.439551,2.88427e-05,0.325000,0.337261,2.90447e-05,260,4.59192,2.34947,3.99665,0.650835,0.624843,0.0954797,0.836164,1.28476,0.798307,0.096463,1.18507,0.116432,287.19,205.234,0.000295718,0.00414204,0.0949066,0.0194213,0.0211611,0.0949066,2.64049,2.50693,3.8043,3.38895,5.81737,4.00686,0.422023,0.323773,1.5798,-6.38892
4.75,4.12194,0.00850099,0.475000,0.474301,9.85954e-05,0.325000,0.33917,2.49171e-05,260,9.78049,3.78858,9.41262,0.782301,0.77633,0.0598506,3.3824,4.32366,3.04451,0.195955,4.05129,0.216046,287.19,205.234,0.0521642,0.0179186,0.094744,0.0403739,0.12902,0.094744,5.38093,4.7319,7.77928,6.98444,5.45241,3.75546,0.453357,0.323964,1.56806,-7.08446
4.75,3.86633,0.00164879,0.425000,0.439818,2.55767e-05,0.375000,0.37361,9.9412e-05,260,7.36165,3.08329,6.60655,0.735954,0.717156,0.0716561,1.62418,2.20691,1.54137,0.118926,2.19656,0.141628,287.19,205.234,0.0130782,0.013935,0.131085,0.0266358,0.0765437,0.131085,4.44883,4.14801,6.60039,6.26085,5.80799,3.81517,0.422094,0.358218,1.7488,3.62508
4.75,4.09912,0.00750655,0.475000,0.477533,9.78558e-05,0.375000,0.37367,0.00010238,260,6.88631,1.27193,6.36899,0.724425,0.710676,0.0321976,8.27169,11.4183,7.56984,0.282278,11.015,0.325143,287.19,205.234,0.0690824,0.0472611,0.453608,0.147939,0.241415,0.453608,12.5172,11.2791,18.6104,17.3186,5.36991,3.54346,0.456046,0.356326,1.708,1.20785
4.75,4.38731,0.0172023,0.525000,0.524741,0.000104488,0.375000,0.374654,9.88036e-05,260,5.31866,0.868477,5.03185,0.678065,0.667842,0.0300036,9.18434,13.5449,8.24784,0.316708,12.6022,0.375574,287.19,205.234,0.0544844,0.0800097,0.365997,0.171336,0.428521,0.365997,13.7149,12.1156,20.3903,18.0682,4.85793,3.21779,0.498343,0.354963,1.66724,-1.20769
4.75,4.75028,0.0267891,0.575000,0.569541,8.71265e-05,0.375000,0.373584,9.14222e-05,260,7.88348,2.01075,7.40599,0.747549,0.73698,0.0427162,5.70089,7.62612,5.11163,0.249236,7.27999,0.2806,287.19,205.234,0.0343854,0.0637353,0.252034,0.121616,0.281904,0.252034,7.30744,6.42635,10.8565,9.78933,4.47142,2.9708,0.536769,0.349441,1.65779,-1.76738
4.75,3.86845,0.00177996,0.425000,0.44051,2.69241e-05,0.425000,0.415414,4.61374e-05,260,2.16528,0.854496,1.70795,0.513404,0.474417,0.0674413,0.688423,1.3409,0.724013,0.0709617,1.23601,0.109186,287.19,205.234,0.0266802,0.0154443,0.113283,0.00236819,0.0730243,0.113283,2.04977,2.03031,3.1336,2.7123,5.79678,3.59455,0.422821,0.398562,1.9436,15.168
4.75,4.08894,0.00701365,0.475000,0.478334,9.68599e-05,0.425000,0.41991,8.29641e-05,260,4.14604,0.740927,3.65257,0.631723,0.607975,0.0334968,4.76416,7.54153,4.42257,0.196206,7.36781,0.25188,287.19,205.234,0.0237306,0.046102,0.40546,0.0990182,0.245176,0.40546,7.53073,6.8804,11.5993,10.8027,5.34474,3.31405,0.456237,0.400116,1.91247,13.3237
4.75,4.35907,0.0163401,0.525000,0.524042,9.66257e-05,0.425000,0.420592,8.7852e-05,260,5.11829,0.895576,4.71895,0.670991,0.655922,0.0323144,6.55613,9.77082,5.95539,0.243245,9.59836,0.300008,287.19,205.234,0.061788,0.100748,0.359467,0.202577,0.521143,0.359467,9.69466,8.56599,14.9701,13.597,4.84275,3.0197,0.496598,0.397672,1.86343,10.4178
4.75,4.78636,0.0198797,0.575000,0.563761,5.79863e-05,0.425000,0.414147,5.59928e-05,260,7.94246,3.36283,6.97068,0.748795,0.726544,0.0707356,1.78075,2.37815,1.57548,0.125575,2.31515,0.149483,287.19,205.234,0.0142506,0.0300266,0.149999,0.042827,0.139687,0.149999,2.53407,2.17896,3.91446,3.51035,4.58435,2.88562,0.505203,0.355378,1.8725,10.9551
4.75,4.11455,0.00843118,0.475000,0.475686,0.000100473,0.425000,0.430818,7.00824e-05,250,5.07585,1.13191,4.64626,0.669452,0.653029,0.0412247,5.04603,7.53754,4.60144,0.241806,7.38422,0.291512,308.574,196.574,0.185188,0.0356569,0.296834,0.51513,0.170922,0.296834,9.00266,7.81546,14.0246,12.4629,5.41941,3.30429,0.454323,0.411438,1.98537,-5.9856
4.75,4.48588,0.0158294,0.525000,0.522889,0.000100353,0.425000,0.432167,7.09119e-05,250,5.03624,1.30808,4.80862,0.668004,0.659424,0.0480596,4.04984,6.06261,3.55149,0.224031,5.83282,0.278879,308.574,196.574,0.107601,0.0221445,0.131501,0.645506,0.11418,0.131501,6.96088,5.88131,10.9249,9.1419,4.97547,3.04241,0.49692,0.410528,1.97452,-6.49912
4.75,3.86605,0.001756,0.425000,0.439763,2.76639e-05,0.475000,0.473661,0.000109043,250,2.59233,0.974693,1.48722,0.544926,0.453275,0.0672839,1.03432,1.8981,0.991273,0.102088,2.04132,0.140817,308.574,196.574,0.0519619,0.0264007,0.275376,0.181825,0.143127,0.275376,3.70839,3.27308,5.93642,5.36804,5.80874,3.30355,0.421969,0.454067,2.21988,5.11949
4.75,4.09822,0.00758158,0.475000,0.477455,9.88451e-05,0.475000,0.473213,0.000100567,250,3.06923,0.500818,2.73168,0.575626,0.554346,0.0300647,5.85939,10.1792,5.33316,0.241067,9.75587,0.327521,308.574,196.574,0.181096,0.0624326,0.427504,0.697148,0.304278,0.427504,10.6573,9.25728,17.1847,14.7795,5.37054,3.07935,0.455964,0.451404,2.1656,2.54911
4.75,4.39759,0.018072,0.525000,0.516956,7.54898e-05,0.475000,0.468115,8.2733e-05,250,6.68751,1.75161,6.09316,0.719299,0.702769,0.0460051,4.69979,6.53385,4.04796,0.219717,6.07106,0.285183,308.574,196.574,0.213745,0.03202,0.307784,0.708492,0.175096,0.307784,7.13024,5.76847,11.5343,9.15756,4.9901,2.90094,0.484533,0.434908,2.12233,0.500257
4.75,3.86684,0.00158726,0.425000,0.440059,2.55193e-05,0.525000,0.519186,6.70871e-05,250,3.10037,1.20845,2.85856,0.577487,0.562591,0.0719095,0.791326,1.37029,0.777232,0.0738388,1.38974,0.112987,308.574,196.574,0.037316,0.0161025,0.0445488,0.089087,0.0867533,0.0445488,1.98212,1.81301,3.27081,2.89752,5.80397,3.06708,0.422406,0.497303,2.43273,15.1987
4.75,4.08325,0.00786653,0.475000,0.472594,8.82244e-05,0.525000,0.516117,6.5483e-05,250,3.19242,0.688587,2.71051,0.582894,0.55294,0.0399329,2.97696,5.10721,2.75289,0.154304,5.18115,0.228784,308.574,196.574,0.1186,0.074844,0.295156,0.47609,0.325604,0.295156,4.96495,4.26863,8.26027,7.08322,5.44057,2.91378,0.448837,0.490896,2.37812,12.6127
4.75,3.86993,0.00172306,0.425000,0.440061,2.59076e-05,0.525000,0.523853,9.67479e-05,240,3.43996,1.32036,3.12586,0.596772,0.578998,0.0715601,1.31848,2.20935,1.19416,0.118355,2.0222,0.175652,237.687,168.562,0.0639099,0.0168558,0.0853234,0.190077,0.0651908,0.0853234,3.70047,3.12487,6.14625,4.91548,5.80762,3.04832,0.422309,0.502746,2.45678,-3.1208
4.75,4.08955,0.00826824,0.475000,0.471,8.27373e-05,0.525000,0.52002,7.83065e-05,240,3.85509,0.907612,3.18112,0.618082,0.582238,0.0441285,3.51005,5.67894,3.21548,0.188648,5.33,0.2669,237.687,168.562,0.035512,0.0154873,0.449019,0.217002,0.0715774,0.449019,6.15318,5.54739,10.2851,9.13046,5.47621,2.91237,0.448323,0.49567,2.4077,-5.05612
5.5,4.89503,0.0124794,0.425000,0.424931,9.38596e-05,0.325000,0.346351,3.27828e-06,480,2.647,1.14499,2.58751,0.548669,0.544593,0.077745,0.56694,1.0333,0.505289,0.0617859,0.878758,0.0935764,403.717,235.704,0.000816748,0.00104056,0.00877393,0.00409892,0.00378338,0.00877393,0.506508,0.44977,0.772801,0.651324,7.5087,5.09436,0.411594,0.335333,2.12642,-8.98421
5.5,4.5755,0.000714791,0.375000,0.395039,6.1906e-06,0.375000,0.374286,0.000105834,480,2.99405,1.54946,2.87503,0.571064,0.563638,0.0950263,0.380542,0.666374,0.352463,0.0468078,0.555837,0.0746813,403.717,235.704,0.00331179,0.00064278,0.0123137,0.00924403,0.00229271,0.0123137,0.502623,0.460314,0.773532,0.631829,7.89087,5.14827,0.383808,0.363389,2.31129,-1.07144
5.5,4.88812,0.00985616,0.425000,0.428911,9.17773e-05,0.375000,0.374743,9.76382e-05,480,4.37144,0.680689,4.2357,0.641639,0.635732,0.0291387,5.35041,8.33867,5.03393,0.17817,7.63882,0.257478,403.717,235.704,0.0287684,0.0169384,0.134789,0.0803075,0.0626275,0.134789,7.17788,6.69199,11.1117,9.9886,7.39433,4.83334,0.415092,0.362322,2.27724,-2.52887
5.5,5.30592,0.0166138,0.475000,0.474629,0.00010096,0.375000,0.376781,9.07962e-05,480,5.49036,0.843099,5.27285,0.68389,0.676475,0.0280824,7.00896,10.2487,6.45332,0.209751,9.58184,0.288165,403.717,235.704,0.0238926,0.0459389,0.214693,0.105519,0.158201,0.214693,9.02607,8.2206,14.0701,12.7926,6.75855,4.41769,0.457772,0.362879,2.24524,-3.89832
5.5,5.69404,0.01747,0.525000,0.521097,9.77528e-05,0.375000,0.380193,7.60512e-05,480,5.37202,1.08636,5.14219,0.679898,0.671851,0.0371047,4.17448,6.13986,3.71815,0.16624,5.5559,0.229112,403.717,235.704,0.0157842,0.0324504,0.133477,0.0632509,0.116685,0.133477,4.94196,4.34463,7.73672,6.77415,6.11843,3.98645,0.501067,0.36514,2.21417,-5.22843
5.5,6.07386,0.0107771,0.575000,0.56864,8.77999e-05,0.375000,0.384369,4.43379e-05,480,7.58701,3.25018,7.35526,0.741089,0.735805,0.072625,1.37063,1.84947,1.18712,0.0969269,1.69032,0.125473,403.717,235.704,0.00559352,0.00526387,0.0292468,0.0347793,0.0180926,0.0292468,1.40046,1.20187,2.19654,1.94472,5.49232,3.55696,0.544512,0.367115,2.1885,-6.32708
5.5,4.57203,0.000788642,0.375000,0.394726,6.95151e-06,0.425000,0.422816,0.000107451,480,2.06022,1.09667,2.0001,0.504969,0.500008,0.089582,0.221894,0.439422,0.245773,0.030737,0.499503,0.0487008,403.717,235.704,0.0035337,0.000122425,0.00462354,0.00543516,0.000370371,0.00462354,0.345543,0.377035,0.544988,0.612302,7.89488,4.80269,0.383219,0.409779,2.61217,11.8072
5.5,4.88514,0.00928307,0.425000,0.429112,9.16063e-05,0.425000,0.423432,0.000101132,480,6.15227,1.09185,5.84717,0.7045,0.695344,0.0317804,4.63271,6.57589,4.47236,0.148159,6.51133,0.20921,403.717,235.704,0.0418921,0.0212773,0.181112,0.070041,0.0752337,0.181112,5.81233,5.53189,9.23486,8.94018,7.38536,4.50756,0.415516,0.409707,2.57147,10.065
5.5,5.29311,0.0156331,0.475000,0.475914,0.000103674,0.425000,0.423626,0.000103307,480,6.0194,0.88999,5.70811,0.700581,0.69098,0.0265964,7.29535,10.4133,6.53979,0.196831,9.76753,0.278111,403.717,235.704,0.0426378,0.050325,0.27046,0.147436,0.176899,0.27046,9.36831,8.27867,14.995,13.598,6.71536,4.11296,0.218597,0.4396,2.51336,7.57785
5.5,5.6525,0.0182893,0.525000,0.522005,9.83282e-05,0.425000,0.423828,0.000101799,480,5.16759,0.838603,4.89659,0.67276,0.662792,0.0299342,5.35945,7.96636,4.83853,0.172897,7.67361,0.24412,403.717,235.704,0.0368265,0.0602117,0.194378,0.147857,0.210647,0.194378,6.58165,5.82277,10.5775,9.71279,6.06113,3.71875,0.501005,0.406228,2.44762,4.76392
5.5,4.88658,0.00661007,0.425000,0.432845,7.27416e-05,0.475000,0.457671,1.73175e-05,480,7.4694,3.24616,7.01151,0.738434,0.727558,0.0740303,0.895433,1.21261,0.88093,0.0621203,1.27305,0.0877602,403.717,235.704,0.0119586,0.00969259,0.0417291,0.0247127,0.0331392,0.0417291,1.25343,1.20282,2.0297,2.03402,7.28952,4.23049,0.417723,0.442911,2.75684,17.9995
5.5,5.24078,0.0121202,0.475000,0.477645,9.91839e-05,0.475000,0.463937,5.41955e-05,480,5.30482,1.1967,4.8576,0.677587,0.661308,0.0414658,2.57708,3.80333,2.28922,0.113387,3.64485,0.161771,403.717,235.704,0.0303155,0.0245039,0.142351,0.0604645,0.0834372,0.142351,3.59605,3.11787,5.89349,5.42493,6.61763,3.8238,0.459641,0.446765,2.71533,16.2226
5.5,5.61246,0.0169328,0.525000,0.52268,9.74207e-05,0.475000,0.468013,7.73244e-05,480,3.83212,0.776483,3.45176,0.616962,0.597411,0.0379747,2.64496,4.28708,2.36034,0.119707,4.0836,0.17884,403.717,235.704,0.0322137,0.0509475,0.171322,0.102394,0.171458,0.171322,3.87841,3.33912,6.41437,5.70018,6.0102,3.4578,0.501188,0.448443,2.68033,14.7246
5.5,6.05562,0.0123678,0.575000,0.570905,9.86689e-05,0.475000,0.470754,8.45961e-05,480,3.18145,0.865049,2.89865,0.582257,0.565132,0.0503197,1.29652,2.22671,1.18303,0.0815855,1.96701,0.131902,403.717,235.704,0.0143201,0.0182294,0.0844558,0.0428428,0.0611046,0.0844558,1.74988,1.55278,2.91561,2.43946,5.4353,3.11375,0.545714,0.447547,2.66379,14.0168
5.5,4.88656,0.0112903,0.425000,0.426564,9.71335e-05,0.425000,0.440029,2.06637e-05,470,4.42363,1.25522,4.21018,0.643859,0.6346,0.0530691,1.78696,2.77538,1.56172,0.110783,2.45557,0.150747,424.513,264.721,0.0775952,0.00209621,0.0568264,0.110496,0.00778216,0.0568264,1.98439,1.64577,3.18524,2.68244,7.45425,4.43568,0.413052,0.426353,2.68898,-7.97922
5.5,5.39845,0.0151847,0.475000,0.473201,0.000103309,0.425000,0.441025,2.02277e-05,470,3.92806,1.20372,3.74641,0.621597,0.612724,0.0574531,1.39646,2.24657,1.17783,0.0990619,2.01132,0.133114,424.513,264.721,0.031991,0.00119585,0.0395368,0.0841684,0.00406474,0.0395368,1.54642,1.26757,2.50849,2.14729,6.89395,4.10515,0.456686,0.425755,2.6836,-8.16338
5.5,4.88286,0.00949496,0.425000,0.428455,9.27241e-05,0.475000,0.473806,0.000104114,470,7.27488,1.54005,6.90023,0.733922,0.724776,0.0363439,4.81427,6.55964,4.52175,0.17055,6.54799,0.226972,424.513,264.721,0.177717,0.0488356,0.202796,0.619241,0.166204,0.202796,6.09191,5.43509,9.96138,8.75093,7.39978,4.18014,0.415057,0.458429,2.88133,-1.39675
5.5,5.28915,0.0162325,0.475000,0.47442,0.000102235,0.475000,0.475177,0.000101344,470,6.0465,0.967643,5.72079,0.701389,0.691383,0.0287612,6.72824,9.59274,6.21365,0.20235,9.18134,0.267396,424.513,264.721,0.245944,0.0321455,0.265453,0.477251,0.112765,0.265453,8.47879,7.47987,14.0099,12.5473,6.74515,3.81995,0.457181,0.457928,2.82639,-3.27686
5.5,5.68173,0.0172422,0.525000,0.521519,9.58115e-05,0.475000,0.477628,8.85015e-05,470,3.31207,0.530446,3.08537,0.58972,0.576592,0.0297633,4.40794,7.47464,3.64858,0.170995,6.28323,0.241327,424.513,264.721,0.0485426,0.015433,0.187651,0.129174,0.0562836,0.187651,5.1633,4.19887,8.60776,7.02217,6.09806,3.44963,0.500988,0.458307,2.77567,-5.01248
5.5,6.08391,0.011115,0.575000,0.569089,9.12446e-05,0.475000,0.480429,6.88481e-05,470,2.59448,0.731962,2.40851,0.545074,0.531872,0.050495,1.30156,2.38786,1.0712,0.0951862,1.99789,0.135786,424.513,264.721,0.00840447,0.00391466,0.0539769,0.0146978,0.0146107,0.0539769,1.52315,1.23915,2.56035,2.11078,5.49144,3.09124,0.544345,0.459174,2.73968,-6.24404
5.5,6.03288,0.010657,0.575000,0.564387,5.64417e-05,0.525000,0.520089,8.86624e-05,470,7.73524,3.01981,7.22018,0.74436,0.732625,0.0657835,1.57598,2.11723,1.26085,0.103527,1.75333,0.125169,424.513,264.721,0.00820294,0.00675814,0.0708635,0.0336247,0.0232241,0.0708635,1.47605,1.16688,2.54448,2.03882,5.54033,2.93115,0.533923,0.486283,2.9666,1.52147
5.5,5.80393,0.0094507,0.525000,0.518014,8.5807e-05,0.525000,0.538856,3.2277e-05,460,6.69222,2.34116,6.5564,0.719422,0.715812,0.0614352,1.21779,1.69274,1.05539,0.0814966,1.33964,0.0897928,720.514,439.523,0.00622414,0.0036083,0.0248209,0.00902395,0.0114859,0.0248209,0.729134,0.626011,1.26324,0.984425,6.28573,3.20671,0.498342,0.518298,3.22176,-8.14894
5.5,4.98268,0.0123215,0.475000,0.473504,9.70443e-05,0.375000,0.391753,1.64145e-05,550,6.98039,3.13297,6.66175,0.726786,0.71862,0.0779546,1.62416,2.23472,1.38485,0.128863,2.02454,0.161296,283.008,171.978,0.00708544,0.0117402,0.0488695,0.00825662,0.0472402,0.0488695,1.58017,1.32902,2.46267,2.16989,6.42377,4.11456,0.456553,0.377081,2.19726,-8.03402
5.5,4.64682,0.00297083,0.425000,0.438628,3.3568e-05,0.425000,0.424622,0.000104312,550,4.48882,1.57186,4.27469,0.646594,0.637449,0.0654397,1.45313,2.24735,1.33083,0.110205,2.19999,0.150608,283.008,171.978,0.00651872,0.017466,0.0476584,0.0234071,0.0719682,0.0476584,1.84086,1.65555,2.90849,2.72376,6.83161,4.16569,0.423944,0.409424,2.3989,0.405581
5.5,4.95345,0.0106843,0.475000,0.476742,0.000100301,0.425000,0.424157,9.89135e-05,550,4.87577,0.955092,4.66913,0.662001,0.653945,0.0363709,5.29208,7.99406,4.93028,0.215417,7.72179,0.294975,283.008,171.978,0.0537339,0.058818,0.168202,0.186099,0.229988,0.168202,7.02921,6.39915,11.1684,10.2067,6.32234,3.8746,0.459021,0.407605,2.35021,-1.63226
5.5,5.33182,0.0181889,0.525000,0.52385,9.94085e-05,0.425000,0.426217,9.74352e-05,550,6.22991,1.30009,5.90015,0.706742,0.696974,0.0372693,6.2382,8.8267,5.58212,0.241236,8.39104,0.316465,283.008,171.978,0.123032,0.0429784,0.233992,0.37092,0.166403,0.233992,7.45607,6.47348,11.9187,10.6049,5.73128,3.51506,0.501516,0.407728,2.31275,-3.20016
5.5,5.67624,0.0201463,0.575000,0.571701,9.90646e-05,0.425000,0.429078,8.80111e-05,550,3.98827,1.03533,3.76237,0.624449,0.61352,0.0486737,3.08712,4.94375,2.72812,0.182838,4.54615,0.250525,283.008,171.978,0.0863074,0.0157932,0.120234,0.301384,0.068211,0.120234,4.10393,3.49096,6.58151,5.56016,5.13729,3.14521,0.545052,0.407635,2.27021,-4.98065
5.5,4.64194,0.00306917,0.425000,0.438413,3.55885e-05,0.475000,0.473552,0.000105895,550,4.61505,1.82292,4.0668,0.651772,0.628106,0.0736841,1.06256,1.63027,0.979864,0.0878593,1.61031,0.125686,283.008,171.978,0.00882696,0.0103203,0.0905203,0.0630418,0.0409155,0.0905203,1.51313,1.3681,2.45983,2.27286,6.83066,3.86669,0.423666,0.456866,2.67449,11.9404
5.5,4.95319,0.0109519,0.475000,0.477257,0.000101178,0.475000,0.47299,0.000101843,550,3.54312,0.664641,3.20169,0.602287,0.583431,0.0350434,4.16439,6.9143,3.82752,0.180964,6.54975,0.267524,283.008,171.978,0.05055,0.0823706,0.278261,0.0973562,0.327611,0.278261,6.04737,5.36517,9.91295,8.78103,6.31085,3.59591,0.458743,0.45326,2.61877,9.60794
5.5,5.31016,0.0182613,0.525000,0.525249,0.000103199,0.475000,0.473454,9.94558e-05,550,4.16689,0.781755,3.84059,0.632663,0.617376,0.0351624,5.02182,7.93759,4.55301,0.207064,7.69293,0.295808,283.008,171.978,0.126485,0.0792695,0.268483,0.417809,0.306351,0.268483,7.1888,6.22315,11.8669,10.4185,5.68545,3.2553,0.503249,0.453221,2.55341,6.87255
5.5,5.62173,0.0234841,0.575000,0.568486,7.82695e-05,0.475000,0.471001,9.7404e-05,550,6.80748,2.1081,6.37824,0.722414,0.710934,0.0541456,3.21286,4.4474,2.91092,0.167993,4.42098,0.238824,283.008,171.978,0.151791,0.0279067,0.15371,0.561773,0.113722,0.15371,3.99822,3.39885,6.61693,5.57262,5.15033,2.96864,0.539999,0.445018,2.48423,3.97695
5.5,4.92971,0.00757113,0.475000,0.480357,8.62291e-05,0.525000,0.511349,3.93193e-05,550,5.25073,2.07143,4.7099,0.675701,0.655565,0.0726171,1.17035,1.73205,1.09446,0.0899168,1.78293,0.130157,283.008,171.978,0.0100258,0.0217793,0.0867589,0.0758577,0.0834199,0.0867589,1.79255,1.6276,3.01173,2.82324,6.21866,3.34107,0.461374,0.491824,2.79974,17.1828
5.5,5.24914,0.0145156,0.525000,0.52504,9.24501e-05,0.525000,0.516102,6.51907e-05,550,6.13905,1.96824,5.56116,0.704114,0.686231,0.0574387,2.29326,3.25695,2.11268,0.129872,3.24631,0.191231,283.008,171.978,0.0660092,0.0368965,0.165886,0.276351,0.140581,0.165886,3.20504,2.80885,5.44393,4.72925,5.63354,3.02077,0.500678,0.493201,2.75257,15.2084
5.5,4.6468,0.00313269,0.425000,0.4383,3.31057e-05,0.475000,0.482365,5.15402e-05,540,3.47391,1.46931,3.22135,0.598604,0.584565,0.0789115,0.796765,1.33104,0.83162,0.0714489,1.33116,0.128614,384.769,171.704,0.00890837,0.0713969,0.048675,0.0454402,0.135769,0.048675,0.997224,0.940338,1.63338,1.41116,6.83927,3.81708,0.423235,0.465732,2.72808,-6.64119
5.5,4.97461,0.0119275,0.475000,0.475018,0.000101793,0.475000,0.48538,4.66745e-05,540,3.25857,0.736166,2.9573,0.586696,0.568798,0.0419174,2.62209,4.46925,2.15911,0.134529,3.89193,0.222222,384.769,171.704,0.0149525,0.00321073,0.141705,0.0302428,0.0115451,0.141705,3.07415,2.51006,5.08464,4.38028,6.38224,3.56236,0.456864,0.467551,2.71121,-7.21837
5.5,5.43343,0.0159589,0.525000,0.52174,9.89894e-05,0.475000,0.48672,4.36554e-05,540,5.3546,1.71268,5.05238,0.679302,0.668595,0.0587147,1.99092,2.93083,1.64935,0.11517,2.55246,0.188224,384.769,171.704,0.00994818,0.0201317,0.0734644,0.0479752,0.062299,0.0734644,2.1206,1.72475,3.54369,2.95287,5.86405,3.27776,0.500829,0.466645,2.70309,-7.49623
5.5,4.63877,0.00314399,0.425000,0.4376,3.5971e-05,0.525000,0.523972,0.000102081,540,5.6607,2.16342,5.27023,0.689463,0.676383,0.0695415,1.31558,1.90812,1.16805,0.0908464,1.7425,0.140281,384.769,171.704,0.00713461,0.00303817,0.0684417,0.0579969,0.0116926,0.0684417,1.46936,1.29322,2.46428,2.16038,6.84603,3.56858,0.422742,0.505638,2.96353,1.41627
5.5,4.94869,0.0105623,0.475000,0.476642,0.00010198,0.525000,0.523741,0.000104484,540,5.87392,1.17331,5.43371,0.696169,0.681992,0.036104,4.96183,7.12732,4.34112,0.173561,6.43299,0.272894,384.769,171.704,0.032753,0.028179,0.265878,0.0897319,0.105032,0.265878,5.83667,5.03485,9.88281,8.64998,6.3194,3.31655,0.458977,0.503605,2.9017,-0.699522
5.5,5.33039,0.0205627,0.525000,0.522974,9.39588e-05,0.525000,0.524188,9.7223e-05,540,3.46985,0.580922,3.16487,0.598385,0.58129,0.0312331,4.95397,8.27889,4.35565,0.181241,7.4735,0.308206,384.769,171.704,0.0553684,0.129223,0.288072,0.140705,0.422403,0.288072,6.25343,5.26516,10.6931,8.92557,5.74565,3.03051,0.500704,0.500789,2.85035,-2.45691
5.5,5.71733,0.0105717,0.575000,0.560065,3.14698e-05,0.525000,0.515349,6.37199e-05,540,2.52315,0.95229,2.32872,0.5401,0.52597,0.0671391,0.875604,1.62119,0.697626,0.0783525,1.28363,0.139886,384.769,171.704,0.0180828,0.00575617,0.03741,0.0212011,0.0216438,0.03741,0.979332,0.753607,1.67685,1.28338,5.37387,2.88245,-nan,-nan,2.80669,-3.95094
5.5,4.94868,0.0104295,0.475000,0.476454,9.77494e-05,0.575000,0.572171,9.65261e-05,540,8.79003,2.40915,8.09046,0.765442,0.751871,0.0441817,4.61592,6.03039,4.01747,0.18774,5.61434,0.246982,384.769,171.704,0.0535343,0.0963594,0.26214,0.204769,0.264691,0.26214,4.63052,3.87981,8.05682,6.87375,6.32329,3.04687,0.458138,0.550022,3.17198,8.54989
5.5,4.64326,0.00306459,0.425000,0.438114,3.51963e-05,0.625000,0.622485,9.48403e-05,530,6.97556,3.57113,6.17101,0.726665,0.705044,0.0889352,1.07514,1.47955,0.973767,0.103086,1.45629,0.11254,298.041,169.227,0.0342969,0.0201935,0.0828851,0.0539344,0.0711108,0.0828851,1.1115,0.950361,1.95232,1.75662,6.83927,2.95778,0.423186,0.601319,3.52125,1.94474
5.5,4.76131,0.00654446,0.475000,0.48003,8.08479e-05,0.375000,0.388627,2.44868e-05,520,5.6653,2.33298,5.40164,0.689611,0.680907,0.0749205,1.04613,1.51698,0.904943,0.0867903,1.40506,0.106406,461.197,272.206,0.0119889,0.00678687,0.0310096,0.00668267,0.0296653,0.0310096,1.30916,1.10898,2.01775,1.82053,6.04204,3.8871,0.460794,0.372832,2.0542,-7.40835
5.5,5.13853,0.0134697,0.525000,0.522795,0.000102104,0.375000,0.390615,2.15703e-05,520,7.68204,3.22148,7.44068,0.743196,0.737778,0.0708173,1.38787,1.86744,1.17082,0.0983333,1.75,0.118986,461.197,272.206,0.0127292,0.00644169,0.0266902,0.0529872,0.0291511,0.0266902,1.48524,1.23244,2.29977,2.05399,5.57361,3.58839,0.500041,0.373839,2.04554,-7.79869
5.5,5.61525,0.011635,0.575000,0.572377,9.36e-05,0.375000,0.391053,1.99442e-05,520,5.26684,2.379,5.11556,0.676265,0.670892,0.0831098,0.811291,1.19966,0.700976,0.0733614,1.00973,0.0998426,461.197,272.206,0.0041941,0.00458617,0.0188348,0.0207443,0.0190965,0.0188348,0.841805,0.71823,1.30818,1.05762,5.07898,3.27314,0.545446,0.372537,2.04414,-7.86164
5.5,4.75951,0.00596771,0.475000,0.481842,7.96209e-05,0.425000,0.42411,0.000104245,520,5.54187,1.39409,5.16571,0.685596,0.672693,0.0459351,2.37967,3.47095,2.13786,0.116518,3.29204,0.158739,461.197,272.206,0.0190794,0.0333727,0.11926,0.0895883,0.152604,0.11926,3.20633,2.80985,5.06156,4.44748,6.00324,3.67759,0.462844,0.406699,2.23358,0.677426
5.5,5.08413,0.012551,0.525000,0.525864,0.000101619,0.425000,0.424145,0.000101299,520,4.18501,0.693309,3.89362,0.633476,0.619946,0.0310463,4.4889,7.08614,3.963,0.166381,6.52071,0.227209,461.197,272.206,0.0656683,0.0400013,0.21129,0.157625,0.175403,0.21129,6.25546,5.37535,9.91439,8.65734,5.46889,3.36713,0.502709,0.404547,2.18616,-1.45999
5.5,5.44504,0.0224581,0.575000,0.57248,9.79908e-05,0.425000,0.425165,9.50274e-05,520,5.76158,1.16224,5.40407,0.692673,0.680989,0.0365913,4.15515,5.99872,3.66196,0.160729,5.70609,0.215815,461.197,272.206,0.124127,0.0184153,0.181538,0.477099,0.0877577,0.181538,5.2683,4.46225,8.37427,7.17722,4.94989,3.05359,0.544077,0.403181,2.15527,-2.85228
5.5,4.75992,0.00550839,0.475000,0.482026,7.43463e-05,0.475000,0.472938,0.000102206,520,4.29346,1.03797,3.79063,0.638269,0.614922,0.0452726,1.67988,2.63192,1.58342,0.0883561,2.71382,0.12525,461.197,272.206,0.0285105,0.0282851,0.133266,0.0653512,0.116889,0.133266,2.45667,2.23255,4.01032,3.85743,5.99975,3.41618,0.462777,0.453935,2.49102,12.2812
5.5,5.07471,0.0122183,0.525000,0.526099,9.93969e-05,0.475000,0.473247,0.000102369,520,4.63868,0.813625,4.10995,0.652725,0.630084,0.0327078,3.76873,5.77384,3.32171,0.138743,5.6047,0.196284,461.197,272.206,0.0648259,0.05383,0.277321,0.227604,0.218436,0.277321,5.17401,4.39741,8.50186,7.59601,5.45649,3.12644,0.502875,0.451617,2.43468,9.74189
5.5,5.43516,0.0232676,0.575000,0.566983,7.15368e-05,0.475000,0.468615,8.66229e-05,520,5.37728,1.38853,4.83712,0.680078,0.660523,0.0473722,2.17621,3.19994,1.86964,0.110921,3.21116,0.151928,461.197,272.206,0.0644026,0.0377272,0.132523,0.270439,0.156137,0.132523,3.05856,2.48416,5.03391,4.38051,5.03283,2.91432,0.534575,0.437255,2.39542,7.97221
5.5,5.00601,0.00889257,0.525000,0.524571,8.25827e-05,0.525000,0.509777,2.61134e-05,520,6.96544,3.09344,6.06495,0.726413,0.701936,0.0771812,0.838689,1.15456,0.76472,0.0614357,1.1844,0.0888573,461.197,272.206,0.0211739,0.0153001,0.0767718,0.083101,0.0669851,0.0767718,1.20767,1.04863,2.03543,1.82344,5.42107,2.94231,0.489586,0.482806,2.59484,16.9607
5.5,4.76047,0.00621651,0.475000,0.480365,7.71289e-05,0.475000,0.480339,6.56181e-05,510,2.64547,0.597156,2.40589,0.548565,0.531681,0.0405655,1.67787,3.05865,1.41599,0.0928059,2.67042,0.150123,498.407,243.451,0.0130817,0.00590469,0.0898291,0.052323,0.0209822,0.0898291,1.97107,1.64112,3.24075,2.75173,6.03419,3.39484,0.461147,0.461085,2.53886,-6.40362
5.5,5.12574,0.0137008,0.525000,0.524297,0.000103388,0.475000,0.483651,5.77454e-05,510,3.15119,0.635943,2.92168,0.580489,0.566579,0.0373063,2.33464,4.02184,1.94411,0.110434,3.47166,0.174973,498.407,243.451,0.00882146,0.00749533,0.103222,0.0392437,0.026594,0.103222,2.83327,2.33953,4.70154,3.98141,5.53429,3.11562,0.500951,0.46251,2.52116,-7.05604
5.5,5.54417,0.0126419,0.575000,0.564901,5.89429e-05,0.475000,0.481616,5.5444e-05,510,3.00338,0.955244,2.64935,0.571636,0.548828,0.0584278,0.982687,1.71908,0.762642,0.075059,1.4677,0.11676,498.407,243.451,0.00677494,0.00772682,0.06139,0.0381824,0.0314484,0.06139,1.11566,0.849372,1.86091,1.51342,5.15278,2.91838,0.536726,0.456311,2.52034,-7.08648
5.5,4.75721,0.00587111,0.475000,0.481654,7.91926e-05,0.525000,0.524159,0.000104973,510,3.64033,0.764851,3.23935,0.607347,0.585598,0.0393074,2.14466,3.53119,1.77394,0.0985212,3.02271,0.160983,498.407,243.451,0.0117752,0.0176789,0.148542,0.0528125,0.0671359,0.148542,2.68797,2.18643,4.54218,3.73383,6.0045,3.14544,0.462244,0.503295,2.76214,1.82781
5.5,5.07021,0.0132489,0.525000,0.521731,8.8721e-05,0.525000,0.520623,9.0124e-05,510,2.67271,0.435933,2.37191,0.550408,0.529183,0.0293722,3.03966,5.52256,2.5457,0.119126,4.75694,0.200026,498.407,243.451,0.0272243,0.0226359,0.20102,0.0608018,0.0923829,0.20102,4.06054,3.33408,6.90332,5.75479,5.53164,2.93771,0.497216,0.495591,2.69922,-0.492024
5.5,4.74354,0.00626712,0.475000,0.478597,7.84415e-05,0.575000,0.56979,8.23969e-05,510,5.48681,1.65871,4.86384,0.683772,0.661546,0.0552905,1.45924,2.1341,1.20697,0.0845521,1.89705,0.120367,498.407,243.451,0.00939809,0.00919382,0.107082,0.0615906,0.0369185,0.107082,1.57012,1.27868,2.72481,2.29637,6.05254,2.92575,0.459198,0.546645,3.01386,11.1074
5.5,4.74577,0.00661348,0.475000,0.478265,7.7461e-05,0.575000,0.57083,8.04423e-05,500,3.32791,0.929803,2.96783,0.590606,0.56945,0.051946,1.68078,2.84586,1.41986,0.114515,2.41549,0.158294,333.597,176.721,0.0461574,0.0140374,0.109814,0.00540561,0.0542177,0.109814,1.66896,1.35011,2.9008,2.40136,6.06152,2.92685,0.459486,0.548223,3.0227,-5.7635
5.5,4.78435,0.00858735,0.525000,0.525142,9.76505e-05,0.325000,0.341388,1.69531e-05,450,4.76509,1.39205,4.58713,0.657733,0.65064,0.0543578,1.03024,1.56635,0.910072,0.0573433,1.46712,0.0956885,1083.42,332.659,0.00559432,0.00372629,0.0255478,0.00879866,0.0206559,0.0255478,1.15082,1.00617,1.68823,1.54954,5.21002,3.57575,0.500925,0.325299,1.65534,-7.69837
5.5,5.20491,0.0123511,0.575000,0.572855,0.000102695,0.325000,0.341761,1.52255e-05,450,5.54584,2.09984,5.31154,0.685727,0.677819,0.069132,0.809352,1.18028,0.660311,0.052503,1.00296,0.0910857,1083.42,332.659,0.00131617,0.00484568,0.0239832,0.0371748,0.0224825,0.0239832,0.880948,0.712015,1.29173,1.03237,4.76395,3.27321,0.544127,0.324222,1.65244,-7.86011
5.5,4.77034,0.00748674,0.525000,0.527876,9.54171e-05,0.375000,0.374082,0.000102407,450,6.10098,1.07968,5.78888,0.702999,0.69353,0.0317461,3.27524,4.65896,2.97443,0.0926965,4.33816,0.163942,1083.42,332.659,0.0167497,0.0174594,0.127659,0.0502838,0.0826004,0.127659,4.33461,3.89123,6.52099,5.88599,5.15129,3.39322,0.503244,0.355324,1.80055,0.398189
5.5,5.08088,0.0162168,0.575000,0.574184,0.000101704,0.375000,0.374731,9.63234e-05,450,7.24365,1.32188,6.81031,0.733183,0.722487,0.0313689,4.04385,5.51547,3.57622,0.107901,5.07689,0.184464,1083.42,332.659,0.0236087,0.0423352,0.179914,0.058338,0.183227,0.179914,5.28543,4.58804,7.94349,6.96393,4.65181,3.07483,0.543902,0.353966,1.76571,-1.54429
5.5,5.48034,0.0177859,0.625000,0.613042,4.75186e-05,0.375000,0.36893,8.2191e-05,450,3.59726,0.938426,3.35703,0.605121,0.592227,0.0487761,1.02635,1.6961,0.951507,0.0549021,1.61056,0.102271,1083.42,332.659,0.0114311,0.016683,0.050167,0.0491536,0.0745104,0.050167,1.45224,1.30657,2.17409,1.90593,4.34102,2.89297,-nan,-nan,1.75604,-2.08344
5.5,4.51993,0.00151435,0.475000,0.491309,2.13273e-05,0.425000,0.418242,6.89396e-05,450,3.52448,1.43046,3.29213,0.601301,0.588597,0.0757959,0.318315,0.529377,0.290002,0.0260959,0.498532,0.0506888,1083.42,332.659,0.00259944,0.000921475,0.0143828,0.0103631,0.00398838,0.0143828,0.507773,0.456993,0.791628,0.724043,5.56326,3.43636,0.470227,0.399687,2.05049,14.3347
5.5,4.76113,0.00719473,0.525000,0.528006,9.76793e-05,0.425000,0.421129,8.81127e-05,450,6.3458,1.27368,5.93181,0.710027,0.69794,0.0356988,2.31665,3.26277,2.12408,0.0705685,3.10806,0.13051,1083.42,332.659,0.0192487,0.0215714,0.114046,0.0297414,0.106347,0.114046,3.20493,2.88204,5.01284,4.56608,5.14094,3.17873,0.502942,0.4006,2.0237,12.8409
5.5,5.06292,0.0172399,0.575000,0.569871,8.13573e-05,0.425000,0.419304,8.13431e-05,450,6.88568,1.55919,6.196,0.724409,0.705767,0.0394738,2.18416,3.01509,1.99993,0.0716481,2.9643,0.131189,1083.42,332.659,0.0332583,0.0425195,0.160407,0.0669615,0.185631,0.160407,3.29485,2.90263,5.14711,4.62922,4.70388,2.9292,0.537003,0.391581,1.98483,10.674
5.5,4.51914,0.00153005,0.475000,0.49051,2.14008e-05,0.425000,0.429953,6.45891e-05,440,3.31018,1.32519,2.91486,0.589613,0.566152,0.0743948,0.359887,0.610378,0.328507,0.0354936,0.627222,0.0480362,852.698,497.192,0.0107079,0.00426919,0.026806,0.0387121,0.0253582,0.026806,0.455981,0.397246,0.717787,0.662251,5.57748,3.38955,0.469283,0.410931,2.11127,-5.89415
5.5,4.77779,0.00848068,0.525000,0.525963,9.7932e-05,0.425000,0.432912,5.35068e-05,440,4.65678,0.939339,4.43786,0.653451,0.64446,0.0376038,1.84689,2.82636,1.62671,0.0815753,2.63405,0.104258,852.698,497.192,0.0747256,0.000522308,0.0546408,0.119613,0.0032418,0.0546408,2.31413,1.94396,3.66368,3.25515,5.19021,3.15231,0.501395,0.412566,2.09578,-6.5846
5.5,5.15351,0.015016,0.575000,0.568602,8.45223e-05,0.425000,0.432381,5.23841e-05,440,6.42435,1.88199,6.06431,0.712212,0.701917,0.0519565,1.2357,1.73502,1.06576,0.0666595,1.67045,0.0852075,852.698,497.192,0.0419199,0.00508471,0.0445959,0.145661,0.0257415,0.0445959,1.50603,1.24163,2.39154,2.06628,4.79178,2.92416,0.538551,0.409385,2.08779,-6.94087
5.5,4.51777,0.00155266,0.475000,0.490582,2.29808e-05,0.475000,0.473645,0.000104801,440,3.24958,1.11536,3.12461,0.586183,0.578924,0.0636663,0.446885,0.762365,0.390543,0.0374816,0.686818,0.0526076,852.698,497.192,0.026916,0.00202381,0.00991263,0.0237934,0.0116666,0.00991263,0.669614,0.541827,1.08765,0.929283,5.57475,3.16985,0.469845,0.453195,2.32568,3.66292
5.5,4.76391,0.00777748,0.525000,0.526078,9.35375e-05,0.475000,0.472038,9.50154e-05,440,6.31872,1.20931,5.88549,0.709266,0.696525,0.0340728,2.43904,3.43883,2.26228,0.0836878,3.64673,0.115623,852.698,497.192,0.0961353,0.0221064,0.119875,0.431829,0.112641,0.119875,3.32659,2.92423,5.42616,4.89509,5.17599,2.96849,0.500624,0.448416,2.27937,1.59873
5.5,5.05654,0.0105466,0.575000,0.559591,2.76909e-05,0.475000,0.461344,4.05285e-05,440,6.52561,3.14219,5.97315,0.714981,0.699192,0.0850862,0.465564,0.651156,0.398563,0.040683,0.730679,0.0526034,852.698,497.192,0.0199899,0.00430725,0.022115,0.121151,0.0251279,0.022115,0.704327,0.566207,1.14558,1.02814,4.86182,2.85159,-nan,-nan,2.22237,-0.941967
5.5,4.52187,0.00139524,0.475000,0.490801,1.91433e-05,0.525000,0.520663,8.19037e-05,440,2.43262,0.8888,2.24619,0.533627,0.519707,0.0644391,0.302764,0.56737,0.261901,0.0275951,0.522983,0.0449442,852.698,497.192,0.00294042,0.00559268,0.0136664,0.0217943,0.0233431,0.0136664,0.434389,0.363517,0.729894,0.614725,5.57463,2.93918,0.469458,0.498228,2.55848,14.0394
5.5,4.70054,0.00526204,0.525000,0.514582,4.77221e-05,0.525000,0.51198,4.58029e-05,440,5.8835,2.33043,4.8919,0.696464,0.662614,0.0715707,0.528981,0.759524,0.448855,0.0390889,0.835013,0.0542399,852.698,497.192,0.0269856,0.00596557,0.0484938,0.128972,0.0275236,0.0484938,0.702926,0.552666,1.18093,1.05498,5.3173,2.86256,-nan,-nan,2.49427,11.1773
5.5,4.51285,0.00138136,0.475000,0.489868,2.08536e-05,0.525000,0.522203,9.19793e-05,430,4.93302,2.41741,4.33445,0.664167,0.640048,0.0908815,0.412532,0.621127,0.356432,0.0421814,0.662305,0.056481,471.799,266.696,0.0058618,0.00414295,0.026892,0.0160211,0.0189768,0.026892,0.502371,0.42187,0.846568,0.85499,5.58316,2.93983,0.46876,0.500564,2.56597,-4.73839
5.5,4.6984,0.00528839,0.525000,0.512836,4.64757e-05,0.525000,0.514601,4.71367e-05,430,7.15406,3.85226,6.74349,0.73104,0.720761,0.0928903,0.670325,0.916947,0.59298,0.0562039,0.787152,0.0875464,471.799,266.696,0.00256475,0.0386133,0.0383426,0.00552593,0.0995733,0.0383426,0.773854,0.637026,1.30391,0.969885,5.34597,2.86638,0.458784,0.457933,2.51438,-6.65353
