Q2,Q2_corr,xbj,xbj_corr,z,z_corr,RunGroup,y_RD,error_RD,y_RD_rho,yield_neg,yield_pos,charge_neg,charge_pos,yield_neg_rho,yield_pos_rho,yield_neg_incnorad,yield_neg_incrad,yield_pos_incnorad,yield_pos_incrad
4,3.41265,0.275000,0.287131,0.375000,0.373679,100,4.90656,1.02408,4.41151,11.7334,17.693,91.8381,125.853,0.871904,0.871904,18.0277,16.9202,26.6802,25.8821
4,3.78067,0.325000,0.325369,0.375000,0.376778,100,6.03513,0.815065,5.60945,33.6002,47.9284,91.8381,125.853,1.69103,1.69103,42.9392,39.4637,64.6264,62.3665
4,4.21136,0.375000,0.370463,0.375000,0.380219,100,6.32003,1.08511,6.16331,22.4801,31.6932,91.8381,125.853,0.40724,0.40724,22.9662,20.5806,35.0925,32.2453
4,4.60732,0.425000,0.41693,0.375000,0.385171,100,3.08145,0.884974,2.93704,4.98074,8.64174,91.8381,125.853,0.164195,0.164195,4.62579,4.08089,7.152,6.06422
4,3.40722,0.275000,0.286934,0.425000,0.423533,100,5.52347,1.12468,5.37014,10.2707,14.9939,91.8381,125.853,0.21626,0.21626,14.3963,14.2908,21.7829,22.783
4,3.76969,0.325000,0.326547,0.425000,0.423242,100,4.44469,0.474669,4.16217,33.4334,51.855,91.8381,125.853,1.68903,1.68903,43.1366,41.5198,66.3927,63.4846
4,4.18499,0.375000,0.371526,0.425000,0.42381,100,4.08286,0.514697,3.80543,25.2404,40.1377,91.8381,125.853,1.2493,1.2493,29.5011,26.9501,46.0736,42.2849
4,4.60551,0.425000,0.41825,0.425000,0.42439,100,5.88328,1.56164,5.61411,7.93959,11.4,91.8381,125.853,0.28167,0.28167,7.45165,6.88767,11.7766,10.9791
4,3.41027,0.275000,0.28932,0.475000,0.456159,100,1.90836,0.86387,1.63696,1.27619,2.59259,91.8381,125.853,0.120276,0.120276,2.36001,2.31036,3.6271,3.43095
4,3.74423,0.325000,0.329255,0.475000,0.46436,100,5.5633,1.04423,5.11023,11.9371,17.3933,91.8381,125.853,0.778217,0.778217,15.676,15.1622,24.6104,24.0893
4,4.15105,0.375000,0.372349,0.475000,0.468232,100,5.1046,0.872147,4.6877,14.5682,21.7275,91.8381,125.853,0.872233,0.872233,15.9564,14.4887,25.4986,23.5981
4,4.59732,0.425000,0.418346,0.475000,0.471359,100,4.07646,0.983707,3.96944,6.03678,9.6043,91.8381,125.853,0.119429,0.119429,5.52461,4.99182,8.96656,7.92401
4,3.83307,0.325000,0.323286,0.425000,0.441076,90,6.39718,2.12593,6.22039,7.42903,10.442,111.463,62.5913,0.146431,0.146431,8.74065,7.56052,13.5822,11.9916
4,4.28794,0.375000,0.364779,0.425000,0.442784,90,3.70256,1.86846,3.65107,2.05508,3.36611,111.463,62.5913,0.0178456,0.0178456,2.04658,1.71344,3.23388,2.80823
4,3.4103,0.275000,0.287087,0.475000,0.473938,90,6.89565,1.81182,6.13425,10.7558,14.8425,111.463,62.5913,0.929239,0.929239,14.7176,13.789,22.7999,21.7806
4,3.77429,0.325000,0.325728,0.475000,0.475057,90,5.35256,0.764934,5.00593,31.0424,45.7022,111.463,62.5913,1.50798,1.50798,40.2278,36.0018,63.5253,57.0013
4,4.19956,0.375000,0.37058,0.475000,0.47751,90,4.14461,0.661244,3.91803,20.6137,32.6342,111.463,62.5913,0.783156,0.783156,22.6783,19.784,36.4599,32.028
4,4.61048,0.425000,0.416902,0.475000,0.480945,90,3.16589,0.94565,2.99571,5.00856,8.61539,111.463,62.5913,0.190672,0.190672,4.73397,4.16193,7.73264,6.52113
4,3.41357,0.275000,0.287418,0.525000,0.5237,90,8.56395,2.48786,7.6063,10.4566,13.7366,111.463,62.5913,0.862945,0.862945,12.1694,10.7777,19.2454,17.4994
4,3.76928,0.325000,0.326762,0.525000,0.523643,90,4.23742,0.583738,3.8468,25.4856,40.0839,111.463,62.5913,1.68094,1.68094,35.6919,31.7989,57.6083,51.5622
4,4.19003,0.375000,0.37199,0.525000,0.523765,90,6.00526,1.04416,5.68116,22.607,32.2884,111.463,62.5913,0.85465,0.85465,24.3663,20.62,40.0529,34.4459
4,4.60421,0.425000,0.418043,0.525000,0.523805,90,6.66784,2.26945,6.21604,6.88143,9.57375,111.463,62.5913,0.332092,0.332092,6.40831,5.3293,10.7051,8.95981
4,3.41576,0.275000,0.288818,0.575000,0.563777,90,3.61453,1.20143,2.71824,3.42069,5.64456,111.463,62.5913,0.616258,0.616258,4.69145,4.14418,7.53226,6.40739
4,3.75525,0.325000,0.328008,0.575000,0.569907,90,3.63265,0.608154,2.92667,14.6355,24.1131,111.463,62.5913,1.92626,1.92626,20.7359,18.2928,34.1035,30.5866
4,4.16704,0.375000,0.371847,0.575000,0.572278,90,3.87754,0.703613,3.46766,14.1365,22.8314,111.463,62.5913,1.0288,1.0288,17.4875,14.7994,29.3664,24.4778
4,4.60175,0.425000,0.418115,0.575000,0.572951,90,2.95094,0.823225,2.60778,4.83303,8.50281,111.463,62.5913,0.380497,0.380497,4.90179,4.22341,8.38421,6.9385
4,4.09575,0.375000,0.374174,0.625000,0.611434,90,2.69236,0.99687,2.42888,2.71415,4.91937,111.463,62.5913,0.164728,0.164728,3.38883,2.8482,5.77971,4.80789
4,3.41077,0.275000,0.286372,0.525000,0.532503,80,2.2161,0.556159,1.83219,5.37697,10.3926,108.44,94.6964,0.619134,0.619134,8.41577,7.58066,13.3508,11.2382
4,3.8088,0.325000,0.323208,0.525000,0.535698,80,4.57173,0.920476,4.18861,11.7535,18.082,108.44,94.6964,0.668269,0.668269,14.293,12.2723,23.1635,20.3404
4,4.27746,0.375000,0.366931,0.525000,0.538544,80,3.33732,1.00371,3.15294,4.5302,7.6636,108.44,94.6964,0.157918,0.157918,4.33722,3.522,7.17347,5.7847
4,3.41195,0.275000,0.287131,0.575000,0.574158,80,2.9301,0.606845,2.24821,7.93589,13.9937,108.44,94.6964,1.16007,1.16007,11.9294,10.3345,19.212,17.0892
4,3.77438,0.325000,0.326118,0.575000,0.574915,80,3.97831,0.496589,3.56112,25.4558,40.7958,108.44,94.6964,1.81478,1.81478,32.4413,28.5714,53.4293,48.1729
4,4.20079,0.375000,0.371287,0.575000,0.576189,80,3.57701,0.545728,3.16789,18.0131,29.8198,108.44,94.6964,1.28583,1.28583,20.1331,16.5435,33.8585,28.4136
4,4.60582,0.425000,0.417033,0.575000,0.578527,80,2.79231,0.845882,2.46643,4.37967,7.84431,108.44,94.6964,0.279531,0.279531,4.47814,3.57172,7.67445,6.53902
4,3.4115,0.275000,0.287111,0.625000,0.623863,80,3.612,0.770917,3.13785,7.33757,12.1105,108.44,94.6964,0.595608,0.595608,9.59791,8.01573,15.657,13.6474
4,3.7667,0.325000,0.326335,0.625000,0.623851,80,3.83479,0.47871,3.30131,23.6126,38.2642,108.44,94.6964,2.05347,2.05347,29.0921,24.1794,48.6377,42.0232
4,4.18347,0.375000,0.371277,0.625000,0.623811,80,2.48518,0.333955,1.93062,16.4067,30.5293,108.44,94.6964,2.30523,2.30523,18.4995,16.1891,31.6337,27.4312
4,4.60119,0.425000,0.417822,0.625000,0.624481,80,3.2254,0.919101,2.74101,4.7593,8.13837,108.44,94.6964,0.435343,0.435343,5.05769,4.10043,8.82699,7.24967
4,3.41377,0.275000,0.28803,0.675000,0.669334,80,3.24383,0.773214,2.24787,4.94534,8.44124,108.44,94.6964,0.967608,0.967608,5.91143,5.0665,9.73592,8.56597
4,3.76146,0.325000,0.326744,0.675000,0.672333,80,2.07445,0.275656,1.5607,15.0596,29.7546,108.44,94.6964,2.2039,2.2039,21.1437,18.2015,35.7389,30.1634
4,4.17774,0.375000,0.371692,0.675000,0.673575,80,2.3336,0.32136,1.90092,15.0328,28.5613,108.44,94.6964,1.64023,1.64023,15.847,12.8427,27.4477,21.4464
4,4.59544,0.425000,0.417308,0.675000,0.671792,80,3.4982,0.952675,2.74143,4.65708,7.76304,108.44,94.6964,0.56678,0.56678,4.00773,3.15435,7.09794,6.0108
4,3.72221,0.325000,0.331665,0.725000,0.713979,80,4.50869,1.36254,3.49942,4.26709,6.59093,108.44,94.6964,0.558387,0.558387,5.09136,4.08382,8.71343,7.61365
4,4.12415,0.375000,0.37147,0.725000,0.714163,80,3.62458,0.867449,2.89178,5.5562,9.16055,108.44,94.6964,0.708298,0.708298,5.51122,4.58778,9.64001,8.2455
4,4.54934,0.425000,0.409538,0.725000,0.708113,80,0.836164,0.638778,0.728462,0.513462,1.35238,108.44,94.6964,0.0286653,0.0286653,0.645923,0.615631,1.15036,1.09905
4,3.40733,0.275000,0.286343,0.625000,0.626283,70,3.80491,0.800834,3.02549,7.75175,12.5916,130.017,102.151,1.12678,1.12678,9.02817,8.05681,14.7414,13.1152
4,3.80037,0.325000,0.323668,0.625000,0.630539,70,2.05949,0.322933,1.51031,12.3123,24.3852,130.017,102.151,1.92799,1.92799,17.5728,15.2329,29.3666,25.2658
4,4.26384,0.375000,0.367336,0.625000,0.633477,70,2.03277,0.477062,1.74756,5.4808,10.9024,130.017,102.151,0.424941,0.424941,6.04854,5.05308,10.3459,8.77077
4,3.40836,0.275000,0.286964,0.675000,0.673903,70,1.75496,0.38224,1.18596,5.82498,12.1681,130.017,102.151,1.06946,1.06946,9.46637,8.1358,15.5948,12.819
4,3.76922,0.325000,0.32627,0.675000,0.674202,70,2.33275,0.278347,1.68002,20.571,39.0882,130.017,102.151,3.2928,3.2928,27.0027,22.3645,45.6344,38.3709
4,4.19045,0.375000,0.370973,0.675000,0.675441,70,2.52212,0.356287,2.11135,15.5756,28.8423,130.017,102.151,1.55706,1.55706,17.1395,14.1066,29.6854,23.529
4,4.59622,0.425000,0.416239,0.675000,0.675013,70,2.07856,0.635038,1.77082,3.61348,7.13474,130.017,102.151,0.283194,0.283194,3.88046,3.05495,6.87619,5.4379
4,3.4154,0.275000,0.287582,0.725000,0.724127,70,2.07699,0.453825,1.07557,5.38901,10.6432,130.017,102.151,1.41851,1.41851,7.7253,6.34215,12.8012,10.743
4,3.76763,0.325000,0.326356,0.725000,0.723856,70,1.96749,0.234374,1.31595,18.1135,36.4255,130.017,102.151,3.29416,3.29416,23.1353,19.1135,39.409,32.4497
4,4.1807,0.375000,0.368893,0.725000,0.719823,70,2.92721,0.484273,2.42754,11.4009,20.1101,130.017,102.151,1.15217,1.15217,12.4549,9.88373,21.7369,17.2359
4,4.55497,0.425000,0.409477,0.725000,0.709432,70,1.56577,0.916725,1.00688,0.792125,1.71831,130.017,102.151,0.138978,0.138978,0.857782,0.695626,1.52659,1.25078
4,3.40947,0.275000,0.287105,0.775000,0.766682,70,1.88661,0.516309,1.06893,3.06469,6.24976,130.017,102.151,0.732868,0.732868,4.2372,3.56949,7.04667,5.91806
4,3.75008,0.325000,0.320643,0.775000,0.760195,70,2.01311,0.490231,1.5607,4.19608,8.3739,130.017,102.151,0.502073,0.502073,5.84862,4.87402,9.96006,8.77042
4,3.45866,0.325000,0.327539,0.425000,0.437151,400,5.65159,1.34097,5.09073,10.6174,15.406,120.391,75.3767,0.745467,0.745467,12.7577,11.2668,19.6003,17.8423
4,3.92113,0.375000,0.373203,0.425000,0.438424,400,9.25594,3.46507,8.86093,8.26931,10.6882,120.391,75.3767,0.224236,0.224236,10.2165,8.71161,15.9709,14.5531
4,4.32721,0.425000,0.416647,0.425000,0.440694,400,5.31326,2.32115,5.11634,3.23942,4.77876,120.391,75.3767,0.0762416,0.0762416,2.81553,2.29988,4.46261,3.79915
4,3.45282,0.325000,0.330034,0.475000,0.473753,400,4.82629,0.779077,4.50196,18.7213,28.361,120.391,75.3767,0.9388,0.9388,25.7351,23.4531,40.367,37.0234
4,3.81429,0.375000,0.374848,0.475000,0.475253,400,4.42664,0.584228,4.11832,29.1029,45.1918,120.391,75.3767,1.40359,1.40359,37.4909,32.3257,59.8117,52.0518
4,4.19351,0.425000,0.421562,0.475000,0.478025,400,3.93158,0.611183,3.70762,19.7139,31.7064,120.391,75.3767,0.795373,0.795373,20.332,17.3638,32.901,27.421
4,4.5425,0.475000,0.469099,0.475000,0.481203,400,3.09534,0.868078,2.83452,5.71162,9.8956,120.391,75.3767,0.308945,0.308945,5.69282,4.73169,9.32634,7.62429
4,3.44959,0.325000,0.329782,0.525000,0.523567,400,4.47749,0.753405,3.93861,14.6372,22.654,120.391,75.3767,1.17666,1.17666,20.7076,18.4398,33.3327,31.395
4,3.80068,0.375000,0.37612,0.525000,0.523374,400,5.16396,0.708926,4.67293,27.0958,40.2833,120.391,75.3767,1.94479,1.94479,33.4683,29.3888,54.8649,47.5387
4,4.14329,0.425000,0.421901,0.525000,0.524101,400,4.60254,0.690182,4.27234,22.1108,33.9505,120.391,75.3767,1.03498,1.03498,22.6054,18.5927,37.606,31.5697
4,4.51227,0.475000,0.470782,0.525000,0.523433,400,7.27214,2.09933,6.60175,9.89585,13.4847,120.391,75.3767,0.577611,0.577611,8.14133,6.46179,13.7169,11.3437
4,3.44908,0.325000,0.333759,0.575000,0.563338,400,3.89061,1.02263,2.92527,5.31284,8.57184,120.391,75.3767,0.880095,0.880095,6.70541,5.80116,11.0152,9.76002
4,3.75324,0.375000,0.376659,0.575000,0.570001,400,5.73304,1.10958,4.72165,15.3461,22.1837,120.391,75.3767,1.79663,1.79663,18.9767,15.7592,31.8686,27.4066
4,4.11447,0.425000,0.422516,0.575000,0.571527,400,3.50577,0.585068,3.19349,13.6017,22.6579,120.391,75.3767,0.842283,0.842283,15.6275,13.4553,26.7219,22.4243
4,4.50811,0.475000,0.47095,0.575000,0.573005,400,4.1586,1.0622,3.79433,6.85945,10.8486,120.391,75.3767,0.408794,0.408794,6.40847,5.22037,11.1277,8.87153
4,3.99557,0.425000,0.423024,0.625000,0.615429,400,3.41574,1.02044,2.75495,4.13163,6.9386,120.391,75.3767,0.535332,0.535332,3.95061,3.24247,6.90323,5.43949
4,3.45378,0.325000,0.327999,0.525000,0.529644,390,5.42132,1.23817,4.70945,13.8066,20.257,107.597,55.8068,1.17048,1.17048,17.0131,14.3805,27.4551,24.5663
4,3.89525,0.375000,0.37337,0.525000,0.532406,390,6.54285,1.75588,6.18463,13.1793,18.4211,107.597,55.8068,0.483296,0.483296,15.8426,13.0315,26.1055,22.0748
4,4.30622,0.425000,0.417955,0.525000,0.535908,390,4.783,1.79716,4.32784,5.20474,7.90477,107.597,55.8068,0.300955,0.300955,4.83411,3.79921,8.1088,6.63342
4,3.45125,0.325000,0.329975,0.575000,0.574253,390,3.94807,0.677037,3.39307,16.5204,26.5367,107.597,55.8068,1.57856,1.57856,20.9314,18.1974,34.4767,30.3999
4,3.80735,0.375000,0.375325,0.575000,0.574939,390,3.96897,0.578155,3.39843,26.4557,42.4283,107.597,55.8068,2.3687,2.3687,31.6543,25.6705,53.2767,44.4172
4,4.17984,0.425000,0.421619,0.575000,0.576754,390,4.86758,0.967769,4.37965,17.3369,26.201,107.597,55.8068,1.07063,1.07063,17.5665,14.2949,30.1052,25.881
4,4.53579,0.475000,0.469255,0.575000,0.578068,390,3.38059,0.972952,3.09251,6.65735,11.2166,107.597,55.8068,0.346771,0.346771,5.4401,4.28509,9.48122,7.43825
4,3.45103,0.325000,0.330184,0.625000,0.623041,390,4.79302,0.917926,3.812,14.3731,21.8164,107.597,55.8068,1.88746,1.88746,17.1813,14.3514,28.8347,25.3026
4,3.79861,0.375000,0.376185,0.625000,0.62376,390,2.72186,0.37395,2.13443,21.3618,38.5804,107.597,55.8068,2.82852,2.82852,27.4502,23.1638,47.17,40.0292
4,4.14454,0.425000,0.421868,0.625000,0.623246,390,2.3664,0.385228,1.98728,15.8823,30.0361,107.597,55.8068,1.47689,1.47689,18.0473,14.7544,31.6341,25.6077
4,4.49299,0.475000,0.464157,0.625000,0.617197,390,2.56939,0.94091,1.98765,3.52251,6.48311,107.597,55.8068,0.446658,0.446658,3.77768,2.99833,6.71106,5.43653
4,3.44449,0.325000,0.331203,0.675000,0.668122,390,2.91245,0.66166,2.0645,7.06302,12.4788,107.597,55.8068,1.26213,1.26213,8.83727,7.45572,15.0541,12.9964
4,3.77343,0.375000,0.374805,0.675000,0.670448,390,3.21737,0.536639,2.44129,14.931,25.5521,107.597,55.8068,2.09248,2.09248,17.5784,14.13,30.6972,25.9296
4,4.16059,0.425000,0.416411,0.675000,0.665066,390,3.40049,0.892139,3.0471,6.49481,10.9226,107.597,55.8068,0.429598,0.429598,6.93344,5.57197,12.3158,9.7223
4,3.64764,0.375000,0.36513,0.725000,0.705713,390,0.904971,0.782721,0.904971,0.546982,1.40838,107.597,55.8068,0,0,0.737509,0.682296,1.29557,1.07856
4,3.45688,0.325000,0.329335,0.625000,0.626287,380,2.48022,0.445755,1.6772,12.2689,22.8448,107.933,61.4134,2.37813,2.37813,16.5273,14.2931,27.7526,24.8205
4,3.8699,0.375000,0.373241,0.625000,0.629555,380,4.25983,0.82859,3.40656,14.8644,23.3425,107.933,61.4134,1.91841,1.91841,17.2396,14.1047,29.6344,24.7234
4,4.28831,0.425000,0.419161,0.625000,0.63161,380,2.85106,0.791821,2.29762,5.96103,10.6047,107.933,61.4134,0.6703,0.6703,6.2211,5.04195,10.923,9.15067
4,3.45278,0.325000,0.330221,0.675000,0.673673,380,2.9734,0.510892,2.09511,13.284,23.3137,107.933,61.4134,2.59406,2.59406,17.0353,14.538,29.0164,23.9726
4,3.80737,0.375000,0.374343,0.675000,0.673368,380,3.2478,0.479356,2.49792,20.1656,34.4075,107.933,61.4134,3.00906,3.00906,23.4359,19.7867,40.9328,34.5252
4,4.20709,0.425000,0.416042,0.675000,0.667303,380,1.93073,0.490892,1.66299,6.08866,12.3212,107.933,61.4134,0.465361,0.465361,7.35348,6.0993,13.0642,10.732
4,3.44418,0.325000,0.328218,0.725000,0.718105,380,4.00224,0.914508,2.53588,8.79429,14.0685,107.933,61.4134,2.06893,2.06893,10.3861,8.38919,17.8486,14.4963
4,3.79631,0.375000,0.365488,0.725000,0.710746,380,2.95793,0.980932,2.63263,3.64328,6.40478,107.933,61.4134,0.290949,0.290949,4.99012,4.48904,8.75191,7.41866
4,3.17938,0.325000,0.337798,0.325000,0.340211,140,5.21953,2.48892,4.6796,2.64431,3.9198,131.166,72.0861,0.26745,0.26745,5.69208,5.77175,8.12371,7.70937
4,3.48581,0.375000,0.373982,0.325000,0.341768,140,4.53525,1.38538,4.48768,6.10214,9.40939,131.166,72.0861,0.0423571,0.0423571,9.36956,8.22778,13.5331,12.4784
4,3.94357,0.425000,0.42295,0.325000,0.341965,140,7.83612,3.73301,7.46116,4.17087,5.58694,131.166,72.0861,0.184154,0.184154,5.31008,4.95678,7.75718,6.98629
4,3.43127,0.375000,0.376506,0.375000,0.374744,140,4.59505,0.623946,4.3212,27.6362,42.4544,131.166,72.0861,1.21727,1.21727,37.6343,34.2353,55.4709,50.7714
4,3.77587,0.425000,0.424065,0.375000,0.377295,140,4.97223,0.738831,4.78084,26.3455,39.5795,131.166,72.0861,0.726412,0.726412,34.6262,31.2379,51.5344,47.6941
4,4.11048,0.475000,0.471892,0.375000,0.379657,140,7.29526,1.73863,7.08632,16.1669,22.0137,131.166,72.0861,0.351719,0.351719,16.817,14.6931,25.1416,22.0611
4,4.3998,0.525000,0.520334,0.375000,0.383387,140,5.54432,1.91553,5.19208,5.97948,8.72055,131.166,72.0861,0.247068,0.247068,5.23759,4.38071,7.85718,6.86969
4,3.16856,0.325000,0.338435,0.425000,0.419337,140,4.54045,1.29418,3.66819,4.90279,7.55751,131.166,72.0861,0.808686,0.808686,8.77895,8.45363,13.1978,12.0808
4,3.42552,0.375000,0.377833,0.425000,0.421754,140,7.90983,1.40798,7.13821,23.327,31.1814,131.166,72.0861,1.60798,1.60798,29.894,26.9693,45.5131,43.1846
4,3.71291,0.425000,0.425213,0.425000,0.422991,140,5.47479,0.779497,5.22179,27.9604,40.9154,131.166,72.0861,0.94837,0.94837,35.8853,31.9624,55.1056,49.7068
4,3.98718,0.475000,0.47301,0.425000,0.423536,140,6.77342,1.23697,6.38186,22.9768,31.8443,131.166,72.0861,0.925161,0.925161,23.424,20.184,36.2038,32.2168
4,4.2955,0.525000,0.521247,0.425000,0.423895,140,5.83804,1.45453,5.54007,11.6696,16.7893,131.166,72.0861,0.431491,0.431491,9.89239,8.18439,15.331,12.5401
4,4.57322,0.575000,0.565385,0.425000,0.421424,140,3.28067,1.30716,3.1534,2.94566,5.01006,131.166,72.0861,0.0799233,0.0799233,2.53386,2.20373,3.91824,3.2958
4,3.36891,0.375000,0.383426,0.475000,0.459738,140,3.70811,1.29348,3.45923,2.90095,4.74942,131.166,72.0861,0.147418,0.147418,4.15399,3.90345,6.48688,6.00471
4,3.61043,0.425000,0.427865,0.475000,0.468055,140,5.46994,1.26374,5.03163,10.0719,14.7421,131.166,72.0861,0.60203,0.60203,13.1967,11.7525,20.9003,18.6999
4,3.90785,0.475000,0.474106,0.475000,0.470401,140,4.21936,0.835824,3.83192,11.1961,17.6314,131.166,72.0861,0.794848,0.794848,12.266,11.2,19.6306,17.4348
4,4.27041,0.525000,0.521252,0.475000,0.470227,140,4.69573,1.18836,4.45524,7.50151,11.4526,131.166,72.0861,0.256818,0.256818,6.61312,5.58078,10.6587,9.2012
4,3.76696,0.475000,0.474872,0.525000,0.510619,140,3.96231,1.83632,3.54373,1.91786,3.07732,131.166,72.0861,0.15015,0.15015,1.33147,1.14505,2.19002,1.79632
4,3.17377,0.325000,0.337563,0.425000,0.430939,130,3.28376,0.975404,2.95362,4.56063,7.75453,154.833,64.4966,0.310991,0.310991,9.78022,9.02151,14.8277,14.1334
4,3.46237,0.375000,0.374168,0.425000,0.434446,130,3.55465,0.686173,3.23856,11.6612,19.342,154.833,64.4966,0.703615,0.703615,18.2533,16.4555,28.0908,26.0029
4,3.91209,0.425000,0.423505,0.425000,0.434721,130,3.32121,0.837649,2.99326,7.3884,12.5178,154.833,64.4966,0.473748,0.473748,12.3163,10.5723,19.2217,16.7008
4,4.25542,0.475000,0.468115,0.425000,0.438133,130,9.19715,5.31013,8.74121,3.61606,4.67991,154.833,64.4966,0.120636,0.120636,3.15593,2.62751,4.97067,4.29149
4,3.17454,0.325000,0.338409,0.475000,0.474254,130,3.99285,1.03946,3.94088,6.29397,10.0758,154.833,64.4966,0.0639296,0.0639296,11.9769,10.5917,18.6656,15.6181
4,3.42624,0.375000,0.376748,0.475000,0.47394,130,4.69477,0.706751,4.23449,21.514,32.8476,154.833,64.4966,1.59222,1.59222,32.045,29.7283,50.6477,47.3425
4,3.75169,0.425000,0.424238,0.475000,0.475828,130,3.61313,0.497079,3.28768,24.2784,40.0672,154.833,64.4966,1.49575,1.49575,33.2042,28.165,53.1669,44.2107
4,4.09387,0.475000,0.472106,0.475000,0.47819,130,2.84846,0.483537,2.57901,13.8514,24.6491,154.833,64.4966,0.811277,0.811277,16.4442,14.0771,26.6148,23.2376
4,4.39261,0.525000,0.51884,0.475000,0.479153,130,6.14358,2.22583,5.59183,5.95869,8.46108,154.833,64.4966,0.336977,0.336977,5.456,4.32808,8.9033,7.34146
4,3.17242,0.325000,0.3384,0.525000,0.521985,130,6.32947,2.33857,6.27347,4.23624,5.97016,154.833,64.4966,0.0277445,0.0277445,8.21503,7.52532,13.1753,12.4212
4,3.42259,0.375000,0.376992,0.525000,0.523559,130,3.3786,0.4734,2.93788,18.3078,30.8515,154.833,64.4966,1.55607,1.55607,26.1226,22.4865,42.6009,37.2209
4,3.72245,0.425000,0.425458,0.525000,0.523486,130,3.60127,0.484572,3.22629,22.8812,37.7996,154.833,64.4966,1.55519,1.55519,30.7381,25.7629,50.8707,42.7867
4,3.99153,0.475000,0.472209,0.525000,0.523227,130,3.06445,0.456986,2.80604,17.4714,30.3672,154.833,64.4966,0.968494,0.968494,19.0956,16.3256,31.9492,26.9018
4,4.34224,0.525000,0.513431,0.525000,0.518026,130,4.9369,1.75871,4.70914,4.2052,6.33014,154.833,64.4966,0.127886,0.127886,4.06796,3.40574,6.84413,5.90406
4,3.38213,0.375000,0.381095,0.575000,0.565733,130,9.96907,4.06885,8.12816,6.64062,8.45681,154.833,64.4966,0.688359,0.688359,7.70515,6.12312,12.9054,11.3221
4,3.646,0.425000,0.426289,0.575000,0.570099,130,4.56102,0.9321,3.87991,11.7485,18.0865,154.833,64.4966,1.07797,1.07797,15.7834,12.8489,26.9207,23.1493
4,3.99767,0.475000,0.467852,0.575000,0.564731,130,4.65044,1.32663,4.11153,6.56127,10.0449,154.833,64.4966,0.492006,0.492006,7.85503,6.17638,13.5309,10.6398
4,3.52673,0.425000,0.421412,0.625000,0.606686,130,1.81596,1.11678,1.45013,0.734684,1.51738,154.833,64.4966,0.0859493,0.0859493,1.0568,0.961679,1.83957,1.69585
4,3.17326,0.325000,0.337999,0.525000,0.525116,120,3.84656,1.14066,3.22103,5.88149,9.52211,88.5775,67.6945,0.610205,0.610205,10.7564,9.00829,17.3076,14.939
4,3.45248,0.375000,0.374904,0.525000,0.528651,120,6.04889,1.28459,5.5078,16.739,23.8632,88.5775,67.6945,0.951844,0.951844,22.1583,18.6954,36.2541,32.6822
4,3.87673,0.425000,0.423252,0.525000,0.529947,120,4.329,0.948471,3.87668,12.1761,19.0307,88.5775,67.6945,0.885706,0.885706,15.6417,13.0473,26.0387,21.369
4,4.23514,0.475000,0.468523,0.525000,0.532579,120,5.79473,2.15872,5.26127,5.46475,7.87754,88.5775,67.6945,0.317885,0.317885,4.92812,3.97846,8.32959,7.02605
4,3.16864,0.325000,0.337969,0.575000,0.573897,120,8.42985,3.60104,6.87412,5.44303,7.17467,88.5775,67.6945,0.685967,0.685967,9.41731,7.93079,15.5565,13.633
4,3.42446,0.375000,0.376689,0.575000,0.573722,120,4.15454,0.672035,3.51235,19.6392,31.0695,88.5775,67.6945,2.01481,2.01481,26.1982,22.0483,44.042,37.6164
4,3.75055,0.425000,0.423788,0.575000,0.574949,120,3.91215,0.610295,3.45732,21.4402,34.5344,88.5775,67.6945,1.61772,1.61772,27.3105,22.6728,46.7418,39.3011
4,4.12147,0.475000,0.467719,0.575000,0.571409,120,4.84594,1.26661,4.28871,9.07492,13.732,88.5775,67.6945,0.66719,0.66719,9.79236,7.98763,16.9599,14.3012
4,3.17504,0.325000,0.338715,0.625000,0.624183,120,4.01551,1.38115,2.97149,3.68233,5.88489,88.5775,67.6945,0.610564,0.610564,6.92406,5.96406,11.6883,10.727
4,3.42433,0.375000,0.376879,0.625000,0.623688,120,3.91787,0.676512,2.95562,15.0182,24.1796,88.5775,67.6945,2.29015,2.29015,20.8412,17.6395,35.9133,32.5169
4,3.76098,0.425000,0.420314,0.625000,0.618489,120,3.89801,0.774986,3.26781,11.5118,18.5627,88.5775,67.6945,1.31217,1.31217,15.3447,13.3025,26.873,22.9505
4,3.38608,0.375000,0.371802,0.675000,0.660377,120,6.99464,2.89658,6.30437,4.49502,6.18179,88.5775,67.6945,0.378337,0.378337,4.69312,3.86596,8.19986,6.35042
4,3.49919,0.375000,0.372387,0.575000,0.589227,110,5.58928,3.02964,4.33243,3.79406,5.52144,46.6482,49.077,0.570593,0.570593,6.32991,5.20817,10.7055,9.0296
4,3.43644,0.375000,0.375419,0.625000,0.626302,110,4.42486,1.0623,3.51902,15.3431,23.828,46.6482,49.077,2.14111,2.14111,21.1442,17.6865,36.4521,30.5092
4,3.86048,0.425000,0.420576,0.625000,0.624065,110,4.76731,1.54229,3.81161,8.77191,13.3348,46.6482,49.077,1.17101,1.17101,11.9161,10.0171,20.9091,18.0669
4,3.1739,0.325000,0.338387,0.675000,0.671341,110,6.98042,3.78498,5.71434,4.05576,5.58041,46.6482,49.077,0.492805,0.492805,6.7349,5.76975,11.5772,10.4729
4,3.40844,0.375000,0.370596,0.675000,0.663952,110,8.87559,3.84974,7.72942,9.08279,11.842,46.6482,49.077,0.77508,0.77508,10.4134,8.44408,18.1983,15.2975
4,3.30402,0.375000,0.378977,0.325000,0.338565,350,6.36628,2.03046,6.17107,5.6351,7.93006,167.857,90.7974,0.141741,0.141741,10.0527,9.61844,14.3045,13.7327
4,3.65722,0.425000,0.423113,0.325000,0.340193,350,5.88915,1.79113,5.67376,5.93366,8.51758,167.857,90.7974,0.154203,0.154203,8.98433,7.95746,12.907,11.779
4,3.29812,0.375000,0.381187,0.375000,0.373659,350,5.45983,0.976225,5.27233,13.208,19.3419,167.857,90.7974,0.352966,0.352966,21.4726,20.2223,31.3892,29.8888
4,3.56532,0.425000,0.42512,0.375000,0.375074,350,6.49872,0.969282,6.20539,24.5121,34.3187,167.857,90.7974,0.817191,0.817191,31.1789,28.3567,45.8549,42.904
4,3.89095,0.475000,0.473551,0.375000,0.377612,350,5.48615,0.860245,5.28498,19.865,29.0531,167.857,90.7974,0.559186,0.559186,24.7214,22.5184,36.5423,33.3434
4,4.19785,0.525000,0.521731,0.375000,0.379207,350,8.71879,2.36586,8.32523,11.9703,15.6653,167.857,90.7974,0.407088,0.407088,11.735,10.2807,17.3583,15.4213
4,3.29792,0.375000,0.382532,0.425000,0.419042,350,6.62521,1.53366,6.32192,8.1427,11.3463,167.857,90.7974,0.272861,0.272861,11.9201,11.2412,17.9822,17.83
4,3.54225,0.425000,0.426274,0.425000,0.421931,350,6.42173,1.01468,5.75322,17.9755,25.2415,167.857,90.7974,1.3969,1.3969,22.7487,21.5472,34.6474,34.3092
4,3.80497,0.475000,0.474912,0.425000,0.422801,350,4.50594,0.62679,4.1809,19.5972,30.275,167.857,90.7974,1.03831,1.03831,25.4081,22.6503,38.8959,34.5395
4,4.04906,0.525000,0.521916,0.425000,0.422887,350,6.49743,1.29264,6.1274,15.0663,21.095,167.857,90.7974,0.73707,0.73707,16.4823,14.7801,25.2879,21.8013
4,4.4054,0.575000,0.563455,0.425000,0.418903,350,6.16488,2.4628,5.61753,3.66534,5.20005,167.857,90.7974,0.231299,0.231299,3.71323,3.09968,5.68936,4.77211
4,3.46152,0.425000,0.431856,0.475000,0.461415,350,5.60553,1.86952,5.59167,3.12595,4.54564,167.857,90.7974,0.00834988,0.00834988,3.55409,3.69181,5.57552,5.34437
4,3.67785,0.475000,0.476877,0.475000,0.468766,350,4.72152,1.10939,3.96929,6.99131,10.6571,167.857,90.7974,0.796102,0.796102,9.61242,8.61301,15.2454,13.9513
4,3.30339,0.375000,0.379787,0.425000,0.429657,340,4.80815,1.08784,4.15136,9.99135,15.152,163.336,72.9859,1.01968,1.01968,16.9355,14.9712,25.8034,22.5415
4,3.63074,0.425000,0.423508,0.425000,0.432713,340,5.74059,1.27765,5.39821,12.3996,17.9182,163.336,72.9859,0.484623,0.484623,17.4474,14.7563,26.911,23.8701
4,4.04706,0.475000,0.472852,0.425000,0.433088,340,6.245,1.90174,5.87732,7.71375,10.9078,163.336,72.9859,0.334468,0.334468,10.2797,8.76583,16.0236,13.6522
4,4.36221,0.525000,0.518323,0.425000,0.43659,340,2.85762,1.12577,2.78261,2.74668,4.88273,163.336,72.9859,0.0406503,0.0406503,2.73867,2.15978,4.3026,3.4932
4,3.29894,0.375000,0.381485,0.475000,0.473505,340,3.30191,0.605696,2.69892,10.5001,17.8225,163.336,72.9859,1.2896,1.2896,18.7719,16.283,29.5376,25.4141
4,3.56124,0.425000,0.425689,0.475000,0.473754,340,5.0614,0.797718,4.67321,19.9152,29.7719,163.336,72.9859,1.09421,1.09421,27.2322,24.2432,43.3542,39.3801
4,3.86561,0.475000,0.47359,0.475000,0.476192,340,5.09123,0.873678,4.75259,19.0286,28.4004,163.336,72.9859,0.891902,0.891902,24.0597,20.3253,38.6881,32.7169
4,4.21619,0.525000,0.519158,0.475000,0.473994,340,6.12839,1.85695,5.7805,8.14908,11.5786,163.336,72.9859,0.292702,0.292702,9.44913,7.64385,15.2749,12.9235
4,3.29665,0.375000,0.382074,0.525000,0.521777,340,7.20085,2.00377,6.13554,7.67118,10.4774,163.336,72.9859,0.87379,0.87379,11.3332,10.4907,18.4135,17.4531
4,3.54649,0.425000,0.425945,0.525000,0.522692,340,4.45314,0.691031,4.20509,16.2897,25.2513,163.336,72.9859,0.636579,0.636579,20.7508,18.2189,34.2215,30.4308
4,3.83533,0.475000,0.472223,0.525000,0.521404,340,5.45712,1.06422,4.90913,14.4136,21.1102,163.336,72.9859,1.02791,1.02791,18.9431,16.0393,31.5612,26.8267
4,4.24487,0.525000,0.512563,0.525000,0.516177,340,5.6526,2.61221,4.99339,2.7419,3.97836,163.336,72.9859,0.199286,0.199286,3.3676,2.77065,5.64153,4.94257
4,3.46812,0.425000,0.42703,0.575000,0.564462,340,5.97661,2.1167,5.2137,4.64163,6.63757,163.336,72.9859,0.320828,0.320828,5.74423,4.56011,9.75028,8.83167
4,3.30002,0.375000,0.380539,0.525000,0.524908,330,5.60029,1.34015,4.73529,10.9513,15.9289,86.0119,112.713,1.16795,1.16795,16.4027,14.2278,26.7544,24.0354
4,3.60123,0.425000,0.423647,0.525000,0.52862,330,3.36698,0.61454,3.02779,13.9364,23.5104,86.0119,112.713,0.901477,0.901477,19.407,16.4194,32.1684,27.5424
4,4.01441,0.475000,0.472441,0.525000,0.52818,330,4.08782,1.02513,3.6739,8.9836,14.2807,86.0119,112.713,0.577788,0.577788,12.0127,9.78717,20.1778,16.769
4,4.34678,0.525000,0.512104,0.525000,0.52464,330,2.61053,1.31995,2.29676,1.7795,3.2581,86.0119,112.713,0.125339,0.125339,1.90191,1.5589,3.21377,2.6615
4,3.29882,0.375000,0.38117,0.575000,0.573439,330,5.32401,1.27092,4.11357,9.65898,14.241,86.0119,112.713,1.40812,1.40812,14.3133,11.8467,24.0584,20.979
4,3.56131,0.425000,0.424562,0.575000,0.572714,330,4.77245,0.883598,4.03602,16.2519,24.6981,86.0119,112.713,1.59743,1.59743,21.614,17.7111,36.9212,31.4452
4,3.94878,0.475000,0.467354,0.575000,0.566113,330,5.50713,1.65645,4.62844,6.38124,9.3232,86.0119,112.713,0.731838,0.731838,8.02998,6.96763,13.8456,12.1542
4,3.29419,0.375000,0.380483,0.625000,0.621027,330,6.65355,1.97429,6.36746,6.87418,9.56868,86.0119,112.713,0.179763,0.179763,9.26726,7.57657,15.9636,14.0135
4,3.56467,0.425000,0.41682,0.625000,0.612386,330,6.90718,2.73416,4.66752,4.12103,5.68456,86.0119,112.713,0.980966,0.980966,5.74392,5.09923,10.0144,9.16372
4,3.68106,0.425000,0.422728,0.575000,0.586349,320,3.44035,1.17027,2.8026,3.76384,6.30678,102.643,72.8146,0.461357,0.461357,6.79072,5.79958,11.6806,9.98129
4,3.29437,0.375000,0.380045,0.625000,0.621987,320,5.14486,1.27195,4.17563,8.47085,12.6064,102.643,72.8146,1.046,1.046,11.9281,10.0358,20.579,18.098
4,3.5895,0.425000,0.416749,0.625000,0.614401,320,3.54272,1.17609,2.84419,4.08417,6.78135,102.643,72.8146,0.489846,0.489846,6.76556,5.52097,11.8131,10.0007
4.75,4.70516,0.425000,0.422266,0.325000,0.344858,180,6.39312,3.52995,6.22598,1.18523,1.66618,227.573,140.285,0.0238488,0.0238488,1.46676,1.38956,2.22222,2.16312
4.75,4.16456,0.375000,0.378652,0.375000,0.374499,180,4.42754,0.579743,4.26286,13.7888,21.4103,227.573,140.285,0.363383,0.363383,17.1063,15.3318,25.9921,23.727
4.75,4.56642,0.425000,0.424409,0.375000,0.377033,180,5.37526,0.700988,5.19555,17.2317,25.3404,227.573,140.285,0.425874,0.425874,20.561,18.5795,31.5709,28.9575
4.75,4.94917,0.475000,0.471105,0.375000,0.379808,180,4.01656,0.632432,3.87193,9.96355,15.922,227.573,140.285,0.250486,0.250486,10.5729,9.31225,16.3379,14.4791
4.75,5.32084,0.525000,0.519544,0.375000,0.384257,180,4.73638,1.38101,4.57391,3.54286,5.3957,227.573,140.285,0.0892423,0.0892423,2.9133,2.43219,4.52297,3.65538
4.75,4.1654,0.375000,0.379283,0.425000,0.423027,180,3.74158,0.491084,3.60297,10.0005,16.3278,227.573,140.285,0.269009,0.269009,13.8343,13.1742,21.5835,21.0319
4.75,4.54305,0.425000,0.425506,0.425000,0.42331,180,4.80054,0.564345,4.52797,16.8626,25.5838,227.573,140.285,0.69016,0.69016,21.2976,19.1518,33.5669,30.7259
4.75,4.90127,0.475000,0.472254,0.425000,0.423638,180,5.29881,0.77638,5.08186,12.5825,18.5753,227.573,140.285,0.37887,0.37887,13.547,12.143,21.5002,19.5154
4.75,5.28649,0.525000,0.520493,0.425000,0.423911,180,5.26435,1.20923,5.01451,5.33503,7.88998,227.573,140.285,0.165733,0.165733,5.08916,4.35932,8.11032,7.31102
4.75,4.16279,0.375000,0.385243,0.475000,0.458143,180,4.72036,1.62759,4.0104,1.60892,2.45271,227.573,140.285,0.173828,0.173828,2.09821,1.96985,3.33786,3.28817
4.75,4.47642,0.425000,0.42802,0.475000,0.465178,180,4.56778,0.869308,4.32691,5.93366,9.1308,227.573,140.285,0.221089,0.221089,7.69915,6.84265,12.4225,11.2425
4.75,4.83978,0.475000,0.472858,0.475000,0.469205,180,5.84923,1.14237,5.44834,6.98193,10.04,227.573,140.285,0.347796,0.347796,7.47061,6.74279,12.1905,11.3217
4.75,5.27476,0.525000,0.520961,0.475000,0.471224,180,3.27412,0.76798,3.03009,3.46592,5.89864,227.573,140.285,0.173309,0.173309,3.6068,3.04756,5.94166,4.89204
4.75,4.16947,0.375000,0.376295,0.425000,0.438189,170,4.31169,0.924564,4.15146,5.13744,8.03902,261.768,150.52,0.125652,0.125652,6.33145,5.34945,9.96693,8.63256
4.75,4.66746,0.425000,0.423105,0.425000,0.439484,170,6.19164,1.81736,6.0093,3.81631,5.40829,261.768,150.52,0.0755102,0.0755102,4.70985,4.13322,7.51509,6.96625
4.75,5.07881,0.475000,0.466557,0.425000,0.442242,170,2.01035,0.847551,2.00173,1.00413,2.00481,261.768,150.52,0.00245088,0.00245088,1.11453,0.948808,1.79854,1.52893
4.75,3.87118,0.325000,0.344917,0.475000,0.473821,170,4.14843,2.12529,3.27816,0.711586,1.12623,261.768,150.52,0.112903,0.112903,1.43585,1.31904,2.27692,2.06091
4.75,4.16435,0.375000,0.378954,0.475000,0.473853,170,3.74861,0.486169,3.56448,11.1701,18.2269,261.768,150.52,0.402145,0.402145,14.536,12.9518,23.34,20.2593
4.75,4.55576,0.425000,0.424843,0.475000,0.474826,170,5.88639,0.794625,5.46569,16.5234,23.7216,261.768,150.52,0.788628,0.788628,19.5287,16.5177,31.7801,27.952
4.75,4.93868,0.475000,0.471478,0.475000,0.477877,170,3.87599,0.587762,3.68981,10.1681,16.424,261.768,150.52,0.343977,0.343977,10.8601,8.91745,17.8654,14.0136
4.75,5.31084,0.525000,0.519188,0.475000,0.480984,170,3.83059,1.0476,3.54402,3.17752,5.15089,261.768,150.52,0.136422,0.136422,3.05169,2.44917,5.07061,4.38488
4.75,3.87311,0.325000,0.345,0.525000,0.523703,170,3.41047,1.78883,3.1523,0.491512,0.825838,261.768,150.52,0.0318046,0.0318046,1.04748,1.05347,1.70146,1.60648
4.75,4.16547,0.375000,0.379176,0.525000,0.52363,170,5.26919,0.826464,4.79937,8.75971,12.9515,261.768,150.52,0.55182,0.55182,11.2089,10.1867,18.452,17.5039
4.75,4.54356,0.425000,0.425828,0.525000,0.523824,170,4.62463,0.597277,4.17124,13.3636,20.4913,261.768,150.52,0.860792,0.860792,17.2393,14.6518,28.8017,25.4167
4.75,4.90262,0.475000,0.471925,0.525000,0.523574,170,3.87998,0.525179,3.56882,10.6621,17.2166,261.768,150.52,0.53653,0.53653,11.2581,9.40893,19.0376,16.5517
4.75,5.28577,0.525000,0.520705,0.525000,0.523898,170,3.62257,0.731051,3.45887,4.74309,7.8213,261.768,150.52,0.133364,0.133364,4.17934,3.38935,7.14203,5.87665
4.75,5.62912,0.575000,0.564364,0.525000,0.521644,170,4.18364,1.98801,3.90137,1.00801,1.59139,261.768,150.52,0.0408558,0.0408558,0.713117,0.547518,1.22623,0.959977
4.75,4.16016,0.375000,0.38138,0.575000,0.563257,170,4.67035,1.13289,4.19531,3.29256,5.03455,261.768,150.52,0.237802,0.237802,4.36435,3.8597,7.32482,6.5759
4.75,4.50371,0.425000,0.426494,0.575000,0.569449,170,3.61476,0.592029,3.25394,7.20585,11.8903,261.768,150.52,0.451609,0.451609,10.2795,8.40677,17.5916,14.5955
4.75,4.87047,0.475000,0.472619,0.575000,0.572118,170,4.19935,0.692591,3.77679,7.3478,11.5875,261.768,150.52,0.471914,0.471914,8.19961,6.73459,14.249,11.9994
4.75,5.28121,0.525000,0.519289,0.575000,0.571961,170,2.87795,0.625414,2.72508,3.25103,5.76603,261.768,150.52,0.113312,0.113312,3.10355,2.61527,5.46255,4.43545
4.75,4.42245,0.425000,0.434458,0.625000,0.610189,170,1.42559,0.647932,1.13794,0.640485,1.43265,261.768,150.52,0.0589526,0.0589526,0.995173,0.833943,1.73998,1.64157
4.75,4.7487,0.475000,0.472447,0.625000,0.612509,170,2.82937,0.83759,2.605,1.73277,3.09026,261.768,150.52,0.0786961,0.0786961,1.81782,1.44653,3.22484,2.62424
4.75,4.16659,0.375000,0.376887,0.525000,0.530917,160,4.47932,0.95676,4.32521,7.08086,10.9577,197.632,109.779,0.172622,0.172622,8.80447,7.44834,14.5485,12.1435
4.75,4.63932,0.425000,0.423249,0.525000,0.533919,160,3.53765,0.706721,3.14559,6.62914,11.0119,197.632,109.779,0.481062,0.481062,7.51375,6.35108,12.6284,10.7239
4.75,5.07201,0.475000,0.469031,0.525000,0.537569,160,3.74748,1.45161,3.574,2.03199,3.31603,197.632,109.779,0.0598019,0.0598019,2.08453,1.72397,3.55603,2.99368
4.75,4.16646,0.375000,0.379008,0.575000,0.574179,160,3.75392,0.617249,3.26964,8.83482,14.4101,197.632,109.779,0.79069,0.79069,11.267,10.0251,18.9845,17.0448
4.75,4.54836,0.425000,0.424875,0.575000,0.574436,160,3.75688,0.534127,3.34094,13.3919,21.8377,197.632,109.779,0.909775,0.909775,16.0185,13.1673,27.4787,23.531
4.75,4.92736,0.475000,0.471675,0.575000,0.576451,160,4.36536,0.793224,4.02721,9.31597,14.5249,197.632,109.779,0.445708,0.445708,9.12626,7.52644,15.8985,13.8242
4.75,5.3018,0.525000,0.51744,0.575000,0.577419,160,3.8394,1.28628,3.20216,2.95125,4.78076,197.632,109.779,0.268302,0.268302,2.71512,2.01964,4.79395,3.77457
4.75,4.16078,0.375000,0.378818,0.625000,0.623536,160,3.37329,0.582435,2.64009,7.29682,12.3023,197.632,109.779,1.04997,1.04997,9.35568,7.93761,16.0529,13.492
4.75,4.54144,0.425000,0.425684,0.625000,0.624249,160,3.3068,0.477823,2.76916,11.3697,19.2895,197.632,109.779,1.10291,1.10291,14.2775,11.5705,24.9999,20.9762
4.75,4.89607,0.475000,0.470383,0.625000,0.622639,160,2.71842,0.451757,2.26427,7.76394,14.0278,197.632,109.779,0.803145,0.803145,8.56211,7.13081,15.2402,12.5007
4.75,4.15846,0.375000,0.380246,0.675000,0.669486,160,2.51886,0.517051,1.81125,4.23393,7.84356,197.632,109.779,0.753384,0.753384,5.4911,4.69803,9.55721,7.89774
4.75,4.51902,0.425000,0.423419,0.675000,0.669234,160,3.45678,0.68551,2.80912,6.16363,10.3126,197.632,109.779,0.755567,0.755567,8.27829,6.89446,14.7047,12.1253
4.75,4.94027,0.475000,0.463387,0.675000,0.661911,160,3.3544,1.31908,3.00095,1.45072,2.45021,197.632,109.779,0.108034,0.108034,1.78433,1.52127,3.21201,2.6006
4.75,4.16753,0.375000,0.377766,0.625000,0.626443,150,2.73482,0.471712,1.99173,7.02151,12.6616,185.963,109.477,1.13089,1.13089,8.91625,7.58067,15.3081,13.7061
4.75,4.61965,0.425000,0.423665,0.625000,0.629636,150,4.71387,0.963709,4.01395,7.39475,11.2773,185.963,109.477,0.748214,0.748214,8.43004,7.06481,14.7734,12.4899
4.75,5.04336,0.475000,0.468091,0.625000,0.631991,150,2.14869,0.60931,1.83149,2.63424,5.14408,185.963,109.477,0.231203,0.231203,2.82023,2.37912,5.03482,4.10914
4.75,4.16569,0.375000,0.37903,0.675000,0.674583,150,2.80357,0.433832,2.3735,7.99207,14.2957,185.963,109.477,0.801471,0.801471,9.21481,7.90703,16.044,13.3802
4.75,4.55186,0.425000,0.422915,0.675000,0.671641,150,2.77499,0.420127,2.20933,9.1372,16.3986,185.963,109.477,1.12487,1.12487,10.9518,9.09134,19.4634,16.3158
4.75,4.96828,0.475000,0.463019,0.675000,0.662505,150,7.05385,3.47443,5.66648,2.05823,2.8249,185.963,109.477,0.233842,0.233842,2.02904,1.50737,3.65244,2.87704
4.75,3.87321,0.325000,0.344902,0.725000,0.723321,150,0.419238,0.505074,0.419238,0.293278,0.913212,185.963,109.477,0,0,0.637686,0.517957,1.0988,0.798256
4.75,4.14061,0.375000,0.375178,0.725000,0.71467,150,3.04559,0.718335,2.71965,3.57403,6.22435,185.963,109.477,0.238418,0.238418,4.226,3.48331,7.41037,6.08594
4.75,4.54368,0.425000,0.412391,0.725000,0.706797,150,1.05467,0.625835,0.764521,0.52091,1.28148,185.963,109.477,0.0759537,0.0759537,0.892761,0.865243,1.59014,1.39554
4.75,4.47467,0.425000,0.422176,0.325000,0.344247,300,9.42901,4.7088,9.18245,1.90321,2.45068,284.343,183.995,0.0297836,0.0297836,2.3036,1.95664,3.45532,3.20208
4.75,4.99081,0.475000,0.471154,0.325000,0.34434,300,7.99978,4.56943,7.72291,1.1692,1.55895,284.343,183.995,0.0293078,0.0293078,1.33556,1.19107,2.01857,1.86067
4.75,4.15257,0.375000,0.389577,0.375000,0.373662,300,5.9547,1.74908,5.59251,2.8176,4.033,284.343,183.995,0.112694,0.112694,4.17268,3.54222,6.32453,5.63928
4.75,4.44632,0.425000,0.426131,0.375000,0.37363,300,5.14037,0.695855,4.96939,11.6207,17.2983,284.343,183.995,0.275283,0.275283,14.5413,13.005,22.1867,20.3672
4.75,4.83987,0.475000,0.474079,0.375000,0.37656,300,4.93244,0.68595,4.70633,11.7605,17.7077,284.343,183.995,0.36841,0.36841,14.7515,12.799,22.6531,20.2474
4.75,5.19791,0.525000,0.521503,0.375000,0.380008,300,4.87748,0.900071,4.63699,7.01428,10.5945,284.343,183.995,0.254879,0.254879,7.38524,6.34572,11.3712,9.6049
4.75,5.53456,0.575000,0.569773,0.375000,0.383872,300,3.88738,1.18014,3.72814,2.30205,3.71511,284.343,183.995,0.061653,0.061653,2.221,1.86783,3.42629,2.92436
4.75,4.1551,0.375000,0.390033,0.425000,0.422425,300,9.01607,3.59837,8.68559,2.02124,2.62664,284.343,183.995,0.0580077,0.0580077,3.15868,2.90693,4.92086,4.61157
4.75,4.44638,0.425000,0.426799,0.425000,0.42304,300,5.00635,0.683646,4.69619,9.07065,13.6012,284.343,183.995,0.441539,0.441539,11.9069,11.3844,18.7139,18.0282
4.75,4.80409,0.475000,0.47443,0.425000,0.422939,300,5.28862,0.695544,5.00224,11.878,17.5445,284.343,183.995,0.465206,0.465206,15.006,13.3437,23.7363,21.4713
4.75,5.13316,0.525000,0.522105,0.425000,0.423618,300,5.33618,0.832078,5.08909,9.35204,13.78,284.343,183.995,0.29429,0.29429,10.1189,8.56159,16.0535,13.9154
4.75,5.48553,0.575000,0.571106,0.425000,0.42332,300,8.97817,2.79062,8.36778,4.43003,5.76195,284.343,183.995,0.168119,0.168119,4.01915,3.24553,6.38937,5.71124
4.75,4.4076,0.425000,0.431931,0.475000,0.458877,300,8.80912,3.68382,8.74389,1.7279,2.25636,284.343,183.995,0.00758419,0.00758419,1.90113,1.66085,3.05273,2.96204
4.75,4.7117,0.475000,0.477027,0.475000,0.465492,300,4.82843,0.986804,4.43544,4.26297,6.4572,284.343,183.995,0.23966,0.23966,5.39237,4.75103,8.75664,7.96434
4.75,5.04859,0.525000,0.522888,0.475000,0.469003,300,5.42062,1.09991,5.12637,5.07259,7.44273,284.343,183.995,0.192936,0.192936,5.53978,4.80189,9.074,8.04019
4.75,5.45303,0.575000,0.570392,0.475000,0.471552,300,6.33258,1.84296,5.86997,2.96218,4.17411,284.343,183.995,0.152129,0.152129,2.81498,2.37121,4.63873,3.96772
4.75,4.15412,0.375000,0.389404,0.425000,0.434996,290,4.37073,1.72396,4.31959,1.27107,1.98106,287.998,164.403,0.0115703,0.0115703,2.12805,2.01118,3.3423,3.1384
4.75,4.46588,0.425000,0.423825,0.425000,0.437799,290,4.67606,1.09464,4.53949,4.21276,6.43935,287.998,164.403,0.0785,0.0785,5.50735,4.72444,8.74331,7.96494
4.75,4.96561,0.475000,0.47289,0.425000,0.438406,290,7.36887,2.48137,7.23676,3.25779,4.42561,287.998,164.403,0.0346754,0.0346754,3.69433,3.08006,5.92387,5.40431
4.75,4.15203,0.375000,0.389635,0.475000,0.47454,290,2.48865,0.714895,2.42399,1.77415,3.2998,287.998,164.403,0.0327477,0.0327477,3.58251,3.21765,5.75184,4.75713
4.75,4.4489,0.425000,0.426971,0.475000,0.473854,290,6.12135,1.00312,5.78412,10.0451,14.2767,287.998,164.403,0.376301,0.376301,12.5193,10.941,20.3118,18.6131
4.75,4.82551,0.475000,0.474481,0.475000,0.475392,290,3.7959,0.499084,3.60361,11.2909,18.3538,287.998,164.403,0.382961,0.382961,14.0224,11.8327,22.9898,19.3685
4.75,5.18532,0.525000,0.521854,0.475000,0.477498,290,2.98358,0.516707,2.79712,6.20159,10.8719,287.998,164.403,0.254221,0.254221,7.29307,6.15308,12.0579,9.88688
4.75,5.53344,0.575000,0.569173,0.475000,0.480012,290,3.29745,0.887435,3.0637,2.73251,4.64004,287.998,164.403,0.119601,0.119601,2.45674,1.95534,4.09397,3.23237
4.75,4.15526,0.375000,0.390159,0.525000,0.523675,290,5.19775,1.80254,4.35584,1.59039,2.36022,287.998,164.403,0.191026,0.191026,2.59794,2.34282,4.28398,3.90681
4.75,4.44945,0.425000,0.427309,0.525000,0.523619,290,3.68975,0.551183,3.34358,7.36196,12.0714,287.998,164.403,0.485777,0.485777,10.4848,9.0602,17.5013,14.7829
4.75,4.80766,0.475000,0.475183,0.525000,0.52346,290,4.398,0.616283,4.08101,9.68981,15.075,287.998,164.403,0.456386,0.456386,12.1877,10.4431,20.5955,18.3892
4.75,5.12563,0.525000,0.522702,0.525000,0.523142,290,4.83746,0.824714,4.43831,7.79078,11.7946,287.998,164.403,0.419809,0.419809,8.25748,6.79359,14.0888,11.8794
4.75,5.47883,0.575000,0.565243,0.525000,0.519468,290,2.79449,0.863209,2.57338,1.88915,3.38274,287.998,164.403,0.0907195,0.0907195,2.23715,1.83612,3.83683,3.13833
4.75,4.42995,0.425000,0.430113,0.575000,0.564518,290,3.24472,0.745114,2.69086,2.71083,4.62673,287.998,164.403,0.302992,0.302992,3.64664,3.16967,6.22806,5.47895
4.75,4.74928,0.475000,0.475918,0.575000,0.570195,290,3.7134,0.684037,3.47649,5.23263,8.56311,287.998,164.403,0.209065,0.209065,7.03532,5.76859,12.2175,10.2336
4.75,5.10216,0.525000,0.519383,0.575000,0.568213,290,5.64335,1.38164,5.13944,4.14689,6.01954,287.998,164.403,0.236856,0.236856,4.63625,3.74473,8.13622,6.81351
4.75,4.15426,0.375000,0.38944,0.525000,0.526501,280,3.14579,0.76765,2.78601,1.55816,2.68568,460.266,270.746,0.126461,0.126461,2.69351,2.44928,4.45114,3.96061
4.75,4.46814,0.425000,0.425318,0.525000,0.53055,280,3.90579,0.528324,3.54158,5.99489,9.6609,460.266,270.746,0.392388,0.392388,7.73947,6.76349,12.9721,11.2707
4.75,4.93092,0.475000,0.472829,0.525000,0.532675,280,3.57296,0.542252,3.25052,4.84191,8.01835,460.266,270.746,0.284038,0.284038,5.67072,4.63374,9.64446,7.78298
4.75,5.3295,0.525000,0.518551,0.525000,0.536368,280,2.58819,0.612834,2.47984,1.72605,3.16915,460.266,270.746,0.0396166,0.0396166,1.62451,1.27875,2.79878,2.2728
4.75,4.15341,0.375000,0.389565,0.575000,0.574221,280,4.73627,1.18176,4.5172,1.77651,2.7056,460.266,270.746,0.0514809,0.0514809,2.72081,2.28645,4.5997,4.10537
4.75,4.45131,0.425000,0.427244,0.575000,0.573847,280,3.35898,0.365235,2.75573,7.83725,13.2311,460.266,270.746,0.891759,0.891759,10.0804,8.47425,17.2865,14.7976
4.75,4.81913,0.475000,0.474662,0.575000,0.574525,280,3.85722,0.408151,3.56555,9.7616,15.7907,460.266,270.746,0.468731,0.468731,11.551,9.512,20.1151,16.895
4.75,5.1995,0.525000,0.519085,0.575000,0.573338,280,4.38184,0.687393,3.89448,5.04535,7.85779,460.266,270.746,0.358046,0.358046,5.13487,4.17712,9.04355,7.53243
4.75,4.15173,0.375000,0.389532,0.625000,0.624374,280,2.74743,0.704357,1.56483,1.15373,2.07735,460.266,270.746,0.319632,0.319632,1.99939,1.74737,3.44591,2.99583
4.75,4.44985,0.425000,0.427371,0.625000,0.623508,280,2.9884,0.34021,2.52028,6.10094,10.69,460.266,270.746,0.569153,0.569153,8.14642,6.886,14.2751,12.7567
4.75,4.82354,0.475000,0.472479,0.625000,0.62095,280,3.37312,0.417081,2.87574,6.13132,10.3375,460.266,270.746,0.547423,0.547423,8.14009,6.74789,14.4864,12.553
4.75,5.22361,0.525000,0.510587,0.625000,0.611865,280,3.31104,1.01468,3.02354,0.970368,1.64563,460.266,270.746,0.0514912,0.0514912,0.992491,0.819433,1.78054,1.51253
4.75,4.15488,0.375000,0.390716,0.675000,0.661309,280,3.41283,1.343,1.39929,0.500225,0.840297,460.266,270.746,0.22064,0.22064,0.714759,0.642815,1.24825,1.03269
4.75,4.42951,0.425000,0.425429,0.675000,0.664009,280,2.2858,0.375603,1.60342,2.51988,4.82059,460.266,270.746,0.460818,0.460818,3.33598,2.90215,5.92873,5.08711
4.75,4.83117,0.475000,0.46315,0.675000,0.658422,280,6.32746,2.76965,5.61436,0.714221,1.00664,460.266,270.746,0.0659287,0.0659287,0.855408,0.774637,1.53805,1.3648
4.75,4.50568,0.425000,0.422059,0.575000,0.594028,270,3.11427,1.65452,2.34721,0.633675,1.09573,141.348,238.035,0.113488,0.113488,0.887192,0.834887,1.53318,1.41692
4.75,4.15011,0.375000,0.389357,0.625000,0.623771,270,3.22583,1.11759,2.54376,1.54897,2.64862,141.348,238.035,0.203176,0.203176,2.32339,1.99498,4.00644,3.61321
4.75,4.45954,0.425000,0.426162,0.625000,0.626772,270,2.71483,0.551351,2.09047,5.23828,9.46857,141.348,238.035,0.696332,0.696332,7.66323,6.39511,13.4423,11.8521
4.75,4.90635,0.475000,0.47096,0.625000,0.626635,270,2.2941,0.483027,1.89228,4.12125,7.87456,141.348,238.035,0.426265,0.426265,5.2857,4.51856,9.42796,8.12862
4.75,4.15177,0.375000,0.389666,0.675000,0.674346,270,1.6246,0.640264,0.372832,1.08634,2.32807,141.348,238.035,0.462528,0.462528,2.09486,1.8074,3.66597,2.94699
4.75,4.4359,0.425000,0.423917,0.675000,0.668029,270,2.0803,0.412413,1.61119,4.27298,8.43457,141.348,238.035,0.511201,0.511201,5.79493,4.6804,10.3024,8.59909
4.75,4.83245,0.475000,0.462305,0.675000,0.659285,270,1.1829,0.686484,0.962846,0.623872,1.48127,141.348,238.035,0.053239,0.053239,1.14157,0.972806,2.05358,1.76799
4.75,4.41124,0.475000,0.472937,0.325000,0.341489,220,5.4697,1.96135,5.03961,2.28851,3.34969,256.992,210.156,0.120837,0.120837,3.59124,3.08665,5.28211,4.73298
4.75,4.86372,0.525000,0.521985,0.325000,0.341874,220,6.42614,2.89369,6.31947,1.42019,1.99392,256.992,210.156,0.0215381,0.0215381,1.69532,1.68916,2.50049,2.43515
4.75,4.01234,0.425000,0.430738,0.375000,0.373465,220,7.02478,1.44279,6.73426,6.99351,9.60798,256.992,210.156,0.228458,0.228458,11.0426,10.3792,16.5285,15.7908
4.75,4.31239,0.475000,0.475183,0.375000,0.374659,220,6.37525,1.01628,5.90266,11.3433,15.9573,256.992,210.156,0.62613,0.62613,15.3249,14.0224,23.0278,21.656
4.75,4.66157,0.525000,0.523874,0.375000,0.377221,220,5.82619,0.953352,5.45718,10.4479,15.0395,256.992,210.156,0.47657,0.47657,12.539,11.0711,18.8851,17.0413
4.75,5.26849,0.625000,0.613576,0.375000,0.380903,220,3.61626,1.42293,3.30674,1.46781,2.42171,256.992,210.156,0.0823589,0.0823589,1.44046,1.17521,2.15716,1.72974
4.75,4.01325,0.425000,0.43148,0.425000,0.420465,220,4.70179,0.898126,4.13929,4.63496,7.07365,256.992,210.156,0.43256,0.43256,7.32774,6.88081,11.3239,10.5876
4.75,4.2986,0.475000,0.476404,0.425000,0.422107,220,7.29305,1.2316,6.57268,9.6574,13.151,256.992,210.156,0.690977,0.690977,12.4827,11.4362,19.4198,18.6199
4.75,4.59155,0.525000,0.524854,0.425000,0.422901,220,6.10644,0.966511,5.61385,10.2868,14.6294,256.992,210.156,0.579585,0.579585,13.1341,11.5444,20.4955,18.705
4.75,4.20679,0.475000,0.48037,0.475000,0.460832,220,4.80851,1.55264,4.09543,1.45418,2.20523,256.992,210.156,0.250289,0.250289,2.09372,2.31445,3.34909,3.29214
4.75,4.46015,0.525000,0.526447,0.475000,0.467538,220,7.37771,2.14296,6.54909,3.55215,4.82415,256.992,210.156,0.29112,0.29112,4.8034,4.29005,7.75025,7.14296
4.75,4.80605,0.575000,0.566097,0.475000,0.46189,220,5.17417,1.87848,4.44487,1.70942,2.54002,256.992,210.156,0.180937,0.180937,2.34842,2.03536,3.78916,3.22571
4.75,4.01725,0.425000,0.429231,0.425000,0.431889,210,3.57382,0.776868,3.38502,4.12929,6.83773,303.691,155.463,0.145195,0.145195,7.29898,6.45459,11.3856,10.3379
4.75,4.37747,0.475000,0.473819,0.425000,0.434838,210,5.28457,1.26848,4.72606,5.0359,7.43983,303.691,155.463,0.357728,0.357728,7.77686,6.49676,12.2589,10.489
4.75,4.81634,0.525000,0.522467,0.425000,0.435387,210,7.04545,2.45903,6.59761,3.29762,4.52724,303.691,155.463,0.13435,0.13435,4.2923,3.49198,6.81719,5.80156
4.75,5.14503,0.575000,0.567638,0.425000,0.439206,210,3.61536,1.66272,3.29285,1.11361,1.83746,303.691,155.463,0.0519767,0.0519767,1.07058,0.787018,1.70946,1.35171
4.75,4.01135,0.425000,0.430474,0.475000,0.474203,210,3.75623,0.674162,3.34725,5.4651,8.91222,303.691,155.463,0.456727,0.456727,9.31262,8.4913,14.9713,13.0923
4.75,4.30493,0.475000,0.475599,0.475000,0.473988,210,4.40125,0.631902,4.05998,10.3717,16.1324,303.691,155.463,0.513556,0.513556,14.0636,11.9308,22.8066,20.3434
4.75,4.63529,0.525000,0.523593,0.475000,0.475883,210,4.68681,0.726441,4.2863,10.1478,15.5012,303.691,155.463,0.57981,0.57981,12.1775,9.99118,19.894,16.4275
4.75,5.01343,0.575000,0.566422,0.475000,0.47243,210,4.49993,1.20569,4.30146,3.47141,5.36493,303.691,155.463,0.102774,0.102774,3.92986,3.17905,6.43398,5.16395
4.75,4.01307,0.425000,0.431157,0.525000,0.523002,210,5.5822,1.47283,4.77608,3.71651,5.4104,303.691,155.463,0.391582,0.391582,6.71995,6.04095,11.1507,10.2635
4.75,4.30339,0.475000,0.475931,0.525000,0.523165,210,4.0564,0.617304,3.54098,8.08013,12.8741,303.691,155.463,0.71486,0.71486,11.2988,9.65014,18.9729,16.0357
4.75,4.632,0.525000,0.521005,0.525000,0.520751,210,5.0432,0.960308,4.38724,6.64085,9.93754,303.691,155.463,0.576568,0.576568,8.89456,7.3474,15.0404,12.655
4.75,3.99862,0.425000,0.437878,0.575000,0.557921,210,1.83878,0.934291,1.62067,0.415459,0.854512,303.691,155.463,0.0369727,0.0369727,0.609511,0.612117,1.03676,0.903681
4.75,4.01724,0.425000,0.430143,0.525000,0.524947,200,4.04549,0.932359,3.43646,5.39427,8.60166,183.22,116.124,0.555545,0.555545,8.02565,6.89062,13.3624,11.5217
4.75,4.35338,0.475000,0.474132,0.525000,0.529156,200,4.29115,0.921826,3.82886,6.78173,10.6269,183.22,116.124,0.47075,0.47075,9.19447,7.72637,15.5127,13.5204
4.75,4.7867,0.525000,0.521513,0.525000,0.528863,200,5.2233,1.5904,4.78723,4.15564,6.1589,183.22,116.124,0.239929,0.239929,5.13593,4.27556,8.76068,7.33236
4.75,4.01207,0.425000,0.430648,0.575000,0.573177,200,4.79327,1.16252,4.05684,4.94637,7.50781,183.22,116.124,0.505963,0.505963,7.2651,6.14378,12.4473,10.854
4.75,4.30722,0.475000,0.473659,0.575000,0.57193,200,3.00358,0.534077,2.47628,7.44127,13.0172,183.22,116.124,0.764929,0.764929,10.2725,8.27598,17.827,14.7732
4.75,4.7199,0.525000,0.513928,0.575000,0.56307,200,3.90531,1.47997,3.03502,1.85397,2.98782,183.22,116.124,0.257801,0.257801,2.36068,1.95688,4.12025,3.5684
4.75,4.00189,0.425000,0.428585,0.625000,0.620073,200,3.11205,0.867241,2.37143,2.72477,4.71266,183.22,116.124,0.386683,0.386683,4.90025,4.02052,8.59261,7.31903
4.75,4.30076,0.475000,0.464241,0.625000,0.6103,200,4.57202,2.04733,3.71907,1.28937,1.98358,183.22,116.124,0.158557,0.158557,1.89535,1.62045,3.35121,2.98717
4.75,4.02114,0.425000,0.427339,0.575000,0.588847,190,4.45244,1.75022,3.48175,1.71478,2.65828,186.167,126.223,0.251113,0.251113,2.83468,2.4238,4.88664,4.29179
4.75,4.44237,0.475000,0.472927,0.575000,0.589337,190,4.06642,1.64315,3.48513,1.41992,2.2607,186.167,126.223,0.143188,0.143188,2.16691,1.8839,3.79295,3.27385
4.75,4.00128,0.425000,0.428113,0.625000,0.620199,190,5.72992,1.72472,4.83616,3.55924,5.14584,186.167,126.223,0.346963,0.346963,5.37891,4.46594,9.44169,8.40559
4.75,4.30867,0.475000,0.463551,0.625000,0.611927,190,4.40123,2.07639,3.5416,1.29159,2.00898,186.167,126.223,0.171742,0.171742,2.03022,1.66395,3.59305,2.90831
4.75,3.87114,0.425000,0.439747,0.325000,0.337211,260,4.28401,2.11013,4.18503,0.852639,1.33672,287.19,205.234,0.017142,0.017142,2.49271,2.36179,3.5911,3.18648
4.75,3.86742,0.425000,0.439864,0.375000,0.373701,260,6.21007,2.33868,5.82012,1.66635,2.3597,287.19,205.234,0.0811616,0.0811616,4.27615,3.99666,6.34456,6.0303
4.75,4.09954,0.475000,0.47753,0.375000,0.373803,260,6.83116,1.2366,6.45718,8.59914,11.8933,287.19,205.234,0.343227,0.343227,12.0415,10.8183,17.9036,16.5845
4.75,4.38878,0.525000,0.524808,0.375000,0.374842,260,5.79161,0.952611,5.47478,9.67572,13.9497,287.19,205.234,0.400315,0.400315,12.9943,11.564,19.3205,17.2214
4.75,4.70952,0.575000,0.57223,0.375000,0.376608,260,8.07454,1.8188,7.63967,7.65695,10.1883,287.19,205.234,0.314589,0.314589,8.75293,7.69718,12.9989,11.534
4.75,3.86801,0.425000,0.440413,0.425000,0.415324,260,1.99944,0.769405,1.83458,0.716793,1.43372,287.19,205.234,0.0453269,0.0453269,2.03535,2.01601,3.11171,2.6867
4.75,4.08849,0.475000,0.478315,0.425000,0.419867,260,4.45962,0.792675,3.91824,5.11433,7.9246,287.19,205.234,0.446581,0.446581,7.44582,6.76791,11.4696,10.6342
4.75,4.35362,0.525000,0.5255,0.425000,0.421707,260,5.04955,0.828894,4.71354,7.40498,11.0771,287.19,205.234,0.342201,0.342201,10.1589,8.96555,15.6982,14.3105
4.75,4.66488,0.575000,0.569931,0.425000,0.420095,260,8.4871,2.11037,7.62041,5.95289,7.83531,287.19,205.234,0.417076,0.417076,7.0994,6.00733,10.9711,9.6297
4.75,4.11376,0.475000,0.47563,0.425000,0.430793,250,5.18511,1.15593,4.94666,5.08985,7.55861,308.574,196.574,0.163132,0.163132,8.45365,7.37426,13.1659,11.7776
4.75,4.485,0.525000,0.523495,0.425000,0.432528,250,5.61265,1.47606,5.4179,4.33075,6.2955,308.574,196.574,0.107327,0.107327,6.74534,5.6456,10.586,8.83789
4.75,4.89072,0.575000,0.570714,0.425000,0.432548,250,7.35379,2.98639,6.7019,2.4702,3.3573,308.574,196.574,0.146321,0.146321,3.31251,2.71144,5.21779,4.40542
4.75,3.8664,0.425000,0.439754,0.475000,0.473731,250,2.98547,1.09143,1.54131,1.12556,1.97281,308.574,196.574,0.355029,0.355029,3.6003,3.18115,5.7637,5.1848
4.75,4.0986,0.475000,0.477599,0.475000,0.473443,250,2.84121,0.45402,2.47607,5.90217,10.5118,308.574,196.574,0.48901,0.48901,10.2651,8.91425,16.5528,14.3292
4.75,4.38143,0.525000,0.523648,0.475000,0.473124,250,5.49385,0.977658,4.96408,8.34066,12.1938,308.574,196.574,0.588047,0.588047,11.4148,9.42908,18.5182,14.9643
4.75,4.78944,0.575000,0.563832,0.475000,0.467335,250,3.6138,1.10577,3.30695,1.98856,3.28157,308.574,196.574,0.11556,0.11556,3.06881,2.63784,4.98243,4.23473
4.75,3.86574,0.425000,0.43991,0.525000,0.519296,250,2.90993,1.07859,2.63603,0.835875,1.47722,308.574,196.574,0.0563836,0.0563836,1.97003,1.80195,3.25127,2.85581
4.75,4.09256,0.475000,0.477471,0.525000,0.521608,250,4.05074,0.735738,3.58729,4.86447,7.75384,308.574,196.574,0.379039,0.379039,7.01044,6.01446,11.7112,10.1155
4.75,4.38546,0.525000,0.517402,0.525000,0.516501,250,8.45465,2.93502,7.55745,2.97804,3.92298,308.574,196.574,0.220773,0.220773,4.48826,3.90191,7.53411,6.81957
4.75,4.60038,0.525000,0.523235,0.475000,0.493834,240,1.4597,0.990679,1.31498,0.445048,0.987855,237.687,168.562,0.0205215,0.0205215,1.24601,0.952156,2.05925,1.52439
4.75,3.86993,0.425000,0.44006,0.525000,0.524156,240,3.20636,1.18664,3.17223,1.36724,2.34236,237.687,168.562,0.0101175,0.0101175,3.56554,2.98538,5.92203,4.68301
4.75,4.10475,0.475000,0.476555,0.525000,0.525636,240,4.49313,0.869045,3.76468,5.83879,9.02757,237.687,168.562,0.679244,0.679244,8.47546,7.47257,14.2249,12.5816
4.75,4.0788,0.475000,0.470973,0.575000,0.566673,240,3.1286,0.754557,2.56418,2.85829,4.93524,237.687,168.562,0.34457,0.34457,4.57028,3.87649,7.88755,6.48218
4.75,3.86612,0.425000,0.439094,0.575000,0.582906,230,4.74681,2.28705,2.40064,0.729599,1.11047,242.611,276.215,0.251365,0.251365,2.15741,1.84862,3.714,3.22618
4.75,4.08399,0.475000,0.465455,0.575000,0.581539,230,2.76902,1.03825,2.03391,0.86655,1.55629,242.611,276.215,0.13995,0.13995,2.00037,1.73378,3.47433,3.15709
5.5,4.88854,0.425000,0.424743,0.325000,0.34662,480,3.74889,1.59718,3.68099,0.629026,1.0264,403.717,235.704,0.00877393,0.00877393,0.464214,0.423176,0.708081,0.619415
5.5,4.57507,0.375000,0.394938,0.375000,0.374352,480,3.70867,1.88785,3.59203,0.415484,0.680198,403.717,235.704,0.0123137,0.0123137,0.479445,0.449636,0.738143,0.606599
5.5,4.88375,0.425000,0.428386,0.375000,0.374333,480,6.98203,1.26544,6.82119,5.91683,8.14064,403.717,235.704,0.124496,0.124496,6.83284,6.38521,10.5772,9.50131
5.5,5.29879,0.475000,0.473918,0.375000,0.376289,480,8.8453,1.64051,8.57912,7.79118,10.1653,403.717,235.704,0.190327,0.190327,8.56334,7.77604,13.3477,12.1396
5.5,5.69015,0.525000,0.520343,0.375000,0.379675,480,8.38738,1.98927,8.11146,4.65919,6.14816,403.717,235.704,0.123577,0.123577,4.66605,4.10631,7.30392,6.37578
5.5,4.57511,0.375000,0.395065,0.425000,0.423109,480,2.67303,1.3635,2.60699,0.247019,0.448776,403.717,235.704,0.00462354,0.00462354,0.335457,0.366375,0.529107,0.602458
5.5,4.87593,0.425000,0.42827,0.425000,0.422834,480,8.22536,1.63372,7.8577,5.039,6.67764,403.717,235.704,0.180789,0.180789,5.69568,5.40413,9.05029,8.74682
5.5,5.28958,0.475000,0.475315,0.425000,0.422985,480,7.95722,1.30322,7.60306,7.94274,10.603,403.717,235.704,0.259006,0.259006,9.12424,8.03363,14.606,13.1705
5.5,5.64689,0.525000,0.521587,0.425000,0.423496,480,6.77852,1.19336,6.47655,5.83066,8.07942,403.717,235.704,0.182184,0.182184,6.38162,5.61137,10.2566,9.3661
5.5,4.88366,0.425000,0.433056,0.475000,0.45757,480,9.48376,4.58574,8.94288,0.963275,1.23892,403.717,235.704,0.0417291,0.0417291,1.25201,1.19593,2.02742,2.02052
5.5,5.23613,0.475000,0.477352,0.475000,0.463745,480,6.92036,1.70752,6.42508,2.78915,3.8456,403.717,235.704,0.131744,0.131744,3.57296,3.08686,5.85589,5.37115
5.5,5.60025,0.525000,0.522297,0.475000,0.467913,480,4.77484,0.992169,4.36374,2.90624,4.41601,403.717,235.704,0.168857,0.168857,3.85141,3.30117,6.37002,5.61766
5.5,6.04794,0.575000,0.56999,0.475000,0.472114,480,4.26135,1.20484,3.95579,1.42576,2.23873,403.717,235.704,0.0826685,0.0826685,1.74031,1.54325,2.90017,2.40877
5.5,4.88615,0.425000,0.42654,0.425000,0.440043,470,4.2407,1.20045,4.0626,1.77728,2.79467,424.513,264.721,0.0493336,0.0493336,1.90694,1.56688,3.06036,2.52357
5.5,5.39954,0.475000,0.47336,0.425000,0.441044,470,4.08021,1.27661,3.88624,1.38848,2.20842,424.513,264.721,0.039323,0.039323,1.46847,1.19177,2.38194,2.0517
5.5,4.88341,0.425000,0.428511,0.475000,0.473868,470,5.72761,1.07467,5.4182,4.53728,6.56055,424.513,264.721,0.195113,0.195113,5.78713,5.21526,9.46359,8.38654
5.5,5.2893,0.475000,0.474391,0.475000,0.47521,470,5.30636,0.804591,5.01683,6.50521,9.5998,424.513,264.721,0.258486,0.258486,8.06412,7.12711,13.3236,11.901
5.5,5.68302,0.525000,0.521524,0.475000,0.477582,470,3.1694,0.510764,2.95652,4.29229,7.38072,424.513,264.721,0.177992,0.177992,4.88869,3.978,8.14897,6.64055
5.5,6.08599,0.575000,0.569327,0.475000,0.480561,470,2.66759,0.752335,2.48996,1.31276,2.38657,424.513,264.721,0.0515958,0.0515958,1.45125,1.18791,2.43956,2.01178
5.5,4.88662,0.425000,0.429121,0.525000,0.523664,470,6.08012,1.26046,5.586,3.78168,5.38406,424.513,264.721,0.196339,0.196339,4.84825,4.03991,8.12882,7.16545
5.5,5.28728,0.475000,0.475317,0.525000,0.523348,470,5.5886,0.894236,5.11142,5.90907,8.59966,424.513,264.721,0.35746,0.35746,7.3943,6.30259,12.5522,10.8076
5.5,5.65048,0.525000,0.521843,0.525000,0.523667,470,4.62677,0.792168,4.21449,4.52386,6.93583,424.513,264.721,0.260362,0.260362,5.29965,4.32966,9.08406,7.59669
5.5,6.06223,0.575000,0.569593,0.525000,0.523823,470,3.75277,0.92376,3.45069,1.88931,3.08187,424.513,264.721,0.0962632,0.0962632,2.06183,1.63179,3.56605,2.79823
5.5,4.88134,0.425000,0.430443,0.575000,0.564189,470,2.29409,0.541042,1.80096,1.39832,2.67181,424.513,264.721,0.184035,0.184035,2.2017,1.93442,3.76752,3.30793
5.5,5.25988,0.475000,0.475939,0.575000,0.569369,470,3.59495,0.677808,3.10576,3.08326,5.0963,424.513,264.721,0.267562,0.267562,4.6621,3.85204,8.10725,6.76618
5.5,5.64126,0.525000,0.522468,0.575000,0.572377,470,3.0724,0.556339,2.73941,2.91323,5.05932,424.513,264.721,0.202986,0.202986,3.91813,3.31751,6.9071,5.8185
5.5,6.01708,0.575000,0.563193,0.575000,0.568574,470,2.55606,0.841539,2.2278,0.806777,1.4874,424.513,264.721,0.0617245,0.0617245,0.960026,0.780402,1.70413,1.36097
5.5,5.18144,0.475000,0.484444,0.625000,0.607386,470,1.35719,0.881315,0.908704,0.184571,0.419475,424.513,264.721,0.0284884,0.0284884,0.358415,0.298918,0.636304,0.55516
5.5,5.49255,0.525000,0.518887,0.625000,0.608935,470,2.74221,1.35955,2.33971,0.370173,0.666927,424.513,264.721,0.0365836,0.0365836,0.626338,0.523888,1.12459,0.870494
5.5,4.5722,0.375000,0.393603,0.525000,0.528574,460,3.53318,1.47106,3.2892,0.326463,0.542512,720.514,439.523,0.0180038,0.0180038,0.223595,0.218306,0.37225,0.351848
5.5,4.88761,0.425000,0.426554,0.525000,0.53294,460,2.95169,0.414418,2.7174,3.05433,5.37309,720.514,439.523,0.150763,0.150763,2.85301,2.4148,4.81159,4.12795
5.5,5.36852,0.475000,0.472548,0.525000,0.53522,460,2.7776,0.414922,2.58473,2.76638,4.96332,720.514,439.523,0.118556,0.118556,2.57431,2.13505,4.40238,3.61507
5.5,5.80368,0.525000,0.518074,0.525000,0.538913,460,1.84382,0.476,1.75675,0.855617,1.75822,720.514,439.523,0.0240892,0.0240892,0.690246,0.584489,1.19563,0.932246
5.5,4.57645,0.375000,0.394102,0.575000,0.573946,460,2.47749,0.847159,2.35991,0.36953,0.688321,720.514,439.523,0.0152104,0.0152104,0.29977,0.29794,0.508383,0.434106
5.5,4.88991,0.425000,0.428744,0.575000,0.573905,460,4.55829,0.577026,4.1283,4.58207,7.05517,720.514,439.523,0.259978,0.259978,4.59579,3.77945,7.89222,6.98586
5.5,5.29519,0.475000,0.475135,0.575000,0.57442,460,3.20604,0.313369,2.89035,6.50511,11.145,720.514,439.523,0.391813,0.391813,7.04094,5.72312,12.2715,10.0749
5.5,5.67831,0.525000,0.5216,0.575000,0.57599,460,4.18709,0.548273,3.86772,4.54903,7.18001,720.514,439.523,0.214092,0.214092,4.32987,3.43551,7.64968,6.21511
5.5,6.05415,0.575000,0.562133,0.575000,0.572871,460,4.99681,1.58178,4.60245,0.918279,1.37766,720.514,439.523,0.042931,0.042931,0.735235,0.574422,1.30879,1.07973
5.5,4.5745,0.375000,0.393973,0.625000,0.624172,460,1.46299,0.605904,1.17109,0.288733,0.640418,720.514,439.523,0.0286085,0.0286085,0.250769,0.198798,0.432606,0.320062
5.5,4.88595,0.425000,0.428581,0.625000,0.623936,460,2.16831,0.247491,1.85755,3.47835,6.77192,720.514,439.523,0.287269,0.287269,3.85901,3.25591,6.75202,5.70907
5.5,5.2911,0.475000,0.475146,0.625000,0.623539,460,2.98399,0.29795,2.63521,5.4026,9.47083,720.514,439.523,0.375501,0.375501,5.95964,4.87721,10.6094,8.90896
5.5,5.65528,0.525000,0.516699,0.625000,0.61887,460,3.22972,0.480235,2.84077,2.72437,4.65668,720.514,439.523,0.196145,0.196145,2.75311,2.16904,4.95854,3.92583
5.5,4.57712,0.375000,0.394543,0.675000,0.66496,460,0.907192,0.55021,0.896974,0.106934,0.275141,720.514,439.523,0.000646897,0.000646897,0.12259,0.130895,0.213873,0.210288
5.5,4.88363,0.425000,0.4297,0.675000,0.669515,460,2.31515,0.32507,1.82921,2.14325,4.08276,720.514,439.523,0.271205,0.271205,2.51662,2.17826,4.46595,3.8764
5.5,5.26997,0.475000,0.470026,0.675000,0.665125,460,1.91197,0.278592,1.52644,2.08755,4.23821,720.514,439.523,0.230789,0.230789,2.5031,2.08264,4.51035,3.73669
5.5,4.57616,0.375000,0.393657,0.625000,0.623529,360,3.5354,1.8029,2.82376,0.465047,0.772659,363.341,196.717,0.0701111,0.0701111,0.73947,0.681713,1.27472,1.13895
5.5,4.89298,0.425000,0.427241,0.625000,0.626631,360,4.11962,0.733219,3.44209,4.4155,7.00289,363.341,196.717,0.440123,0.440123,4.84916,3.95999,8.48597,7.34799
5.5,5.35636,0.475000,0.4727,0.625000,0.63,360,2.7866,0.484563,2.35138,3.68369,6.60217,363.341,196.717,0.342057,0.342057,4.23263,3.58201,7.54256,6.66673
5.5,5.78612,0.525000,0.513451,0.625000,0.630523,360,2.88604,1.06252,2.4133,0.933686,1.65449,363.341,196.717,0.090962,0.090962,0.994957,0.799249,1.79848,1.44862
5.5,4.5748,0.375000,0.393677,0.675000,0.67423,360,1.31778,0.704328,0.165976,0.360532,0.827183,363.341,196.717,0.144188,0.144188,0.717949,0.579596,1.2523,1.01915
5.5,4.88527,0.425000,0.428237,0.675000,0.673665,360,2.91648,0.475608,2.30694,3.88384,6.85885,363.341,196.717,0.538606,0.538606,4.97183,4.37851,8.82127,7.68723
5.5,5.28458,0.475000,0.469204,0.675000,0.666828,360,3.23221,0.763317,2.53903,2.62698,4.48911,363.341,196.717,0.33401,0.33401,3.77277,3.07012,6.79748,5.76746
5.5,4.82425,0.425000,0.419554,0.725000,0.71016,360,1.55626,0.495296,1.3809,0.818461,1.779,363.341,196.717,0.0553864,0.0553864,1.02719,0.939939,1.83056,1.53504
5.5,4.98293,0.475000,0.473574,0.375000,0.391766,550,6.73759,2.99287,6.43369,1.61343,2.23898,283.008,171.978,0.0476746,0.0476746,1.50571,1.25308,2.34612,2.03987
5.5,5.47902,0.525000,0.521564,0.375000,0.391958,550,5.05625,2.72555,4.7774,0.867843,1.29774,283.008,171.978,0.0324486,0.0324486,0.938712,0.784419,1.47065,1.24773
5.5,4.64621,0.425000,0.438523,0.425000,0.424694,550,4.73805,1.7066,4.55527,1.45358,2.21355,283.008,171.978,0.0382511,0.0382511,1.776,1.58508,2.80571,2.61766
5.5,4.95376,0.475000,0.476795,0.425000,0.424283,550,4.80355,0.930511,4.61052,5.32969,8.08475,283.008,171.978,0.163059,0.163059,6.74485,6.13838,10.7162,9.69771
5.5,5.33151,0.525000,0.523828,0.425000,0.426273,550,7.30317,1.64695,6.94727,6.36768,8.66838,283.008,171.978,0.222996,0.222996,7.09668,6.1456,11.3429,10.0501
5.5,5.67459,0.575000,0.571798,0.425000,0.429185,550,3.81392,0.973426,3.61045,3.08177,5.0023,283.008,171.978,0.111381,0.111381,3.90313,3.31934,6.25909,5.30418
5.5,6.02563,0.625000,0.617847,0.425000,0.431832,550,2.92128,1.21078,2.73656,1.04961,1.85262,283.008,171.978,0.0428488,0.0428488,1.17976,0.977572,1.89486,1.51674
5.5,4.64133,0.425000,0.438355,0.475000,0.47351,550,4.68556,1.84923,4.16211,1.08276,1.65407,283.008,171.978,0.0863714,0.0863714,1.48877,1.34521,2.42005,2.24255
5.5,4.95215,0.475000,0.477172,0.475000,0.472979,550,3.72619,0.706753,3.38254,4.24771,6.94398,283.008,171.978,0.273032,0.273032,5.91595,5.23319,9.69794,8.58259
5.5,5.31148,0.525000,0.525292,0.475000,0.473463,550,4.16811,0.778331,3.85217,5.08916,8.04334,283.008,171.978,0.264811,0.264811,6.97458,6.04576,11.5147,10.0961
5.5,5.61685,0.575000,0.572404,0.475000,0.473577,550,5.34088,1.31243,4.97239,4.02298,5.92634,283.008,171.978,0.198713,0.198713,4.93862,4.16264,8.18864,6.8732
5.5,4.92892,0.475000,0.480289,0.525000,0.511325,550,4.62916,1.71798,4.17513,1.18547,1.81725,283.008,171.978,0.0829895,0.0829895,1.78876,1.62001,3.00524,2.79207
5.5,5.24697,0.525000,0.526873,0.525000,0.518169,550,6.4329,1.97233,5.78649,2.6372,3.70161,283.008,171.978,0.198083,0.198083,3.49563,3.02947,5.94624,5.16111
5.5,5.5889,0.575000,0.569201,0.525000,0.516845,550,4.45836,1.46201,3.90009,1.87222,2.90122,283.008,171.978,0.14167,0.14167,2.51254,1.99831,4.30204,3.58622
5.5,4.64813,0.425000,0.43849,0.475000,0.482374,540,3.49811,1.52095,3.2435,0.772461,1.28765,384.769,171.704,0.048675,0.048675,0.945398,0.899217,1.54826,1.33518
5.5,4.97238,0.475000,0.474855,0.475000,0.48542,540,3.08641,0.694665,2.80363,2.55994,4.43929,384.769,171.704,0.136193,0.136193,2.90585,2.3906,4.80564,4.18486
5.5,5.43268,0.525000,0.521712,0.475000,0.486674,540,5.63455,1.86649,5.32606,1.95731,2.84236,384.769,171.704,0.0717312,0.0717312,1.99437,1.64167,3.33226,2.80196
5.5,4.63859,0.425000,0.437603,0.525000,0.523996,540,3.68416,1.20168,3.37646,1.16998,1.9193,384.769,171.704,0.0684417,0.0684417,1.41423,1.25026,2.3717,2.08631
5.5,4.94881,0.475000,0.476658,0.525000,0.523858,540,4.59905,0.834927,4.24968,4.61403,7.08624,384.769,171.704,0.242483,0.242483,5.56305,4.81365,9.41947,8.28009
5.5,5.32723,0.525000,0.524399,0.525000,0.525317,540,2.90613,0.458871,2.62527,4.97849,8.80209,384.769,171.704,0.303431,0.303431,6.34862,5.35714,10.8642,9.13344
5.5,5.6829,0.575000,0.567553,0.525000,0.523769,540,3.03223,0.713855,2.74367,2.41271,4.20779,384.769,171.704,0.139272,0.139272,2.79905,2.26027,4.82412,3.899
5.5,4.64152,0.425000,0.438375,0.575000,0.573097,540,4.84597,1.90239,4.33756,0.966236,1.46208,384.769,171.704,0.0617501,0.0617501,1.10601,0.945475,1.90172,1.78997
5.5,4.95092,0.475000,0.476827,0.575000,0.572552,540,2.40223,0.415825,2.07847,3.39026,6.37969,384.769,171.704,0.266295,0.266295,4.61761,3.87722,8.03809,6.86485
5.5,5.31511,0.525000,0.522813,0.575000,0.572346,540,2.98766,0.517787,2.59174,3.9331,6.89205,384.769,171.704,0.297973,0.297973,5.11274,4.08456,9.00368,7.48687
5.5,5.67927,0.575000,0.559089,0.575000,0.563377,540,3.5661,1.74637,3.01473,0.535421,0.887202,384.769,171.704,0.0476352,0.0476352,0.645296,0.516875,1.14012,0.976845
5.5,4.64293,0.425000,0.439103,0.625000,0.610354,540,2.30944,1.12365,2.15635,0.365276,0.696398,384.769,171.704,0.0168017,0.0168017,0.414531,0.364817,0.725714,0.575787
5.5,4.93326,0.475000,0.477038,0.625000,0.61511,540,4.43252,1.26215,3.93285,1.68882,2.62144,384.769,171.704,0.12667,0.12667,2.30646,1.95153,4.10046,3.55064
5.5,5.29824,0.525000,0.513063,0.625000,0.610254,540,4.21177,1.72549,3.67734,0.784189,1.23558,384.769,171.704,0.0655498,0.0655498,0.925961,0.764677,1.66013,1.38256
5.5,4.64357,0.425000,0.437899,0.575000,0.575382,530,2.89273,0.941396,2.58872,1.12175,1.98625,298.041,169.227,0.0735753,0.0735753,1.24987,1.05666,2.15231,1.82975
5.5,4.96949,0.475000,0.475463,0.575000,0.578716,530,3.0298,0.611158,2.613,3.08285,5.37788,298.041,169.227,0.269554,0.269554,3.57192,3.05149,6.2384,5.37659
5.5,5.4123,0.525000,0.52114,0.575000,0.580155,530,4.03164,0.964466,3.68529,2.66801,4.25875,298.041,169.227,0.152311,0.152311,2.52327,2.07346,4.46755,3.64967
5.5,4.64766,0.425000,0.43881,0.625000,0.624686,530,1.61686,0.569776,1.2811,0.814016,1.74721,298.041,169.227,0.0877066,0.0877066,1.17785,1.0164,2.07134,1.85467
5.5,4.94687,0.475000,0.475266,0.625000,0.621884,530,3.32996,0.645724,2.90114,3.40433,5.76302,298.041,169.227,0.259346,0.259346,4.0224,3.27392,7.16915,6.10811
5.5,5.31205,0.525000,0.513327,0.625000,0.612074,530,6.72188,3.35976,5.82593,1.05905,1.47049,298.041,169.227,0.0874161,0.0874161,1.20204,0.942801,2.15785,1.77232
5.5,4.63134,0.425000,0.436586,0.675000,0.665873,530,2.71926,1.36845,2.32685,0.434835,0.785579,298.041,169.227,0.0410077,0.0410077,0.558624,0.483474,0.997146,0.83898
5.5,4.76134,0.475000,0.479992,0.375000,0.388657,520,5.55939,2.30645,5.30256,1.01506,1.4793,461.197,272.206,0.0294698,0.0294698,1.24141,1.05275,1.91335,1.74168
5.5,5.13906,0.525000,0.522899,0.375000,0.390625,520,8.79388,4.01268,8.53842,1.41251,1.84518,461.197,272.206,0.0234603,0.0234603,1.417,1.14723,2.19364,1.94181
5.5,5.61634,0.575000,0.572517,0.375000,0.391008,520,4.91809,2.18129,4.77487,0.793848,1.19627,461.197,272.206,0.0184857,0.0184857,0.793104,0.676295,1.23216,0.992019
5.5,4.75996,0.475000,0.481889,0.425000,0.424255,520,5.76445,1.45773,5.41817,2.42062,3.49415,461.197,272.206,0.109223,0.109223,3.06187,2.69002,4.83386,4.24029
5.5,5.08457,0.525000,0.52584,0.425000,0.424241,520,4.16835,0.688709,3.89907,4.48866,7.09414,461.197,272.206,0.199797,0.199797,5.93879,5.12726,9.41204,8.17896
5.5,5.43777,0.575000,0.573858,0.425000,0.4262,520,5.61031,1.07316,5.30567,4.42504,6.43328,461.197,272.206,0.170826,0.170826,5.26524,4.49775,8.37009,7.21801
5.5,5.77408,0.625000,0.617286,0.425000,0.425958,520,6.93766,2.35715,6.58429,1.9577,2.6976,461.197,272.206,0.0748001,0.0748001,2.10314,1.71358,3.33839,2.66658
5.5,4.75974,0.475000,0.481986,0.475000,0.473033,520,4.69465,1.14743,4.21377,1.76661,2.69727,461.197,272.206,0.124903,0.124903,2.42181,2.20073,3.95323,3.77782
5.5,5.07445,0.525000,0.526043,0.475000,0.473344,520,4.87933,0.859996,4.36266,3.88385,5.86564,461.197,272.206,0.267952,0.267952,5.06035,4.30329,8.3167,7.41776
5.5,5.41637,0.575000,0.573687,0.475000,0.472283,520,4.75438,0.893804,4.27595,3.70827,5.64155,461.197,272.206,0.237803,0.237803,5.10437,4.20654,8.42105,7.22091
5.5,5.76654,0.625000,0.609735,0.475000,0.465832,520,3.15147,1.38937,2.86501,0.550252,0.947884,461.197,272.206,0.0340831,0.0340831,0.777432,0.656946,1.27961,1.03421
5.5,5.01108,0.525000,0.5284,0.525000,0.512459,520,8.43438,3.70068,7.41577,1.1393,1.50158,461.197,272.206,0.105468,0.105468,1.57991,1.35218,2.67037,2.28399
5.5,5.32997,0.575000,0.566621,0.525000,0.511234,520,8.32785,4.23056,7.3598,0.89913,1.18831,461.197,272.206,0.0606145,0.0606145,1.27504,1.01007,2.16458,1.86138
5.5,4.75903,0.475000,0.480264,0.475000,0.480485,510,2.63776,0.598696,2.40774,1.64838,3.00777,498.407,243.451,0.0859913,0.0859913,1.85535,1.56339,3.05021,2.61945
5.5,5.12567,0.525000,0.524375,0.475000,0.483782,510,3.21722,0.65404,2.99883,2.35323,4.02725,498.407,243.451,0.0967445,0.0967445,2.70196,2.21582,4.48294,3.7697
5.5,5.56205,0.575000,0.57116,0.475000,0.484789,510,3.68532,1.00134,3.3251,1.54108,2.52783,498.407,243.451,0.0901896,0.0901896,1.63657,1.26318,2.73648,2.1328
5.5,4.75658,0.475000,0.481543,0.525000,0.52421,510,3.62682,0.760592,3.23056,2.15718,3.55587,498.407,243.451,0.148542,0.148542,2.59012,2.10895,4.37669,3.59601
5.5,5.07758,0.525000,0.525519,0.525000,0.524225,510,2.98862,0.434658,2.69473,4.02525,7.05281,498.407,243.451,0.235634,0.235634,5.13046,4.21092,8.75008,7.38
5.5,5.44124,0.575000,0.566273,0.525000,0.519293,510,4.04684,0.893713,3.66268,2.19617,3.50164,498.407,243.451,0.12378,0.12378,2.60672,2.0764,4.46298,3.73719
5.5,4.76149,0.475000,0.48166,0.575000,0.574028,510,3.41806,0.748841,2.91955,1.64556,2.76295,498.407,243.451,0.151107,0.151107,2.00887,1.69441,3.4977,3.03478
5.5,5.06704,0.525000,0.520901,0.575000,0.568918,510,4.76574,1.03294,4.23551,2.30578,3.50552,498.407,243.451,0.161402,0.161402,2.7163,2.20645,4.76446,4.02513
5.5,4.74731,0.475000,0.481807,0.625000,0.607922,510,2.37509,1.06849,2.07545,0.305669,0.577367,498.407,243.451,0.0233775,0.0233775,0.462418,0.41128,0.820614,0.753713
5.5,4.76227,0.475000,0.481304,0.575000,0.575201,500,2.21707,0.502895,1.92185,1.88859,3.64975,333.597,176.721,0.13929,0.13929,2.14391,1.74822,3.73908,3.09534
5.5,5.0849,0.525000,0.518162,0.575000,0.573666,500,3.96861,0.998312,3.49408,2.04229,3.2754,333.597,176.721,0.147293,0.147293,2.06068,1.65933,3.62623,3.05525
5.5,4.74687,0.475000,0.478701,0.625000,0.615572,500,7.58945,3.55382,7.15452,1.00098,1.35059,333.597,176.721,0.043997,0.043997,1.0396,0.915571,1.84746,1.63582
5.5,4.77354,0.525000,0.524635,0.325000,0.341341,450,4.27804,1.21567,4.11787,1.00942,1.58317,1083.42,332.659,0.0251254,0.0251254,1.08916,0.951467,1.59721,1.45066
5.5,5.1945,0.575000,0.572285,0.325000,0.341751,450,5.68862,2.24361,5.48992,0.781038,1.13135,1083.42,332.659,0.0196585,0.0196585,0.823172,0.670165,1.20646,0.964771
5.5,4.76119,0.525000,0.52724,0.375000,0.374356,450,5.76323,0.988917,5.47893,3.2753,4.72814,1083.42,332.659,0.126795,0.126795,4.12586,3.74546,6.20696,5.59768
5.5,5.06882,0.575000,0.574386,0.375000,0.375065,450,7.46938,1.36906,7.05042,4.17004,5.64715,1083.42,332.659,0.171793,0.171793,5.13,4.43953,7.71019,6.77121
5.5,5.42685,0.625000,0.618416,0.375000,0.374552,450,6.87104,1.60876,6.53475,2.36854,3.2713,1083.42,332.659,0.0913954,0.0913954,2.99464,2.64968,4.48961,3.94058
5.5,4.51858,0.475000,0.491063,0.425000,0.418412,450,3.4899,1.40288,3.25931,0.324648,0.541566,1083.42,332.659,0.0143828,0.0143828,0.504439,0.450306,0.786461,0.719717
5.5,4.75278,0.525000,0.527473,0.425000,0.420823,450,5.65878,1.06848,5.29374,2.33044,3.38037,1083.42,332.659,0.112482,0.112482,3.15605,2.83638,4.93709,4.48138
5.5,5.04335,0.575000,0.574997,0.425000,0.422011,450,7.23594,1.37737,6.59034,3.27728,4.47105,1083.42,332.659,0.201848,0.201848,4.62974,4.00706,7.243,6.53103
5.5,4.92181,0.575000,0.571557,0.475000,0.45824,450,4.62679,2.04998,4.16532,0.348017,0.533567,1083.42,332.659,0.0328614,0.0328614,0.593936,0.588982,0.95716,0.878413
5.5,4.52139,0.475000,0.490713,0.425000,0.430009,440,3.40747,1.36209,3.15206,0.358703,0.602859,852.698,497.192,0.017461,0.017461,0.435533,0.387019,0.68557,0.635782
5.5,4.77397,0.525000,0.525601,0.425000,0.432751,440,4.57085,0.917599,4.37631,1.83547,2.8239,852.698,497.192,0.0495132,0.0495132,2.19268,1.8406,3.47085,3.06157
5.5,5.15861,0.575000,0.573089,0.425000,0.434611,440,6.65963,1.7189,6.2562,1.69029,2.35231,852.698,497.192,0.0627834,0.0627834,1.96516,1.5799,3.12433,2.66614
5.5,5.55745,0.625000,0.612655,0.425000,0.432039,440,6.86489,3.32152,6.61797,0.539336,0.745062,852.698,497.192,0.00953,0.00953,0.601917,0.434885,0.959057,0.780064
5.5,4.5123,0.475000,0.489954,0.475000,0.473404,440,2.90888,0.963933,2.79654,0.444984,0.786501,852.698,497.192,0.00991263,0.00991263,0.643818,0.528126,1.04544,0.89898
5.5,4.76629,0.525000,0.527321,0.475000,0.473756,440,5.67844,0.970268,5.31166,2.72421,3.94794,852.698,497.192,0.125537,0.125537,3.58654,3.14164,5.85816,5.24098
5.5,5.06659,0.575000,0.569685,0.475000,0.470731,440,4.20843,0.69656,3.8053,2.49329,3.92939,852.698,497.192,0.152627,0.152627,3.49001,2.84396,5.71056,4.74324
5.5,4.52397,0.475000,0.491346,0.525000,0.521539,440,2.19272,0.735441,2.05007,0.346553,0.672188,852.698,497.192,0.0136664,0.0136664,0.472196,0.40093,0.794786,0.650508
5.5,4.75295,0.525000,0.524994,0.525000,0.520907,440,6.2012,1.33883,5.33569,1.90124,2.6933,852.698,497.192,0.160311,0.160311,2.53202,2.03316,4.28785,3.69609
5.5,5.05684,0.575000,0.559833,0.525000,0.510442,440,3.83006,1.65245,3.40995,0.334414,0.542122,852.698,497.192,0.0239986,0.0239986,0.48886,0.392073,0.825587,0.649779
5.5,4.84762,0.525000,0.524982,0.475000,0.496001,430,1.2551,0.84586,1.2168,0.165701,0.386136,471.799,266.696,0.00297102,0.00297102,0.0985537,0.0844576,0.16391,0.111938
5.5,4.51577,0.475000,0.490373,0.525000,0.524295,430,3.48102,1.4635,2.99969,0.433165,0.723165,471.799,266.696,0.0330374,0.0330374,0.517341,0.436813,0.87291,0.858889
5.5,4.76434,0.525000,0.524017,0.525000,0.524465,430,3.02559,0.614971,2.73964,1.96225,3.42458,471.799,266.696,0.130944,0.130944,2.41993,2.10952,4.11249,3.38901
5.5,4.51856,0.475000,0.490297,0.575000,0.570247,430,2.55602,1.28327,2.30778,0.319906,0.589791,471.799,266.696,0.0137689,0.0137689,0.400369,0.274698,0.696436,0.53229
5.5,4.68969,0.525000,0.51282,0.575000,0.561371,430,2.69148,1.15472,2.44561,0.433696,0.786153,471.799,266.696,0.0224282,0.0224282,0.492533,0.368322,0.855949,0.620185
