Q2,Q2_corr,xbj,xbj_corr,z,z_corr,RunGroup,y_RD,error_RD,y_RD_rho,yield_neg,yield_pos,charge_neg,charge_pos,yield_neg_rho,yield_pos_rho,yield_neg_incnorad,yield_neg_incrad,yield_pos_incnorad,yield_pos_incrad,W2_corr,Wp2_corr,xprime_corr,zprime_corr,shms_p,Residual
4.0,3.41255,0.275,0.287134,0.375,0.373686,100.0,4.91852,1.03816,4.49105,11.4723,17.2874,91.8381,125.853,0.734042,0.734042,18.0277,16.9202,26.6802,25.8821,9.35832,6.10197,0.281077,0.365131,2.36843,-0.6346324331521356
4.0,3.78059,0.325,0.325361,0.375,0.376769,100.0,5.96769,0.814457,5.5873,32.568,46.5904,91.8381,125.853,1.47932,1.47932,42.9392,39.4637,64.6264,62.3665,8.72627,5.68119,0.317242,0.366963,2.33427,0.7343387704231081
4.0,4.2121,0.375,0.370503,0.375,0.380197,100.0,6.83378,1.22578,6.60667,22.2045,30.7079,91.8381,125.853,0.542809,0.542809,22.9662,20.5806,35.0925,32.2453,8.04359,5.22116,0.359668,0.368969,2.30425,1.3508177609329228
4.0,4.60704,0.425,0.41689,0.375,0.385148,100.0,3.27669,0.97183,3.15986,4.81986,8.20088,91.8381,125.853,0.123056,0.123056,4.62579,4.08089,7.152,6.06422,7.32982,4.72658,0.403937,0.372821,2.26924,-1.7804270452212752
4.0,3.40661,0.275,0.286871,0.425,0.423565,100.0,5.6406,1.17543,5.33572,10.0031,14.5222,91.8381,125.853,0.411638,0.411638,14.3963,14.2908,21.7829,22.783,9.35477,5.67586,0.280734,0.414115,2.68345,0.4902276468296566
4.0,3.76941,0.325,0.326544,0.425,0.423237,100.0,4.59586,0.503972,4.30595,32.52,49.9543,91.8381,125.853,1.64085,1.64085,43.1366,41.5198,66.3927,63.4846,8.66252,5.27918,0.315537,0.410406,2.60693,-0.5954230726273916
4.0,4.185,0.375,0.371533,0.425,0.423767,100.0,4.13678,0.532538,3.90077,24.4591,38.7439,91.8381,125.853,1.01892,1.01892,29.5011,26.9501,46.0736,42.2849,7.96565,4.86167,0.360882,0.411194,2.54639,-1.1385306939044637
4.0,4.60596,0.425,0.418281,0.425,0.424331,100.0,5.81822,1.56856,5.57824,7.63287,10.9913,91.8381,125.853,0.243746,0.243746,7.45165,6.88767,11.7766,10.9791,7.29145,4.4466,0.404533,0.410243,2.4923,0.7635029039498488
4.0,3.40986,0.275,0.28919,0.475,0.456171,100.0,1.82308,0.855707,1.39117,1.20426,2.48399,91.8381,125.853,0.185533,0.185533,2.36001,2.31036,3.6271,3.43095,9.26718,5.35332,0.282074,0.446083,2.8703,-3.373116716294424
4.0,3.7444,0.325,0.329254,0.475,0.464408,100.0,5.823,1.12647,5.38796,11.7127,16.8627,91.8381,125.853,0.704538,0.704538,15.676,15.1622,24.6104,24.0893,8.51747,4.88318,0.320741,0.45239,2.81811,1.2082304890451112
4.0,4.15054,0.375,0.372288,0.475,0.46825,100.0,4.90601,0.839478,4.57577,14.0575,21.1981,91.8381,125.853,0.689586,0.689586,15.9564,14.4887,25.4986,23.5981,7.88299,4.50233,0.361256,0.454536,2.7844,0.7320714110967054
4.0,4.59816,0.425,0.418439,0.475,0.471394,100.0,4.48429,1.12541,4.30182,5.96901,9.23416,91.8381,125.853,0.186853,0.186853,5.52461,4.99182,8.96656,7.92401,7.27597,4.13493,0.404421,0.455635,2.7635,0.29509796043755887
4.0,3.83507,0.325,0.323427,0.425,0.441053,90.0,8.12312,3.12922,7.90482,7.31197,9.7164,111.463,62.5913,0.142749,0.142749,8.74065,7.56052,13.5822,11.9916,8.90603,5.27303,0.315335,0.4309,2.78956,1.0864562690123454
4.0,3.4103,0.275,0.287066,0.475,0.473855,90.0,6.79563,1.81135,6.03728,10.3298,14.305,111.463,62.5913,0.900802,0.900802,14.7176,13.789,22.7999,21.7806,9.35595,5.24725,0.280631,0.463816,3.00417,1.2493678804349653
4.0,3.77388,0.325,0.325683,0.475,0.475105,90.0,5.46239,0.796705,5.15371,30.3135,44.3858,111.463,62.5913,1.28887,1.28887,40.2278,36.0018,63.5253,57.0013,8.70144,4.89411,0.31744,0.463245,2.93788,1.3787988851449131
4.0,4.19912,0.375,0.370528,0.475,0.477632,90.0,4.45886,0.731512,4.20469,20.4482,31.6858,111.463,62.5913,0.82076,0.82076,22.6783,19.784,36.4599,32.028,8.02021,4.50504,0.360444,0.464311,2.88785,0.35213456496107487
4.0,4.61113,0.425,0.416957,0.475,0.480903,90.0,3.27088,0.995701,3.12681,4.89365,8.3311,111.463,62.5913,0.154137,0.154137,4.73397,4.16193,7.73264,6.52113,7.33327,4.09889,0.403285,0.46555,2.837,-0.7933933004445647
4.0,3.41315,0.275,0.287356,0.525,0.523665,90.0,8.96039,2.69951,8.19557,10.2786,13.3745,111.463,62.5913,0.647412,0.647412,12.1694,10.7777,19.2454,17.4994,9.35087,4.82085,0.281381,0.512908,3.32005,1.8329189947594056
4.0,3.76915,0.325,0.326751,0.525,0.52364,90.0,4.45565,0.627519,3.99666,25.2437,39.1249,111.463,62.5913,1.87773,1.87773,35.6919,31.7989,57.6083,51.5622,8.65516,4.48942,0.318016,0.510251,3.2247,0.9392530211012553
4.0,4.19098,0.375,0.372064,0.525,0.523773,90.0,6.23928,1.11424,5.81651,22.2401,31.4566,111.463,62.5913,1.06058,1.06058,24.3663,20.62,40.0529,34.4459,7.95977,4.14178,0.361573,0.508956,3.14892,2.245379248259569
4.0,4.60351,0.425,0.417988,0.525,0.523896,90.0,6.42641,2.15895,5.97597,6.72952,9.448,111.463,62.5913,0.334486,0.334486,6.40831,5.3293,10.7051,8.95981,7.29551,3.79814,0.404359,0.507236,3.07921,1.2918270436956463
4.0,3.41664,0.275,0.28897,0.575,0.563872,90.0,4.1358,1.45989,3.22303,3.36097,5.32423,111.463,62.5913,0.557831,0.557831,4.69145,4.14418,7.53226,6.40739,9.29522,4.45251,0.281747,0.551355,3.55955,0.3667246392788829
4.0,3.75466,0.325,0.327921,0.575,0.569959,90.0,3.54536,0.598544,3.03329,14.1936,23.5616,111.463,62.5913,1.38021,1.38021,20.7359,18.2928,34.1035,30.5866,8.58382,4.09839,0.31957,0.555981,3.48363,0.2305104130332795
4.0,4.16584,0.375,0.371764,0.575,0.572305,90.0,3.99866,0.741556,3.55947,13.84,22.1463,111.463,62.5913,1.05357,1.05357,17.4875,14.7994,29.3664,24.4778,7.92476,3.78142,0.360646,0.556417,3.42266,0.9812434194531878
4.0,4.60333,0.425,0.418281,0.575,0.572921,90.0,3.26499,0.937797,2.93923,4.8063,8.18706,111.463,62.5913,0.334363,0.334363,4.90179,4.22341,8.38421,6.9385,7.28748,3.47592,0.404734,0.554198,3.36538,0.09840010143347412
4.0,4.09398,0.375,0.37398,0.625,0.611355,90.0,2.70015,1.02053,2.21375,2.62268,4.74909,111.463,62.5913,0.293009,0.293009,3.38883,2.8482,5.77971,4.80789,7.73734,3.42856,0.360584,0.593459,3.57193,-0.20283735477818068
4.0,3.41095,0.275,0.286406,0.525,0.532555,80.0,2.25325,0.57251,1.9474,5.25331,10.0977,108.44,94.6964,0.477786,0.477786,8.41577,7.58066,13.3508,11.2382,9.3845,4.76229,0.280142,0.52159,3.38501,-2.9208137639148393
4.0,3.81008,0.325,0.32331,0.525,0.535706,80.0,4.34773,0.866549,3.92101,11.4915,17.9381,108.44,94.6964,0.759643,0.759643,14.293,12.2723,23.1635,20.3404,8.85894,4.48783,0.315276,0.522898,3.36862,0.6823473195980041
4.0,4.27733,0.375,0.366917,0.525,0.538565,80.0,3.08453,0.936672,2.82958,4.30713,7.47063,108.44,94.6964,0.220281,0.220281,4.33722,3.522,7.17347,5.7847,8.26701,4.18086,0.357171,0.524076,3.35063,-0.5556811981469438
4.0,3.41176,0.275,0.287083,0.575,0.574183,80.0,2.88625,0.606698,2.37253,7.67267,13.5956,108.44,94.6964,0.853626,0.853626,11.9294,10.3345,19.212,17.0892,9.35864,4.39364,0.281199,0.562307,3.64275,-1.0218709546739873
4.0,3.77402,0.325,0.326098,0.575,0.574857,80.0,4.00371,0.50675,3.49404,24.856,39.7585,108.44,94.6964,2.15489,2.15489,32.4413,28.5714,53.4293,48.1729,8.68689,4.09951,0.317751,0.560848,3.55182,1.259106483280838
4.0,4.20147,0.375,0.371329,0.575,0.576209,80.0,3.62575,0.561355,3.20149,17.6226,29.0516,108.44,94.6964,1.29049,1.29049,20.1331,16.5435,33.8585,28.4136,7.99981,3.78158,0.361141,0.560162,3.47998,0.6956028245642502
4.0,4.60559,0.425,0.417076,0.575,0.578486,80.0,2.90798,0.897211,2.62299,4.29587,7.59364,108.44,94.6964,0.23196,0.23196,4.47814,3.57172,7.67445,6.53902,7.32309,3.45106,0.403638,0.559786,3.40961,-0.24020872618929934
4.0,3.41179,0.275,0.287154,0.625,0.623877,80.0,3.44162,0.736491,3.00953,7.09561,11.8882,108.44,94.6964,0.545935,0.545935,9.59791,8.01573,15.657,13.6474,9.3559,3.96447,0.281203,0.610535,3.95738,0.555547567913832
4.0,3.766,0.325,0.326282,0.625,0.623861,80.0,3.97707,0.508014,3.32364,23.1453,37.0965,108.44,94.6964,2.39427,2.39427,29.0921,24.1794,48.6377,42.0232,8.66485,3.70546,0.317866,0.60818,3.84511,2.102573864661878
4.0,4.18451,0.375,0.371283,0.625,0.623784,80.0,2.62602,0.358438,2.14715,16.1544,29.5199,108.44,94.6964,1.88572,1.88572,18.4887,16.185,31.6148,27.4241,7.97241,3.42872,0.360625,0.606208,3.75342,-0.49008976638806057
4.0,4.58054,0.425,0.414866,0.625,0.621613,80.0,3.25465,1.04309,2.86432,3.79918,6.47803,108.44,94.6964,0.285337,0.285337,4.36557,3.56786,7.60534,6.20754,7.34485,3.18187,0.401163,0.600851,3.66343,0.4932039950042307
4.0,3.41371,0.275,0.288043,0.675,0.669305,80.0,3.16647,0.753082,2.22046,4.89705,8.42309,108.44,94.6964,0.927211,0.927211,5.91143,5.0665,9.73592,8.56597,9.32399,3.56688,0.282018,0.655282,4.23514,0.7229737904701266
4.0,3.7613,0.325,0.326367,0.675,0.671802,80.0,2.14414,0.291806,1.51435,14.4824,28.3009,108.44,94.6964,2.54984,2.54984,20.7942,17.8936,35.1384,29.4975,8.65157,3.32583,0.318049,0.655533,4.13445,-1.1819978149928974
4.0,4.17087,0.375,0.367854,0.675,0.667077,80.0,2.94951,0.520466,2.51471,10.0349,17.6573,108.44,94.6964,0.942493,0.942493,10.9356,8.79895,18.8745,14.4838,8.0514,3.15048,0.356844,0.647886,4.03816,0.987123117069768
4.0,3.4077,0.275,0.286363,0.625,0.626323,70.0,3.93665,0.840316,3.31871,7.65361,12.3047,130.017,102.151,0.858754,0.858754,9.02817,8.05681,14.7414,13.1152,9.37822,3.95388,0.280287,0.612848,3.97892,1.0995004326247277
4.0,3.80071,0.325,0.323724,0.625,0.630556,70.0,2.23968,0.35341,1.7697,12.233,23.5611,130.017,102.151,1.54912,1.54912,17.5728,15.2329,29.3666,25.2658,8.82461,3.71076,0.315925,0.615896,3.95122,-1.7423177360131952
4.0,4.2627,0.375,0.367315,0.625,0.633612,70.0,2.18771,0.51611,1.82884,5.45559,10.5899,130.017,102.151,0.506132,0.506132,6.04854,5.05294,10.3459,8.77077,8.22945,3.45768,0.357221,0.616728,3.92531,-1.0375142755792868
4.0,3.40909,0.275,0.287001,0.675,0.673902,70.0,1.72644,0.376038,1.11595,5.77805,12.1358,130.017,102.151,1.14885,1.14885,9.46637,8.1358,15.5948,12.819,9.35574,3.53574,0.280739,0.659702,4.27417,-2.2848246926163736
4.0,3.76914,0.325,0.325942,0.675,0.67375,70.0,2.33606,0.283096,1.68608,19.7814,37.5702,130.017,102.151,3.15723,3.15723,26.4644,21.9598,44.7094,37.6434,8.68277,3.31884,0.318037,0.657314,4.16064,-0.4858650287044536
4.0,4.18867,0.375,0.367155,0.675,0.669264,70.0,2.84687,0.507529,2.23603,10.2029,18.1597,130.017,102.151,1.35961,1.35961,11.4403,9.26797,19.7408,15.4944,8.10477,3.15113,0.356009,0.650381,4.07679,0.8434255463468515
4.0,3.40576,0.275,0.286349,0.725,0.718017,70.0,1.78784,0.466581,1.14924,3.75863,7.8033,130.017,102.151,0.694926,0.694926,5.7675,4.74801,9.54091,8.07941,9.37414,3.16701,0.280257,0.703445,4.56028,-0.9234218952943989
4.0,3.7395,0.325,0.318795,0.725,0.710668,70.0,1.59656,0.353948,0.865161,5.01577,10.8109,130.017,102.151,1.31875,1.31875,7.19655,6.36628,12.1669,9.92867,8.87419,3.09081,0.30829,0.693809,4.45067,-1.6691877654268605
4.0,3.45877,0.325,0.327552,0.425,0.437112,400.0,5.56863,1.32914,5.09877,10.3213,15.0352,120.391,75.3767,0.614724,0.614724,12.7577,11.2668,19.6003,17.8423,7.98636,4.77748,0.318658,0.425249,2.46151,0.6147518066570034
4.0,3.92221,0.375,0.373351,0.425,0.43845,400.0,8.75941,3.24111,8.19208,7.91695,10.3506,120.391,75.3767,0.327901,0.327901,10.2165,8.71161,15.9709,14.5531,7.46672,4.47315,0.361858,0.425417,2.45587,1.2862281128132924
4.0,4.32816,0.425,0.41671,0.425,0.440665,400.0,5.11404,2.21555,4.95087,3.15669,4.7056,120.391,75.3767,0.0636988,0.0636988,2.81553,2.29988,4.46261,3.79915,6.94425,4.15785,0.402693,0.425319,2.44041,0.29441263617361024
4.0,3.45288,0.325,0.330053,0.475,0.473762,400.0,5.00492,0.826063,4.61331,18.36,27.5324,120.391,75.3767,1.07832,1.07832,25.7351,23.4531,40.367,37.0234,7.89649,4.46837,0.320772,0.460652,2.64464,0.7748959269207881
4.0,3.81482,0.375,0.374866,0.475,0.47523,400.0,4.28365,0.565125,3.97814,28.2393,44.2734,120.391,75.3767,1.38665,1.38665,37.4909,32.3257,59.8117,52.0518,7.2477,4.1154,0.363097,0.460101,2.57955,0.12114924803158365
4.0,4.19329,0.425,0.421534,0.475,0.47805,400.0,3.83776,0.602326,3.54857,19.0167,30.8094,120.391,75.3767,1.00856,1.00856,20.332,17.3638,32.901,27.421,6.63983,3.76517,0.406798,0.461049,2.53577,-0.40186533674742236
4.0,4.54047,0.475,0.468866,0.475,0.481168,400.0,3.16963,0.905974,2.93649,5.56555,9.56991,120.391,75.3767,0.264346,0.264346,5.69282,4.72977,9.32634,7.62104,6.02859,3.40466,0.450832,0.462299,2.48428,-0.8769517818633149
4.0,3.44934,0.325,0.32975,0.525,0.523582,400.0,4.39055,0.739344,3.82854,14.3441,22.327,120.391,75.3767,1.22424,1.22424,20.7076,18.4398,33.3327,31.395,7.89884,4.11522,0.32074,0.509351,2.92324,0.7186147154040408
4.0,3.80068,0.375,0.376057,0.525,0.523415,400.0,5.13268,0.7082,4.67031,26.5278,39.5048,120.391,75.3767,1.80201,1.80201,33.4683,29.3888,54.8649,47.5387,7.19297,3.77883,0.36388,0.50625,2.82307,1.977457212565312
4.0,4.14387,0.425,0.421908,0.525,0.524087,400.0,4.44282,0.66452,4.11794,21.4769,33.3146,120.391,75.3767,1.01886,1.01886,22.5997,18.5873,37.5963,31.5654,6.56276,3.45708,0.406972,0.505188,2.74628,1.2259785034310107
4.0,4.5034,0.475,0.467931,0.525,0.521243,400.0,6.71773,2.03362,6.05475,8.11938,11.2755,120.391,75.3767,0.496314,0.496314,7.09102,5.61402,11.924,9.91517,6.00467,3.18181,0.447307,0.499017,2.67614,1.5439394209166302
4.0,3.44895,0.325,0.333731,0.575,0.563306,400.0,4.12194,1.11141,3.43376,5.2681,8.3537,120.391,75.3767,0.591736,0.591736,6.70541,5.80116,11.0152,9.76002,7.77364,3.7843,0.323993,0.547896,3.10692,0.598969009012347
4.0,3.75306,0.375,0.376598,0.575,0.569918,400.0,5.88384,1.16672,5.00308,15.0248,21.5726,120.391,75.3767,1.49557,1.49557,18.9527,15.7592,31.8276,27.4066,7.10008,3.44498,0.36421,0.551662,3.03082,2.2286366428166717
4.0,4.11825,0.425,0.420237,0.575,0.568663,400.0,3.72795,0.7102,3.2755,10.8657,17.7603,120.391,75.3767,0.933846,0.933846,13.5413,11.7896,23.1079,19.6963,6.5648,3.20429,0.403973,0.547216,2.97312,0.7311433043907642
4.0,3.45342,0.325,0.327966,0.525,0.529611,390.0,5.83787,1.39959,5.14625,13.4869,19.404,107.597,55.8068,1.03563,1.03563,17.0131,14.3805,27.4551,24.5663,7.96295,4.10311,0.319072,0.515791,2.97575,1.452785594179566
4.0,3.89409,0.375,0.373287,0.525,0.532383,390.0,6.19691,1.6414,5.6353,12.7388,18.0489,107.597,55.8068,0.771184,0.771184,15.8426,13.0315,26.1055,22.0748,7.42106,3.82557,0.361918,0.516069,2.96219,1.5511437098586474
4.0,4.30673,0.425,0.418003,0.525,0.535886,390.0,4.46353,1.66554,4.03292,4.9905,7.73076,107.597,55.8068,0.290014,0.290014,4.83411,3.79921,8.1088,6.63342,6.88265,3.54086,0.403693,0.517834,2.94589,0.5653086771905708
4.0,3.45154,0.325,0.329967,0.575,0.574308,390.0,3.9882,0.695536,3.43269,16.1297,25.8303,107.597,55.8068,1.52995,1.52995,20.9314,18.1974,34.4767,30.3999,7.89648,3.75254,0.320858,0.558718,3.20694,0.9011772479355313
4.0,3.80732,0.375,0.375261,0.575,0.57491,390.0,3.89441,0.574415,3.32891,25.5308,41.1797,107.597,55.8068,2.30057,2.30057,31.6506,25.6614,53.2705,44.4083,7.22536,3.46243,0.362616,0.556533,3.1132,1.1399655021417914
4.0,4.19173,0.425,0.419485,0.575,0.574281,390.0,4.35627,0.9076,3.89413,14.1757,22.1153,107.597,55.8068,0.90763,0.90763,15.3775,12.5032,26.3098,22.7245,6.68455,3.22067,0.404221,0.553342,3.06175,1.320245627857809
4.0,3.45115,0.325,0.330207,0.625,0.623069,390.0,4.88099,0.953677,3.83576,14.0702,21.2477,107.597,55.8068,1.9385,1.9385,17.1813,14.3514,28.8347,25.3026,7.88815,3.40134,0.320955,0.606389,3.4769,2.069716468861621
4.0,3.80466,0.375,0.373142,0.625,0.620532,390.0,3.08529,0.493904,2.52798,16.7121,28.9845,107.597,55.8068,1.88315,1.88315,22.6081,18.9703,38.754,32.9624,7.27577,3.18835,0.360986,0.600758,3.37741,0.5218960027970178
4.0,4.2141,0.425,0.412254,0.625,0.612177,390.0,3.34002,1.19418,2.9254,3.3347,5.63978,107.597,55.8068,0.306027,0.306027,3.90889,3.49324,6.7881,5.75959,6.89114,3.08627,0.391424,0.585856,3.34007,0.42902815151426915
4.0,3.43474,0.325,0.327693,0.675,0.662209,390.0,2.95439,0.788938,2.05207,4.99911,8.79168,107.597,55.8068,0.922472,0.922472,6.26724,5.2224,10.6338,9.13409,7.93318,3.14147,0.317954,0.644702,3.70573,0.488387562995505
4.0,3.81404,0.375,0.363462,0.675,0.657048,390.0,5.0603,2.70415,4.02692,1.93174,2.888,107.597,55.8068,0.276821,0.276821,2.26798,1.88407,3.91321,3.22862,7.56163,3.05513,0.316021,0.632893,3.67958,0.9357234336631108
4.0,3.45698,0.325,0.329346,0.625,0.626301,380.0,2.74246,0.507489,2.01665,12.0485,21.7068,107.933,61.4134,1.95601,1.95601,16.5234,14.2901,27.7458,24.8137,7.92645,3.39579,0.320661,0.609566,3.50939,-0.27158096706427065
4.0,3.87229,0.375,0.371602,0.625,0.62744,380.0,4.74198,1.03639,3.8421,12.7814,19.4593,107.933,61.4134,1.59059,1.59059,15.3878,12.6068,26.4116,22.0722,7.43082,3.19841,0.359775,0.608711,3.4887,1.903309570761296
4.0,4.28443,0.425,0.410396,0.625,0.619353,380.0,3.18845,1.55929,2.57537,1.92376,3.30166,107.933,61.4134,0.232571,0.232571,2.06565,1.75345,3.59723,3.12643,7.03773,3.09726,0.395577,0.596804,3.45023,0.2699409442985312
4.0,3.43194,0.325,0.326377,0.675,0.666136,380.0,3.58348,0.835464,2.65219,8.27043,13.6836,107.933,61.4134,1.54971,1.54971,10.8544,9.26647,18.4106,14.8132,7.97058,3.12731,0.316702,0.648533,3.7405,1.2503862961171395
4.0,3.80049,0.375,0.362334,0.675,0.657376,380.0,5.63077,3.03632,4.38019,2.18751,3.17722,107.933,61.4134,0.364161,0.364161,2.72944,2.41533,4.71123,4.17498,7.56958,3.05677,0.327707,0.63298,3.67985,1.0213793424783528
4.0,3.17935,0.325,0.337811,0.325,0.340202,140.0,5.25436,2.59415,4.62323,2.49495,3.69169,131.166,72.0861,0.292892,0.292892,5.69208,5.77175,8.12371,7.70937,7.11644,4.88235,0.327522,0.329685,1.70457,-0.1610146644053047
4.0,3.4861,0.375,0.373966,0.325,0.341749,140.0,4.07344,1.2555,3.80912,5.61736,8.93899,131.166,72.0861,0.238767,0.238767,9.36956,8.22778,13.5331,12.4784,6.71935,4.6104,0.361444,0.330121,1.69569,-1.1599583398323416
4.0,3.9451,0.425,0.423084,0.325,0.341949,140.0,7.03446,3.23221,6.80218,3.93872,5.40941,131.166,72.0861,0.11743,0.11743,5.31008,4.95678,7.75718,6.98629,6.26283,4.30517,0.406986,0.328747,1.69712,0.5082390210685549
4.0,3.43177,0.375,0.376533,0.375,0.374812,140.0,4.4558,0.618534,4.15962,25.9785,40.2634,131.166,72.0861,1.26959,1.26959,37.6343,34.2353,55.4709,50.7714,6.56883,4.32618,0.363191,0.361003,1.81977,-1.2265426280871436
4.0,3.77607,0.425,0.424028,0.375,0.377242,140.0,4.88442,0.736281,4.58347,25.1198,37.9264,131.166,72.0861,1.10703,1.10703,34.6262,31.2379,51.5344,47.6941,6.01363,3.96279,0.40721,0.361762,1.78824,-0.24621587135308992
4.0,4.11058,0.475,0.471877,0.375,0.379762,140.0,6.92575,1.64492,6.71309,15.2627,21.0398,131.166,72.0861,0.353891,0.353891,16.817,14.6931,25.1416,22.0611,5.48581,3.61025,0.450794,0.362085,1.76067,1.2053863964746725
4.0,4.4049,0.525,0.518935,0.375,0.382401,140.0,8.20096,3.58711,7.81659,5.61525,7.44611,131.166,72.0861,0.174591,0.174591,4.96951,4.16126,7.4543,6.51937,4.96727,3.25902,0.493061,0.363134,1.72757,0.937084895479859
4.0,3.16808,0.325,0.338366,0.425,0.419415,140.0,4.47321,1.30094,4.0334,4.68397,7.25137,131.166,72.0861,0.397073,0.397073,8.77895,8.45363,13.1978,12.0808,7.07937,4.36041,0.328083,0.406387,2.09308,-0.3254309163221073
4.0,3.42575,0.375,0.377791,0.425,0.42179,140.0,7.33802,1.27947,6.7188,22.2749,30.2894,131.166,72.0861,1.32472,1.32472,29.894,26.9693,45.5131,43.1846,6.52915,4.03314,0.366412,0.408574,2.03876,2.0244653174812193
4.0,3.71415,0.425,0.425235,0.425,0.423019,140.0,5.4645,0.788903,5.12732,26.9489,39.4552,131.166,72.0861,1.22062,1.22062,35.8853,31.9624,55.1056,49.7068,5.90631,3.66358,0.408106,0.405513,1.96894,1.0726489884362425
4.0,3.99055,0.475,0.472535,0.425,0.423179,140.0,6.94359,1.31589,6.57619,21.7045,29.9015,131.166,72.0861,0.802471,0.802471,23.1746,19.9939,35.8155,31.901,5.33842,3.3195,0.450656,0.402915,1.90395,1.8383151905509014
4.0,4.33828,0.525,0.513796,0.425,0.418992,140.0,4.76885,1.56327,4.48892,5.13894,7.81136,131.166,72.0861,0.204712,0.204712,5.27213,4.50588,8.15324,7.12839,4.9875,3.1191,0.48441,0.389342,1.88487,0.17240488045746497
4.0,3.36833,0.375,0.383347,0.475,0.459752,140.0,4.00862,1.42878,3.6358,2.89934,4.63595,131.166,72.0861,0.207652,0.207652,4.15399,3.90345,6.48688,6.00471,6.30371,3.70473,0.369267,0.443543,2.15391,-0.2393950015732246
4.0,3.61106,0.425,0.427756,0.475,0.467865,140.0,5.35361,1.24764,4.94913,9.64457,14.1985,131.166,72.0861,0.542263,0.542263,13.122,11.6917,20.7795,18.5974,5.71675,3.33721,0.409618,0.447871,2.10505,0.9502126877471389
4.0,3.94457,0.475,0.468877,0.475,0.464121,140.0,4.97143,1.34974,4.48027,6.49155,9.75285,131.166,72.0861,0.513532,0.513532,8.24803,7.60448,13.1504,11.8559,5.34847,3.14373,0.440967,0.437966,2.07993,0.6237715416382493
4.0,3.17431,0.325,0.337606,0.425,0.430952,130.0,3.51909,1.07304,3.23637,4.48908,7.46915,154.833,64.4966,0.247772,0.247772,9.78022,9.02151,14.8277,14.1334,7.11241,4.30819,0.327283,0.417677,2.15987,-1.1762082546759247
4.0,3.46193,0.375,0.374143,0.425,0.434447,130.0,3.44873,0.676142,3.16892,11.1465,18.6632,154.833,64.4966,0.609891,0.609891,18.2533,16.4555,28.0908,26.0029,6.67508,4.03962,0.361009,0.419692,2.14227,-1.7476214257047074
4.0,3.91215,0.425,0.423475,0.425,0.434677,130.0,3.12178,0.793674,2.85163,7.06105,12.2004,154.833,64.4966,0.391215,0.391215,12.3163,10.5723,19.2217,16.7008,6.2092,3.77091,0.407135,0.41842,2.13968,-1.7448789884209377
4.0,4.25486,0.475,0.468176,0.425,0.438256,130.0,7.44866,3.931,7.07169,3.35512,4.54647,154.833,64.4966,0.11372,0.11372,3.15593,2.62751,4.97067,4.29149,5.71821,3.46455,0.447849,0.4196,2.12277,0.7792542127972906
4.0,3.17435,0.325,0.338423,0.475,0.474296,130.0,3.8368,1.00302,3.2873,6.06473,9.82634,154.833,64.4966,0.663261,0.663261,11.9769,10.5917,18.6656,15.6181,7.08996,4.02018,0.328257,0.459362,2.37254,-0.49514807865321986
4.0,3.42595,0.375,0.37669,0.475,0.473961,130.0,4.68138,0.715122,4.17389,20.8522,31.863,154.833,64.4966,1.70581,1.70581,32.045,29.7283,50.6477,47.3425,6.55582,3.74752,0.363393,0.456982,2.29909,0.6389456097334866
4.0,3.75292,0.425,0.42418,0.475,0.47573,130.0,3.71744,0.524886,3.3705,23.5156,38.4701,154.833,64.4966,1.51442,1.51442,33.1286,28.1023,53.0444,44.0507,5.9791,3.43068,0.407469,0.456748,2.24358,-0.723882711300444
4.0,4.13054,0.475,0.469297,0.475,0.474755,130.0,3.04769,0.588732,2.76771,10.662,18.5643,154.833,64.4966,0.614204,0.614204,13.0306,11.1949,21.0509,18.5515,5.55401,3.19932,0.448018,0.45258,2.22707,-1.6601933007544383
4.0,3.17271,0.325,0.338435,0.525,0.522021,130.0,6.39454,2.39436,5.46853,4.1382,5.81709,154.833,64.4966,0.447372,0.447372,8.21503,7.52532,13.1753,12.4212,7.08643,3.71456,0.3279,0.506398,2.61049,1.062779680977126
4.0,3.4225,0.375,0.37698,0.525,0.523621,130.0,3.41661,0.485942,2.99382,17.8266,29.9353,154.833,64.4966,1.44061,1.44061,26.1226,22.4865,42.6009,37.2209,6.54291,3.45397,0.36389,0.505117,2.53621,-0.6430715835758618
4.0,3.74771,0.425,0.422602,0.525,0.521423,130.0,3.53056,0.528845,3.19225,18.0212,29.9544,154.833,64.4966,1.1443,1.1443,25.7276,21.7058,42.5072,35.6627,6.00296,3.2043,0.405021,0.499804,2.46613,-0.23065682221829387
4.0,4.16497,0.475,0.462657,0.525,0.515394,130.0,2.54028,0.839213,2.27821,3.16606,5.84896,154.833,64.4966,0.195992,0.195992,4.33824,3.6434,7.22019,6.08753,5.71798,3.08945,0.435765,0.482735,2.47411,-1.3121426242182614
4.0,3.17295,0.325,0.337993,0.525,0.525027,120.0,3.77851,1.13641,3.02202,5.62385,9.15457,88.5775,67.6945,0.717046,0.717046,10.7564,9.00829,17.3076,14.939,7.09896,3.70735,0.327826,0.509029,2.62907,-0.03756221180874051
4.0,3.45238,0.375,0.374907,0.525,0.528608,120.0,6.19051,1.34456,5.50769,16.2669,23.0537,88.5775,67.6945,1.14428,1.14428,22.1583,18.6954,36.2541,32.6822,6.64106,3.46929,0.361566,0.510759,2.59608,1.8633370735262282
4.0,3.87901,0.425,0.422444,0.525,0.529194,120.0,3.87325,0.841779,3.45584,11.1664,18.0405,88.5775,67.6945,0.815669,0.815669,15.0416,12.5681,25.0251,20.6283,6.18543,3.24699,0.405772,0.508865,2.59061,0.3508775162234936
4.0,3.16859,0.325,0.337946,0.575,0.573931,120.0,9.27798,4.24187,7.44044,5.35132,6.9133,88.5775,67.6945,0.725992,0.725992,9.41731,7.93079,15.5565,13.633,7.09204,3.39033,0.327859,0.555908,2.87148,1.3989018807577662
4.0,3.42369,0.375,0.37477,0.575,0.571849,120.0,3.98953,0.678395,3.3592,17.0635,27.3231,88.5775,67.6945,1.76612,1.76612,23.6867,19.9155,39.7602,34.0443,6.59689,3.19872,0.361451,0.551949,2.78771,1.0599320049143757
4.0,3.82025,0.425,0.416103,0.575,0.564533,120.0,3.62355,0.990261,2.95425,6.02174,9.92895,88.5775,67.6945,0.706798,0.706798,8.83793,7.45465,15.0077,13.0577,6.24133,3.08578,0.397038,0.54107,2.76468,0.3725868864167529
4.0,3.1676,0.325,0.337357,0.625,0.617724,120.0,3.90193,1.62955,2.46051,2.42419,3.9078,88.5775,67.6945,0.613067,0.613067,5.24513,4.70748,8.82801,8.23396,7.10645,3.11963,0.327058,0.599887,3.09551,0.5913781849336022
4.0,3.30457,0.375,0.37903,0.325,0.338537,350.0,6.58991,2.20442,6.2047,5.31784,7.41977,167.857,90.7974,0.25617,0.25617,10.0527,9.61844,14.3045,13.7327,6.29855,4.34032,0.365564,0.326025,1.57039,0.4747433252866603
4.0,3.65849,0.425,0.423205,0.325,0.340161,350.0,7.31146,2.53786,6.90058,5.73051,7.79892,167.857,90.7974,0.232838,0.232838,8.98433,7.95746,12.907,11.779,5.86901,4.0471,0.406068,0.326574,1.56399,0.7503685218556911
4.0,3.29851,0.375,0.381243,0.375,0.373756,350.0,5.33349,0.964713,4.94743,12.5514,18.4966,167.857,90.7974,0.705226,0.705226,21.4726,20.2223,31.3892,29.8888,6.23925,4.11018,0.36721,0.359362,1.72213,0.126773613421902
4.0,3.56557,0.425,0.425171,0.375,0.375148,350.0,6.53531,1.00073,6.20121,23.3338,32.6235,167.857,90.7974,0.881743,0.881743,31.1789,28.3567,45.8549,42.904,5.7057,3.77308,0.407414,0.358751,1.67476,1.4514042379615337
4.0,3.89258,0.475,0.473417,0.375,0.377519,350.0,5.62627,0.917321,5.39348,18.7935,27.3022,167.857,90.7974,0.598943,0.598943,24.6539,22.4497,36.442,33.2433,5.2133,3.44828,0.451204,0.359117,1.65115,0.7258425725627042
4.0,4.24419,0.525,0.518535,0.375,0.375734,350.0,7.26137,2.09377,6.87325,8.29756,11.3107,167.857,90.7974,0.326287,0.326287,9.06812,8.01772,13.4085,12.1154,4.82319,3.20188,0.491179,0.35414,1.63625,1.12725400014534
4.0,3.29742,0.375,0.382415,0.425,0.419107,350.0,6.29352,1.44976,5.75292,7.77198,10.9688,167.857,90.7974,0.48938,0.48938,11.9201,11.2412,17.9822,17.83,6.21091,3.84687,0.367972,0.403219,1.92547,1.0561424006621951
4.0,3.54319,0.425,0.426318,0.425,0.421966,350.0,6.73186,1.10703,6.01653,17.3802,24.1238,167.857,90.7974,1.38246,1.38246,22.7487,21.5472,34.6474,34.3092,5.65373,3.51366,0.408418,0.403644,1.86828,1.9019808630928832
4.0,3.83157,0.475,0.472268,0.425,0.421221,350.0,5.07895,0.803661,4.71076,16.1843,24.1714,167.857,90.7974,0.867857,0.867857,21.7498,19.5292,33.2968,30.1218,5.16402,3.22779,0.449051,0.399608,1.81986,0.6660646780184603
4.0,4.26086,0.525,0.512872,0.425,0.41618,350.0,7.49724,3.09804,6.94329,3.61879,4.89643,167.857,90.7974,0.2198,0.2198,4.22398,3.70251,6.48971,5.56414,4.92909,3.1033,0.478606,0.378343,1.84169,0.9586015928716571
4.0,3.46306,0.425,0.431262,0.475,0.460364,350.0,5.04725,1.67572,5.02373,2.84294,4.25331,167.857,90.7974,0.014317,0.014317,3.40751,3.56615,5.34118,5.10198,5.45197,3.22718,0.410271,0.439385,1.96981,0.4845252673234786
4.0,3.7147,0.475,0.46388,0.475,0.458363,350.0,5.93051,3.18395,4.366,1.56901,2.24819,167.857,90.7974,0.259518,0.259518,2.40537,2.12538,3.7913,3.78589,5.17405,3.07918,,,1.95521,0.5453861018652654
4.0,3.30364,0.375,0.379813,0.425,0.429619,340.0,4.2883,0.947747,3.83151,9.48428,14.8646,163.336,72.9859,0.7384,0.7384,16.9355,14.9712,25.8034,22.5415,6.27963,3.82796,0.366013,0.414042,1.99124,-0.39637326051441485
4.0,3.63118,0.425,0.423581,0.425,0.432724,340.0,5.7549,1.31751,5.43674,11.8071,17.0509,163.336,72.9859,0.427677,0.427677,17.4474,14.7563,26.911,23.8701,5.82468,3.55346,0.406205,0.415002,1.97575,0.9329093311090431
4.0,4.04689,0.475,0.472558,0.425,0.432982,340.0,7.29127,2.45069,6.95571,7.51665,10.2364,163.336,72.9859,0.257991,0.257991,10.2438,8.70991,15.9674,13.5899,5.39984,3.3034,0.452985,0.41391,1.97485,1.167981057529728
4.0,4.36026,0.525,0.510712,0.425,0.432315,340.0,1.91159,1.04746,1.78518,1.32686,2.69401,163.336,72.9859,0.0443459,0.0443459,1.5147,1.18029,2.37369,1.87427,5.0603,3.10671,0.484565,0.406521,1.9659,-2.351962298130141
4.0,3.29885,0.375,0.381496,0.475,0.473531,340.0,3.34324,0.629576,2.83389,10.0871,17.0545,163.336,72.9859,1.03691,1.03691,18.7719,16.283,29.5376,25.4141,6.23404,3.562,0.367613,0.456009,2.18331,-1.3876506255434091
4.0,3.56363,0.425,0.425161,0.475,0.473386,340.0,5.00978,0.811997,4.5398,18.7235,28.07,163.336,72.9859,1.25323,1.25323,26.753,23.7238,42.5834,38.514,5.70313,3.2865,0.40747,0.453228,2.11532,1.097489546421067
4.0,3.94823,0.475,0.46786,0.475,0.469357,340.0,4.04361,0.926568,3.67417,8.68485,13.8507,163.336,72.9859,0.534471,0.534471,13.3131,11.2198,21.3507,18.0296,5.37123,3.12434,0.444599,0.445415,2.11092,-0.03914808316131635
4.0,3.29671,0.375,0.382046,0.525,0.521697,340.0,7.33925,2.10149,5.98793,7.41599,10.0838,163.336,72.9859,1.05581,1.05581,11.3197,10.479,18.3911,17.4265,6.21821,3.28892,0.367643,0.502355,2.40113,1.7144577452484655
4.0,3.55598,0.425,0.419412,0.525,0.517165,340.0,4.51444,0.936064,3.98696,8.98675,13.8758,163.336,72.9859,0.777968,0.777968,12.9675,11.6253,21.2941,18.9825,5.80452,3.11924,0.400561,0.494754,2.33795,0.8700823080004408
4.0,3.30029,0.375,0.380537,0.525,0.524847,330.0,6.02912,1.50615,5.27076,10.6811,15.2397,86.0119,112.713,0.932527,0.932527,16.3396,14.1978,26.6498,24.0036,6.25778,3.29194,0.366463,0.505279,2.42777,1.5404233230099618
4.0,3.61146,0.425,0.419211,0.525,0.522797,330.0,3.80144,0.901138,3.49681,8.79454,14.2895,86.0119,112.713,0.473577,0.473577,13.9202,11.75,22.9841,19.3304,5.885,3.12673,0.401296,0.500765,2.4011,0.172745646494315
4.0,3.27242,0.375,0.375445,0.575,0.565427,330.0,6.78484,2.55249,4.6927,4.955,6.86448,86.0119,112.713,1.01733,1.01733,8.75992,7.3625,14.6378,12.9881,6.32901,3.09856,0.360522,0.544455,2.62969,1.3535183256107421
4.75,4.70778,0.425,0.422497,0.325,0.344853,180.0,6.05671,3.30062,5.9491,1.15024,1.63923,227.573,140.285,0.0156478,0.0156478,1.46676,1.38956,2.22222,2.16312,7.31875,4.98376,0.409098,0.333995,2.0476,0.20875244456206613
4.75,4.16517,0.375,0.378695,0.375,0.374483,180.0,4.31549,0.56908,4.14818,13.3297,20.8529,227.573,140.285,0.364687,0.364687,17.1063,15.3318,25.9921,23.727,7.7203,5.05005,0.367623,0.362833,2.19608,-1.5700657831746703
4.75,4.5664,0.425,0.424416,0.375,0.377035,180.0,5.16479,0.676346,4.99286,16.525,24.5667,227.573,140.285,0.404461,0.404461,20.561,18.5795,31.5709,28.9575,7.07844,4.62874,0.409972,0.363774,2.16204,0.14452626205632554
4.75,4.94878,0.475,0.47111,0.375,0.379773,180.0,4.10271,0.658736,3.9465,9.71377,15.4247,227.573,140.285,0.25928,0.25928,10.5729,9.31225,16.3379,14.4791,6.44161,4.20402,0.455207,0.366694,2.1257,-1.281285112221149
4.75,5.32048,0.525,0.519438,0.375,0.384221,180.0,4.72852,1.39895,4.57694,3.43407,5.23248,227.573,140.285,0.0808195,0.0808195,2.9133,2.43219,4.52297,3.65538,5.80751,3.76588,0.497687,0.367794,2.09713,-0.06981784706403132
4.75,4.16514,0.375,0.379235,0.425,0.423033,180.0,3.7341,0.495172,3.48897,9.75579,15.938,227.573,140.285,0.465227,0.465227,13.8343,13.1742,21.5835,21.0319,7.70495,4.70515,0.367814,0.41016,2.47846,-2.0096347425667624
4.75,4.54311,0.425,0.425473,0.425,0.42332,180.0,4.79334,0.571804,4.4921,16.358,24.8288,227.573,140.285,0.741004,0.741004,21.2976,19.1518,33.5669,30.7259,7.02119,4.30548,0.411453,0.408951,2.41093,0.3117331721099091
4.75,4.90145,0.475,0.472231,0.425,0.423598,180.0,5.36178,0.797596,5.10213,12.3043,18.1065,227.573,140.285,0.438985,0.438985,13.547,12.143,21.5002,19.5154,6.36318,3.90935,0.454475,0.40672,2.34456,1.0509210713915667
4.75,5.28682,0.525,0.520494,0.425,0.423916,180.0,5.11836,1.18564,4.87703,5.13253,7.64915,227.573,140.285,0.15801,0.15801,5.08916,4.35932,8.11032,7.31102,5.75544,3.53254,0.498711,0.405167,2.29594,0.5668500539479473
4.75,4.16288,0.375,0.385303,0.475,0.458126,180.0,5.15855,1.86608,4.59275,1.5795,2.34891,227.573,140.285,0.125261,0.125261,2.09821,1.96985,3.33786,3.28817,7.52761,4.37046,0.372902,0.444171,2.64064,0.42782907271562015
4.75,4.47788,0.425,0.428121,0.475,0.465151,180.0,4.36121,0.822409,4.09311,5.78794,9.02673,227.573,140.285,0.249621,0.249621,7.69915,6.84265,12.4225,11.2425,6.86826,3.96723,0.413023,0.448702,2.59493,0.20254014156012037
4.75,4.84032,0.475,0.472844,0.475,0.469159,180.0,5.96322,1.18762,5.55808,6.82815,9.76996,227.573,140.285,0.337778,0.337778,7.47061,6.74279,12.1905,11.3217,6.28002,3.61193,0.454419,0.450681,2.56068,1.5891565162047616
4.75,5.27226,0.525,0.520654,0.475,0.471025,180.0,3.1824,0.750749,2.92096,3.35659,5.76424,227.573,140.285,0.183305,0.183305,3.56762,3.01219,5.8759,4.83683,5.73812,3.28877,0.497854,0.450355,2.54372,-1.0746779742467063
4.75,4.16922,0.375,0.376276,0.425,0.438207,170.0,4.09056,0.877003,3.93404,4.93421,7.84207,261.768,150.52,0.123217,0.123217,6.33145,5.34945,9.96693,8.63256,7.7962,4.65232,0.365179,0.42558,2.58974,-0.5631398209242038
4.75,4.66785,0.425,0.42315,0.425,0.439474,170.0,5.71481,1.63566,5.47086,3.67705,5.31986,261.768,150.52,0.105145,0.105145,4.70985,4.13322,7.51509,6.96625,7.24699,4.32928,0.409248,0.425163,2.58525,0.7672037232514107
4.75,5.07752,0.475,0.466445,0.425,0.442223,170.0,2.11993,0.895361,2.09663,0.994976,1.95171,261.768,150.52,0.00633463,0.00633463,1.11453,0.948808,1.79854,1.52893,6.69366,3.99105,0.449908,0.426519,2.56757,-2.492336085115979
4.75,3.87146,0.325,0.344925,0.475,0.473603,170.0,4.00689,2.06382,3.64478,0.687044,1.0987,261.768,150.52,0.0467258,0.0467258,1.43585,1.31904,2.27692,2.06091,8.23652,4.63386,0.335853,0.46041,2.83583,-0.14977780789673456
4.75,4.16506,0.375,0.379031,0.475,0.473894,170.0,3.8184,0.503024,3.60232,10.9142,17.7096,261.768,150.52,0.454605,0.454605,14.536,12.9518,23.34,20.2593,7.71048,4.35696,0.367724,0.45984,2.77873,-0.7926705001691469
4.75,4.5562,0.425,0.424846,0.475,0.47486,170.0,5.64855,0.757968,5.24704,15.9847,23.1974,261.768,150.52,0.756138,0.756138,19.5287,16.5177,31.7801,27.952,7.05409,4.00039,0.410363,0.458696,2.71674,2.0365481644561627
4.75,4.93852,0.475,0.471475,0.475,0.477899,170.0,4.06953,0.6343,3.82925,9.94036,15.8228,261.768,150.52,0.418404,0.418404,10.8601,8.91745,17.8654,14.0136,6.42165,3.63487,0.454181,0.460046,2.6698,0.12089969527188148
4.75,5.30805,0.525,0.518497,0.475,0.480536,170.0,3.82129,1.07032,3.55706,3.01419,4.88973,261.768,150.52,0.120116,0.120116,2.99659,2.4011,4.97833,4.2761,5.81409,3.27803,0.496549,0.460256,2.62356,-0.07375269666173974
4.75,3.87332,0.325,0.345023,0.525,0.523889,170.0,2.89054,1.49502,2.41832,0.46363,0.821136,261.768,150.52,0.0611363,0.0611363,1.04748,1.05347,1.70146,1.60648,8.23684,4.2533,0.336046,0.508984,3.13831,-0.613834169595261
4.75,4.16523,0.375,0.37914,0.525,0.523676,170.0,5.41128,0.869869,4.80611,8.56667,12.5752,261.768,150.52,0.679666,0.679666,11.2089,10.1867,18.452,17.5039,7.70756,4.00971,0.368011,0.507547,3.07067,1.9424775215397339
4.75,4.54286,0.425,0.425758,0.525,0.523813,170.0,4.63486,0.60703,4.21254,13.0333,19.9722,261.768,150.52,0.780184,0.780184,17.2393,14.6518,28.8017,25.4167,7.01396,3.67447,0.41061,0.505208,2.98291,1.6656281684999477
4.75,4.90277,0.475,0.471727,0.525,0.523425,170.0,3.88288,0.534269,3.56252,10.3222,16.664,261.768,150.52,0.534625,0.534625,11.2048,9.36317,18.946,16.4657,6.37601,3.35433,0.45353,0.503108,2.903,0.6187187494084128
4.75,5.26101,0.525,0.513326,0.525,0.518126,170.0,5.03337,1.53937,4.72036,2.6114,3.90988,261.768,150.52,0.101862,0.101862,2.51254,2.05337,4.2742,3.66001,5.87141,3.12004,0.485407,0.483238,2.83344,0.965804758200694
4.75,4.15999,0.375,0.381337,0.575,0.563261,170.0,4.44697,1.07464,4.01534,3.18964,4.94638,261.768,150.52,0.218089,0.218089,4.36435,3.8597,7.32482,6.5759,7.63649,3.7073,0.369959,0.546573,3.27973,1.0345213990114854
4.75,4.50315,0.425,0.426245,0.575,0.569241,170.0,3.63938,0.611176,3.22487,6.92405,11.4014,261.768,150.52,0.499481,0.499481,10.2106,8.37473,17.4711,14.4932,6.9481,3.36448,0.411573,0.549764,3.20928,0.7302841949610056
4.75,4.87618,0.475,0.467628,0.575,0.566341,170.0,4.7398,1.0589,4.17953,4.50431,6.85856,261.768,150.52,0.333987,0.333987,5.49642,4.48055,9.51266,8.09742,6.43394,3.14409,0.447963,0.543594,3.15095,1.495465365864889
4.75,4.16634,0.375,0.376902,0.525,0.530912,160.0,4.63289,1.0174,4.30861,6.90893,10.5885,197.632,109.779,0.344718,0.344718,8.80447,7.44834,14.5485,12.1435,7.77365,3.99104,0.366288,0.515795,3.13174,0.9601406283075081
4.75,4.63928,0.425,0.423207,0.525,0.533866,160.0,3.51083,0.711945,3.17606,6.42964,10.7058,197.632,109.779,0.400764,0.400764,7.51375,6.35108,12.6284,10.7239,7.20662,3.69953,0.40916,0.516664,3.12206,-0.02946587031107121
4.75,5.07125,0.475,0.468924,0.525,0.537502,160.0,4.08806,1.65278,3.78144,1.99756,3.17535,197.632,109.779,0.0968374,0.0968374,2.08453,1.72397,3.55603,2.99368,6.62906,3.3936,0.450625,0.518002,3.10129,0.4021907963801198
4.75,4.16688,0.375,0.379034,0.575,0.574128,160.0,3.88268,0.65659,3.39584,8.59564,13.8769,197.632,109.779,0.752683,0.752683,11.267,10.0251,18.9845,17.0448,7.71337,3.66137,0.367809,0.557144,3.36924,0.9819674896010213
4.75,4.54862,0.425,0.424718,0.575,0.57434,160.0,3.89334,0.574549,3.4098,12.8651,20.7525,197.632,109.779,0.981991,0.981991,15.9425,13.0774,27.3463,23.4188,7.04683,3.37179,0.410454,0.555157,3.2829,1.296312558877309
4.75,4.94598,0.475,0.46682,0.575,0.571389,160.0,5.82487,1.4658,5.47184,6.19194,8.91372,197.632,109.779,0.245894,0.245894,6.13759,5.11365,10.6513,9.23948,6.53264,3.15544,0.448821,0.548746,3.23071,1.851271709981381
4.75,4.1603,0.375,0.378683,0.625,0.623458,160.0,3.49147,0.623527,2.82233,7.03602,11.7356,197.632,109.779,0.89812,0.89812,9.3333,7.89782,16.0139,13.4206,7.71291,3.31592,0.367552,0.60554,3.65689,1.1256090279559363
4.75,4.5465,0.425,0.420524,0.625,0.618235,160.0,3.73051,0.728822,3.0043,6.73591,11.0077,197.632,109.779,0.822689,0.822689,9.08607,7.47596,15.8397,13.3755,7.14827,3.13619,0.405575,0.596827,3.56785,1.330814732088448
4.75,4.12325,0.375,0.372756,0.675,0.660433,160.0,3.11966,0.974816,2.28688,2.01016,3.47399,197.632,109.779,0.368778,0.368778,2.69919,2.32066,4.66989,3.83092,7.82319,3.10015,0.358219,0.64143,3.90004,0.654036563247298
4.75,4.16688,0.375,0.377657,0.625,0.626305,150.0,2.744,0.481968,2.19195,6.79109,12.2327,185.963,109.477,0.81021,0.81021,8.86401,7.5458,15.217,13.6209,7.75267,3.31293,0.366419,0.607329,3.68875,-0.04675559655024
4.75,4.61673,0.425,0.41967,0.625,0.624261,150.0,7.12963,2.1532,6.21422,5.07532,6.94822,185.963,109.477,0.455909,0.455909,5.7926,4.8738,10.1145,8.70822,7.26663,3.14258,0.405252,0.603796,3.66475,2.0529029150817424
4.75,4.11986,0.375,0.372055,0.675,0.662687,150.0,3.44289,0.940651,2.92682,2.91486,4.88307,185.963,109.477,0.314427,0.314427,3.74142,3.28736,6.47366,5.46315,7.83917,3.09468,0.359668,0.642958,3.91796,1.0401330662527941
4.75,4.15372,0.375,0.389798,0.375,0.374036,300.0,5.8648,1.73869,5.48159,2.72461,3.9153,284.343,183.995,0.116996,0.116996,4.17268,3.54222,6.32453,5.63928,7.38661,4.83135,0.377998,0.362142,2.1245,0.39266785071780747
4.75,4.44955,0.425,0.426566,0.375,0.374072,300.0,5.1806,0.715801,4.91067,11.2391,16.6945,284.343,183.995,0.41779,0.41779,14.5413,13.005,22.1867,20.3672,6.86773,4.50699,0.411678,0.360663,2.07991,0.12641688555231426
4.75,4.84739,0.475,0.474666,0.375,0.376968,300.0,5.15461,0.738685,4.93026,11.5023,17.109,284.343,183.995,0.343891,0.343891,14.7515,12.799,22.6531,20.2474,6.24988,4.09846,0.456322,0.361764,2.05113,0.25501382942274275
4.75,5.20423,0.525,0.521772,0.375,0.380209,300.0,4.91076,0.919169,4.72688,6.84604,10.3207,284.343,183.995,0.189231,0.189231,7.38524,6.34572,11.3712,9.6049,5.65529,3.69903,0.498702,0.362475,2.02004,0.055772970731255686
4.75,5.53416,0.575,0.569356,0.375,0.384054,300.0,3.33295,1.01274,3.19567,2.11354,3.57689,284.343,183.995,0.0558233,0.0558233,2.19039,1.84498,3.37886,2.86734,5.07046,3.29653,0.541825,0.365449,1.98862,-1.4083415346174473
4.75,4.15604,0.375,0.390386,0.425,0.422209,300.0,9.91629,4.22221,9.40821,2.00775,2.55952,284.343,183.995,0.0809491,0.0809491,3.15868,2.90693,4.92086,4.61157,7.37426,4.50433,0.378558,0.408546,2.39687,1.2335065513364167
4.75,4.45249,0.425,0.427625,0.425,0.423023,300.0,4.88632,0.670409,4.5675,8.78998,13.2698,284.343,183.995,0.448946,0.448946,11.9069,11.3844,18.7139,18.0282,6.84597,4.19655,0.412824,0.407264,2.34916,0.40705787137853877
4.75,4.80879,0.475,0.47514,0.425,0.423367,300.0,5.23849,0.695113,4.95847,11.5573,17.115,284.343,183.995,0.446242,0.446242,15.006,13.3437,23.7363,21.4713,6.19807,3.81508,0.456825,0.406609,2.28495,1.0328038020105583
4.75,5.13417,0.525,0.522715,0.425,0.423841,300.0,5.26301,0.832917,5.00459,9.00122,13.3128,284.343,183.995,0.300062,0.300062,10.1178,8.56159,16.0517,13.912,5.57317,3.43571,0.499863,0.404488,2.21966,0.9843276261621006
4.75,5.47408,0.575,0.565759,0.425,0.420404,300.0,9.92322,3.90277,9.24618,3.10366,3.95606,284.343,183.995,0.117896,0.117896,3.02155,2.45939,4.79473,4.31743,5.08474,3.15044,0.535494,0.393023,2.1684,1.4098985236989265
4.75,4.41122,0.425,0.432584,0.475,0.458884,300.0,8.84578,3.75336,8.34342,1.68206,2.19458,284.343,183.995,0.0572199,0.0572199,1.90113,1.66085,3.05273,2.96204,6.67235,3.89153,0.417029,0.44236,2.49592,1.224994215324982
4.75,4.71485,0.475,0.477576,0.475,0.465848,300.0,4.99034,1.04784,4.54825,4.15557,6.23671,284.343,183.995,0.255429,0.255429,5.39237,4.75103,8.75664,7.96434,6.04382,3.50556,0.458284,0.44692,2.45243,0.8493302521767653
4.75,5.06183,0.525,0.521416,0.475,0.467171,300.0,5.25467,1.12641,4.84869,4.39678,6.50566,284.343,183.995,0.240673,0.240673,4.9921,4.3276,8.16523,7.18129,5.52877,3.20505,0.496765,0.444436,2.41762,1.0919821646775967
4.75,4.15431,0.375,0.389454,0.425,0.43508,290.0,4.67187,1.88665,4.28735,1.2647,1.93363,287.998,164.403,0.0819665,0.0819665,2.12805,2.01118,3.3423,3.1384,7.39718,4.43359,0.376996,0.421891,2.47512,0.04783540042861599
4.75,4.46664,0.425,0.423873,0.425,0.437803,290.0,4.43303,1.02821,4.29261,4.09362,6.35403,287.998,164.403,0.0822962,0.0822962,5.50735,4.72444,8.74331,7.96494,6.95538,4.16652,0.409548,0.423064,2.46006,-0.04075082952389622
4.75,4.96471,0.475,0.47283,0.425,0.438402,290.0,7.08618,2.36004,6.86703,3.16858,4.34414,287.998,164.403,0.058406,0.058406,3.69433,3.08006,5.92387,5.40431,6.41884,3.85487,0.455167,0.421966,2.45427,1.1475604547416904
4.75,4.15122,0.375,0.389582,0.475,0.474562,290.0,2.23951,0.64701,1.79877,1.6954,3.26544,287.998,164.403,0.225236,0.225236,3.58251,3.21765,5.75184,4.75713,7.38882,4.16599,0.378042,0.459371,2.69754,-3.006346922514313
4.75,4.44921,0.425,0.42701,0.475,0.473885,290.0,5.88228,0.956535,5.49197,9.73448,13.9778,287.998,164.403,0.438526,0.438526,12.5193,10.941,20.3118,18.6131,6.85677,3.89311,0.412261,0.457291,2.63438,1.8525422149651338
4.75,4.82583,0.475,0.474526,0.475,0.475387,290.0,3.92567,0.526837,3.70717,11.0393,17.7629,287.998,164.403,0.414276,0.414276,14.0224,11.8327,22.9898,19.3685,6.22922,3.54764,0.451683,0.45163,2.5786,-0.1643458769148898
4.75,5.19525,0.525,0.519766,0.475,0.475776,290.0,3.04062,0.55978,2.83674,5.45307,9.50176,287.998,164.403,0.245605,0.245605,6.64024,5.61957,10.9687,8.92072,5.68381,3.24391,0.497197,0.454499,2.53574,-1.6139986078673756
4.75,4.1551,0.375,0.390125,0.525,0.523677,290.0,5.25301,1.85958,4.47666,1.54567,2.28723,287.998,164.403,0.16961,0.16961,2.59794,2.34282,4.28398,3.90681,7.38001,3.83478,0.378229,0.507962,2.97606,0.8368946523666102
4.75,4.44909,0.425,0.427287,0.525,0.523673,290.0,3.8324,0.584003,3.50605,7.24226,11.7383,287.998,164.403,0.437782,0.437782,10.4848,9.0602,17.5013,14.7829,6.84979,3.58466,0.412852,0.505067,2.90993,0.3597571740931374
4.75,4.8115,0.475,0.474327,0.525,0.522775,290.0,4.48135,0.656115,4.09066,8.95453,13.8554,287.998,164.403,0.513254,0.513254,11.6541,10.0408,19.6838,17.7041,6.21742,3.28201,0.455523,0.501848,2.82958,1.4127154330727538
4.75,5.18815,0.525,0.513504,0.525,0.516049,290.0,4.9712,1.43578,4.60658,2.62037,3.93688,287.998,164.403,0.132505,0.132505,3.14905,2.712,5.34534,4.70404,5.7976,3.10421,0.482428,0.480413,2.78178,0.978804837431256
4.75,4.43094,0.425,0.430035,0.575,0.564136,290.0,3.42648,0.809271,2.86822,2.65696,4.45769,287.998,164.403,0.283735,0.283735,3.59268,3.10088,6.13397,5.3749,6.75905,3.30297,0.414407,0.544525,3.10193,0.23786458180896
4.75,4.77393,0.475,0.468454,0.575,0.561457,290.0,3.15559,0.838124,2.97967,2.20031,3.78876,287.998,164.403,0.0719486,0.0719486,3.17121,2.63493,5.47041,4.82048,6.29895,3.11078,0.43896,0.535599,3.05252,-0.05279342947124291
4.75,4.1543,0.375,0.389447,0.525,0.526519,280.0,3.15708,0.78425,2.72853,1.50845,2.59704,460.266,270.746,0.145373,0.145373,2.69351,2.44928,4.45114,3.96061,7.39705,3.82761,0.377863,0.510809,2.99677,-0.6546855492149048
4.75,4.46863,0.425,0.425375,0.525,0.530566,280.0,3.99555,0.548819,3.6539,5.88499,9.41913,460.266,270.746,0.354932,0.354932,7.73947,6.76349,12.9721,11.2707,6.92164,3.57516,0.41089,0.512652,2.97368,0.7945949049157542
4.75,4.93072,0.475,0.4726,0.525,0.532558,280.0,3.62415,0.563818,3.31309,4.65606,7.67676,460.266,270.746,0.261249,0.261249,5.6327,4.60541,9.57919,7.72585,6.38611,3.30478,0.455862,0.512893,2.96372,0.283400070670199
4.75,5.31237,0.525,0.510501,0.525,0.531325,280.0,1.92055,0.633376,1.81731,0.80551,1.63293,460.266,270.746,0.0240804,0.0240804,0.86518,0.719006,1.48405,1.21106,5.97742,3.11137,0.489432,0.508592,2.94953,-2.3765957188964473
4.75,4.15344,0.375,0.389583,0.575,0.574211,280.0,4.5617,1.13634,3.93566,1.72366,2.65341,460.266,270.746,0.14874,0.14874,2.72081,2.28645,4.5997,4.10537,7.39211,3.50307,0.377861,0.556245,3.26706,1.1849957020133264
4.75,4.45158,0.425,0.426997,0.575,0.573472,280.0,3.6655,0.416758,3.1435,7.53905,12.3868,460.266,270.746,0.693714,0.693714,9.91148,8.36966,16.992,14.6323,6.8598,3.28446,0.41249,0.553696,3.19117,1.2305188772796156
4.75,4.83457,0.475,0.467826,0.575,0.567162,280.0,4.99464,0.819636,4.59576,4.89186,7.33997,460.266,270.746,0.261817,0.261817,5.96156,4.95169,10.3222,8.72636,6.38145,3.11229,0.448163,0.543702,3.12747,2.2525691821653373
4.75,4.14996,0.375,0.389167,0.625,0.622582,280.0,2.50275,0.668923,1.6718,1.04079,1.9322,460.266,270.746,0.217479,0.217479,1.88502,1.63761,3.2468,2.77787,7.398,3.18139,0.377189,0.604349,3.54353,-0.41018174907760147
4.75,4.41542,0.425,0.419833,0.625,0.613776,280.0,3.07268,0.55618,2.46119,2.50803,4.35548,460.266,270.746,0.304144,0.304144,3.57901,3.00786,6.22805,5.42474,6.98564,3.09051,0.402029,0.592252,3.4454,0.48866907061699666
4.75,4.50459,0.425,0.421977,0.575,0.59399,270.0,3.0344,1.62184,2.37622,0.617163,1.07609,141.348,238.035,0.0972599,0.0972599,0.884099,0.834887,1.52778,1.41457,7.0542,3.22695,0.407877,0.575002,3.38377,0.0372988375722919
4.75,4.14787,0.375,0.389011,0.625,0.622337,270.0,4.32246,1.6904,3.65709,1.46982,2.29829,141.348,238.035,0.145569,0.145569,2.19564,1.87856,3.78382,3.41321,7.39898,3.19029,0.374777,0.600004,3.54194,0.9127274574073062
4.75,4.4226,0.425,0.418724,0.625,0.615749,270.0,3.1172,0.9092,2.57723,2.44777,4.23135,141.348,238.035,0.238622,0.238622,3.36734,2.73013,5.86473,5.14665,7.0228,3.09583,0.401966,0.593782,3.47087,0.36502498665824473
4.75,4.01596,0.425,0.428163,0.325,0.340484,220.0,9.99505,4.5373,9.46898,2.4605,3.13185,256.992,210.156,0.0978034,0.0978034,3.9492,3.71153,5.7736,5.63822,6.2482,4.28796,0.412132,0.327556,1.70015,1.0143813700642716
4.75,4.41044,0.475,0.472812,0.325,0.341504,220.0,5.78353,2.16449,5.4037,2.20536,3.18068,256.992,210.156,0.0976342,0.0976342,3.59124,3.08665,5.28211,4.73298,5.8006,3.98335,0.453491,0.327207,1.69549,0.22844186876802677
4.75,4.86318,0.525,0.521924,0.325,0.341852,220.0,6.35898,2.8865,6.1985,1.37248,1.93199,256.992,210.156,0.0315719,0.0315719,1.69532,1.68916,2.50049,2.43515,5.33812,3.67115,0.497647,0.326129,1.69544,0.400847028188285
4.75,4.01212,0.425,0.430672,0.375,0.373533,220.0,6.75419,1.38843,6.294,6.68322,9.26887,256.992,210.156,0.358717,0.358717,11.0426,10.3792,16.5285,15.7908,6.18926,4.07073,0.414381,0.358352,1.85391,1.2017456570398812
4.75,4.31265,0.475,0.475167,0.375,0.374639,220.0,6.35124,1.03463,5.91321,10.8342,15.2556,256.992,210.156,0.55606,0.55606,15.3249,14.0224,23.0278,21.656,5.64845,3.72746,0.454745,0.35799,1.81094,1.3201320254694437
4.75,4.66456,0.525,0.523628,0.375,0.377021,220.0,5.6192,0.931824,5.27746,9.80466,14.2484,256.992,210.156,0.427061,0.427061,12.4236,10.976,18.7109,16.9123,5.12743,3.38301,0.498472,0.358146,1.78778,0.7894691624573732
4.75,5.03183,0.575,0.565771,0.375,0.374081,220.0,9.35258,3.48809,8.96466,3.53344,4.55736,256.992,210.156,0.105472,0.105472,3.64839,3.09186,5.48029,4.73528,4.74422,3.14596,0.53368,0.346954,1.77112,1.290127501128429
4.75,4.0129,0.425,0.431477,0.425,0.420494,220.0,4.61455,0.885467,4.11286,4.5098,6.9195,256.992,210.156,0.381197,0.381197,7.32774,6.88081,11.3239,10.5876,6.17297,3.80487,0.414805,0.403895,2.08448,-0.017404748265733204
4.75,4.2992,0.475,0.476408,0.425,0.422163,220.0,7.15139,1.21617,6.59608,9.32274,12.7538,256.992,210.156,0.522961,0.522961,12.4827,11.4362,19.4198,18.6199,5.61039,3.47317,0.455842,0.403333,2.03035,2.1565748387070047
4.75,4.62537,0.525,0.521056,0.425,0.420619,220.0,6.42099,1.19035,5.94469,7.6466,10.7378,256.992,210.156,0.410504,0.410504,10.4284,9.3649,16.2683,15.0893,5.13384,3.19672,0.495369,0.398255,1.9894,1.6354358139456344
4.75,4.20671,0.475,0.47943,0.475,0.45981,220.0,4.21783,1.36392,3.75535,1.31938,2.07796,256.992,210.156,0.15769,0.15769,2.00929,2.19059,3.21247,3.12484,5.45338,3.21285,0.453177,0.437949,2.15085,0.046056416515077386
4.75,4.4953,0.525,0.5116,0.475,0.45696,220.0,2.62183,1.39618,2.13692,0.454201,0.83042,256.992,210.156,0.05451,0.05451,0.802358,0.754936,1.28576,1.27009,5.17176,3.06592,,,2.13971,-1.0837857359502547
4.75,4.01695,0.425,0.429206,0.425,0.431926,210.0,3.66228,0.81739,3.41207,3.98848,6.55492,303.691,155.463,0.182303,0.182303,7.29898,6.45459,11.3856,10.3379,6.22704,3.77421,0.412943,0.414957,2.1547,-1.0515680251904116
4.75,4.37698,0.475,0.473756,0.425,0.434799,210.0,5.47058,1.36006,4.9983,4.86391,7.119,303.691,155.463,0.283184,0.283184,7.77686,6.49676,12.2589,10.489,5.74517,3.48402,0.453951,0.416421,2.14049,0.7797979381175761
4.75,4.81639,0.525,0.521529,0.425,0.434854,210.0,6.54751,2.30381,6.14712,2.99665,4.18777,303.691,155.463,0.11608,0.11608,4.12052,3.35567,6.54275,5.59926,5.30161,3.22447,0.497358,0.414085,2.13968,0.9595480186613761
4.75,4.01177,0.425,0.4305,0.475,0.47422,210.0,3.80981,0.699819,3.30408,5.2824,8.57717,303.691,155.463,0.539464,0.539464,9.31262,8.4913,14.9713,13.0923,6.19254,3.52287,0.413935,0.455747,2.35684,-0.4144649055056829
4.75,4.30695,0.475,0.474687,0.475,0.473232,210.0,4.42118,0.662464,4.02653,9.55618,14.8444,303.691,155.463,0.547111,0.547111,13.47,11.4418,21.8341,19.4773,5.65115,3.24514,0.45403,0.452343,2.28971,0.5879672255586202
4.75,4.71642,0.525,0.514918,0.475,0.466757,210.0,5.62513,1.70785,5.10398,3.23263,4.69644,303.691,155.463,0.202607,0.202607,4.76626,3.90461,7.75447,6.44183,5.3241,3.09521,0.487428,0.439192,2.27918,0.9304187912508642
4.75,4.01239,0.425,0.430891,0.525,0.522752,210.0,6.13395,1.7492,5.12396,3.55016,5.04309,303.691,155.463,0.434448,0.434448,6.67003,6.00358,11.0662,10.1662,6.18468,3.25157,0.414254,0.502848,2.5968,1.4346778582374426
4.75,4.30706,0.475,0.467955,0.525,0.515874,210.0,3.43698,0.73726,2.95883,3.58704,6.01236,303.691,155.463,0.342698,0.342698,5.71925,4.89065,9.55261,7.95498,5.77899,3.09637,0.444594,0.491347,2.53238,-0.2602542458111502
4.75,4.01652,0.425,0.429894,0.525,0.524727,200.0,3.80702,0.888872,3.3809,5.03075,8.17038,183.22,116.124,0.38163,0.38163,7.9519,6.83562,13.2378,11.4147,6.21156,3.2555,0.413697,0.505155,2.61523,0.22480546113520833
4.75,4.35188,0.475,0.467037,0.525,0.520965,200.0,3.68346,1.09751,3.32113,3.11023,5.1025,183.22,116.124,0.201337,0.201337,5.00553,4.28788,8.39552,7.31253,5.84815,3.10153,0.445713,0.497762,2.58863,0.09277986061818193
4.75,3.97391,0.425,0.423219,0.575,0.563807,200.0,6.94467,3.17105,5.9543,2.09801,2.89024,183.22,116.124,0.20085,0.20085,3.43097,2.88494,5.83197,5.11316,6.30035,3.08423,0.404469,0.541178,2.82483,1.165567311733022
4.75,3.87124,0.425,0.439737,0.325,0.337271,260.0,5.12517,2.74997,4.47617,0.828383,1.23411,287.19,205.234,0.0949066,0.0949066,2.49271,2.36179,3.5911,3.18648,5.81573,4.00626,0.422123,0.323902,1.57984,-0.09759462706157007
4.75,4.1226,0.475,0.474348,0.325,0.339164,260.0,9.9168,3.97605,9.53932,3.24086,4.13147,287.19,205.234,0.0931475,0.0931475,5.07378,4.46308,7.33549,6.56138,5.45227,3.75567,0.453415,0.323941,1.56812,1.1597925752320997
4.75,3.86686,0.425,0.439799,0.375,0.37373,260.0,6.72893,2.68969,6.02733,1.60529,2.22839,287.19,205.234,0.131085,0.131085,4.27615,3.99666,6.34456,6.0303,5.80907,3.8154,0.421966,0.358341,1.74969,0.6191945425415876
4.75,4.09998,0.475,0.477535,0.375,0.373826,260.0,7.04856,1.32455,6.55716,8.23304,11.3018,287.19,205.234,0.419735,0.419735,12.0415,10.8183,17.9036,16.5845,5.3708,3.54358,0.456095,0.35645,1.70907,1.5557643897313307
4.75,4.39738,0.525,0.52332,0.375,0.373825,260.0,5.73353,1.0058,5.4266,8.42649,12.1808,287.19,205.234,0.34002,0.34002,12.2179,10.8768,18.1663,16.2151,4.88851,3.24001,0.496757,0.353609,1.67191,0.8167287857812083
4.75,4.82698,0.575,0.563373,0.375,0.367362,260.0,9.78874,4.43856,9.35341,2.31178,2.95462,287.19,205.234,0.0795237,0.0795237,3.03953,2.66185,4.51656,3.98685,4.62268,3.08957,0.503658,0.274948,1.67553,1.0979488260243435
4.75,3.86802,0.425,0.440403,0.425,0.415368,260.0,2.09437,0.815452,1.65595,0.702047,1.38268,287.19,205.234,0.113283,0.113283,2.03535,2.01601,3.11171,2.6867,5.79843,3.59607,0.422761,0.398467,1.94364,-3.148265778379331
4.75,4.08894,0.475,0.478275,0.425,0.419892,260.0,4.45835,0.805189,3.96188,4.93421,7.64614,287.19,205.234,0.395372,0.395372,7.43082,6.75741,11.446,10.6157,5.34576,3.3148,0.456019,0.399945,1.91259,-0.10989158839378196
4.75,4.38644,0.525,0.517697,0.425,0.416186,260.0,6.03056,1.4868,5.44422,3.70905,5.29173,287.19,205.234,0.256524,0.256524,5.52193,4.9448,8.51634,7.92058,4.96736,3.1099,0.487679,0.390333,1.87786,1.0154823393782924
4.75,4.1141,0.475,0.475592,0.425,0.43076,250.0,4.64224,1.02392,4.2452,4.75748,7.28705,308.574,196.574,0.280278,0.280278,8.4343,7.35853,13.1355,11.743,5.42061,3.30582,0.454054,0.411288,1.98529,0.19205456906750612
4.75,4.49639,0.525,0.518241,0.425,0.427649,250.0,6.07342,2.10807,5.79334,2.63006,3.74553,308.574,196.574,0.081278,0.081278,4.66406,3.86138,7.29988,6.21026,5.06121,3.11251,0.491624,0.405075,1.97616,0.7891244416253959
4.75,3.86601,0.425,0.439746,0.475,0.473749,250.0,2.87796,1.06844,1.86853,1.07963,1.91484,308.574,196.574,0.244163,0.244163,3.6003,3.18115,5.7637,5.1848,5.80903,3.30384,0.421942,0.454076,2.22036,-1.1312193949961056
4.75,4.08855,0.475,0.473031,0.475,0.469516,250.0,3.25115,0.636334,2.93185,4.17231,7.11667,308.574,196.574,0.277415,0.277415,7.93608,6.97427,12.7617,11.1533,5.4386,3.13312,0.450787,0.446933,2.16353,-1.2870099811751905
4.75,3.86185,0.425,0.43879,0.525,0.515711,250.0,5.64618,2.87518,5.26818,0.713009,1.03485,308.574,196.574,0.0393752,0.0393752,1.68678,1.53418,2.7765,2.45109,5.82301,3.09708,0.421202,0.494575,2.42061,0.6845211033096186
4.75,3.86092,0.425,0.438424,0.525,0.517464,240.0,2.99524,1.49222,2.73352,0.808952,1.41639,237.687,168.562,0.0452196,0.0452196,2.75261,2.25375,4.55558,3.61244,5.82885,3.09674,0.420421,0.496253,2.43022,-0.4466732250365054
4.75,4.02587,0.475,0.459698,0.525,0.508492,240.0,0.98829,0.688604,0.482312,0.38259,0.959854,237.687,168.562,0.0952597,0.0952597,1.17469,1.09302,1.94286,1.64468,5.61472,3.04555,,,2.37458,-3.955986543827642
5.5,4.89461,0.425,0.4249,0.325,0.346352,480.0,2.56084,1.10461,2.50058,0.540754,0.996337,403.717,235.704,0.00877393,0.00877393,0.464214,0.423176,0.708081,0.619415,7.50893,5.09464,0.411544,0.335336,2.12639,-2.523962504477291
5.5,4.57574,0.375,0.395063,0.375,0.374451,480.0,2.70395,1.38712,2.59265,0.363087,0.657168,403.717,235.704,0.0123137,0.0123137,0.479445,0.449636,0.738143,0.606599,7.8905,5.1473,0.383867,0.363453,2.3123,-1.7730269229680098
5.5,4.88823,0.425,0.428885,0.375,0.374858,480.0,4.48902,0.722,4.35704,5.14172,7.95191,403.717,235.704,0.124496,0.124496,6.83284,6.38521,10.5772,9.50131,7.39515,4.83415,0.415098,0.362452,2.27813,-0.815533296514006
5.5,5.30575,0.475,0.474579,0.375,0.376812,480.0,5.61012,0.886647,5.40521,6.78392,9.8628,403.717,235.704,0.190327,0.190327,8.56334,7.77604,13.3477,12.1396,6.75953,4.41893,0.457742,0.362945,2.24558,0.7228805046570426
5.5,5.69473,0.525,0.521086,0.375,0.380271,480.0,5.14726,1.04224,4.93503,4.00173,5.95467,403.717,235.704,0.123577,0.123577,4.66605,4.10631,7.30392,6.37578,6.11931,3.98741,0.501104,0.365235,2.21494,0.27352447488306925
5.5,6.07354,0.575,0.568521,0.375,0.384387,480.0,9.00423,4.33252,8.75399,1.33092,1.73003,403.717,235.704,0.0265201,0.0265201,1.31892,1.13997,2.06844,1.8358,5.49423,3.55905,0.544446,0.367022,2.18889,0.9795376808821621
5.5,4.57219,0.375,0.394737,0.425,0.422939,480.0,1.99452,1.06939,1.93377,0.217003,0.434403,403.717,235.704,0.00462354,0.00462354,0.335457,0.366375,0.529107,0.602458,7.89479,4.80204,0.383242,0.410002,2.61295,-2.5199634961866098
5.5,4.88492,0.425,0.429093,0.425,0.423439,480.0,6.16346,1.10182,5.8539,4.59336,6.51702,403.717,235.704,0.180789,0.180789,5.69568,5.40413,9.05029,8.74682,7.38558,4.50791,0.415485,0.409696,2.57151,1.413031489131892
5.5,5.29317,0.475,0.475906,0.425,0.42372,480.0,5.95972,0.883318,5.66139,7.22168,10.3346,403.717,235.704,0.259006,0.259006,9.12424,8.03363,14.606,13.1705,6.71561,4.11288,0.456556,0.404866,2.51399,1.6331022064187806
5.5,5.65217,0.525,0.521955,0.425,0.423915,480.0,5.13256,0.837616,4.87516,5.29499,7.88525,403.717,235.704,0.182184,0.182184,6.38162,5.61137,10.2566,9.3661,6.06188,3.71912,0.501026,0.406303,2.44822,0.81994128795666
5.5,6.06939,0.575,0.570259,0.425,0.423905,480.0,9.33067,3.61467,8.85761,2.0385,2.63048,403.717,235.704,0.0747511,0.0747511,2.40083,2.03616,3.86843,3.34093,5.45847,3.34727,0.544993,0.404281,2.40608,1.368221136585488
5.5,4.88647,0.425,0.432803,0.475,0.457675,480.0,6.93673,2.90578,6.50587,0.887388,1.22281,403.717,235.704,0.0417291,0.0417291,1.25069,1.19593,2.02528,2.02052,7.29047,4.23115,0.41765,0.442919,2.7571,0.921208454670805
5.5,5.241,0.475,0.477639,0.475,0.463943,480.0,5.32723,1.20684,4.90976,2.57557,3.79676,403.717,235.704,0.131744,0.131744,3.57296,3.08686,5.85589,5.37115,6.61803,3.82415,0.459644,0.446759,2.71552,1.0000313539460461
5.5,5.61283,0.525,0.522686,0.475,0.468055,480.0,3.83008,0.777267,3.456,2.64856,4.2936,403.717,235.704,0.168857,0.168857,3.8508,3.30117,6.36898,5.61649,6.01044,3.45798,0.501161,0.448451,2.68072,-0.24003099905970884
5.5,6.02129,0.575,0.566174,0.475,0.467517,480.0,3.55128,1.13171,3.2409,1.01355,1.68164,403.717,235.704,0.0635738,0.0635738,1.35019,1.18289,2.24437,1.90244,5.4969,3.16557,0.538649,0.441454,2.65202,-0.3702517239847032
5.5,4.88712,0.425,0.426612,0.425,0.440045,470.0,4.1438,1.17449,3.96408,1.72852,2.73663,424.513,264.721,0.0493336,0.0493336,1.90694,1.56688,3.06036,2.52357,7.45373,4.43637,0.413125,0.426382,2.68909,-0.25834454422571945
5.5,5.39954,0.475,0.473346,0.425,0.441056,470.0,4.05367,1.27828,3.85572,1.35271,2.15571,424.513,264.721,0.039323,0.039323,1.46847,1.19177,2.38194,2.0517,6.89169,4.10543,0.456829,0.425798,2.68351,-0.2334856111965321
5.5,4.88307,0.425,0.428464,0.475,0.473869,470.0,5.62777,1.06354,5.31289,4.39498,6.38433,424.513,264.721,0.195113,0.195113,5.78713,5.21526,9.46359,8.38654,7.39983,4.1805,0.415086,0.458512,2.88177,1.4291105531032655
5.5,5.28938,0.475,0.474422,0.475,0.475201,470.0,5.26992,0.805065,4.9747,6.34213,9.37669,424.513,264.721,0.258486,0.258486,8.06412,7.12711,13.3236,11.901,6.74537,3.8209,0.457234,0.457919,2.82665,1.558275332623759
5.5,5.68279,0.525,0.521503,0.475,0.477593,470.0,3.21282,0.523516,2.99286,4.19792,7.18732,424.513,264.721,0.177992,0.177992,4.88721,3.97737,8.14649,6.64055,6.09936,3.45134,0.500854,0.45819,2.7761,-1.362586537332106
5.5,6.05256,0.575,0.563585,0.475,0.478096,470.0,1.99267,0.64964,1.85906,0.900105,1.80242,424.513,264.721,0.0333156,0.0333156,1.04324,0.856397,1.75018,1.42201,5.57049,3.15092,0.538033,0.45484,2.73867,-2.892628247832513
5.5,4.88581,0.425,0.429056,0.525,0.523639,470.0,6.02374,1.26495,5.51845,3.66451,5.2297,424.513,264.721,0.196339,0.196339,4.84825,4.03991,8.12882,7.16545,7.38771,3.84345,0.415339,0.506575,3.1825,1.9005025114219676
5.5,5.28717,0.475,0.475322,0.525,0.523348,470.0,5.59481,0.909,5.10385,5.74842,8.36339,424.513,264.721,0.35746,0.35746,7.3943,6.30259,12.5522,10.8076,6.72251,3.52076,0.458931,0.504637,3.10696,2.251001475959712
5.5,5.64676,0.525,0.51998,0.525,0.522008,470.0,4.79091,0.896525,4.34864,3.90437,5.92704,424.513,264.721,0.235008,0.235008,4.72778,3.8854,8.09246,6.81396,6.09716,3.21262,0.498585,0.5,3.02494,1.4365828081308722
5.5,4.88119,0.425,0.430433,0.575,0.564161,470.0,2.30875,0.553444,1.79977,1.36078,2.59459,424.513,264.721,0.184035,0.184035,2.2017,1.93442,3.76752,3.30793,7.34574,3.55802,0.41626,0.545701,3.41524,-1.6706561619346338
5.5,5.25855,0.475,0.4748,0.575,0.567945,470.0,3.79673,0.771094,3.27857,2.801,4.55281,424.513,264.721,0.248279,0.248279,4.31069,3.56722,7.48723,6.23306,6.70251,3.24731,0.456831,0.547239,3.35702,0.8615023788607244
5.5,5.6378,0.525,0.511303,0.575,0.561436,470.0,2.52571,0.854624,2.22369,0.728911,1.34914,424.513,264.721,0.0543384,0.0543384,1.03674,0.907774,1.81288,1.5965,6.27098,3.08566,0.449055,0.501067,3.30351,-0.7267310683743685
5.5,4.57201,0.375,0.393587,0.525,0.528518,460.0,3.47565,1.48272,3.2227,0.311137,0.519691,720.514,439.523,0.0180038,0.0180038,0.223595,0.218306,0.37225,0.351848,7.92859,4.06644,0.382543,0.513864,3.27643,-0.1119178513537582
5.5,4.88736,0.425,0.42652,0.525,0.5329,460.0,2.97409,0.42557,2.73107,2.96144,5.197,720.514,439.523,0.150763,0.150763,2.85301,2.4148,4.81159,4.12795,7.45689,3.8135,0.413166,0.516175,3.25876,-1.3185746227698152
5.5,5.36911,0.475,0.472592,0.525,0.535246,460.0,2.90328,0.444129,2.69911,2.6991,4.77358,720.514,439.523,0.118556,0.118556,2.57431,2.13505,4.40238,3.61507,6.87586,3.519,0.456252,0.516682,3.24444,-1.2083447910011658
5.5,5.794,0.525,0.516589,0.525,0.538539,460.0,1.82083,0.495328,1.73434,0.782973,1.61568,720.514,439.523,0.0214489,0.0214489,0.660944,0.552357,1.14448,0.893166,6.30684,3.22096,0.496767,0.51801,3.22311,-3.092170032308513
5.5,4.57667,0.375,0.394137,0.575,0.573932,460.0,2.65497,0.925664,2.53132,0.365068,0.664716,720.514,439.523,0.0152104,0.0152104,0.29977,0.29794,0.508383,0.434106,7.91962,3.73301,0.382516,0.557265,3.55713,-0.5975795006680205
5.5,4.89029,0.425,0.428768,0.575,0.57394,460.0,4.62595,0.59774,4.17895,4.46606,6.84756,720.514,439.523,0.259978,0.259978,4.59579,3.77945,7.89222,6.98586,7.40135,3.51329,0.415243,0.555552,3.49435,2.4765033846806297
5.5,5.29564,0.475,0.473832,0.575,0.573106,460.0,3.45584,0.361187,3.11822,5.97754,10.0021,720.514,439.523,0.357319,0.357319,6.61974,5.33237,11.5278,9.43066,6.76554,3.23907,0.456642,0.552316,3.41887,1.0220296873684633
5.5,5.68923,0.525,0.511306,0.575,0.564726,460.0,5.56788,1.53856,5.21671,1.2633,1.84034,720.514,439.523,0.049033,0.049033,1.20215,0.963555,2.106,1.77733,6.32102,3.08596,0.461505,0.496995,3.35365,1.5930194608282486
5.5,4.57447,0.375,0.393966,0.625,0.624181,460.0,1.50718,0.628563,1.20526,0.283924,0.623657,720.514,439.523,0.0286085,0.0286085,0.250769,0.198798,0.432606,0.320062,7.92105,3.36875,0.382657,0.605918,3.86853,-1.9831782188702753
5.5,4.87917,0.425,0.427345,0.625,0.622124,460.0,2.22611,0.271128,1.94102,3.12033,6.02195,720.514,439.523,0.230145,0.230145,3.51057,2.93564,6.13519,5.14056,7.42416,3.20117,0.413474,0.602221,3.79227,-1.8070042693103847
5.5,5.26287,0.475,0.464817,0.625,0.611778,460.0,2.96474,0.566529,2.70409,1.51442,2.66033,720.514,439.523,0.0791874,0.0791874,1.66491,1.34183,2.93871,2.39425,6.94227,3.08079,0.442176,0.587118,3.69716,0.3728304398710839
5.5,4.57681,0.375,0.394212,0.675,0.662457,460.0,1.23915,0.80322,1.23915,0.0751548,0.175847,720.514,439.523,0.0,0.0,0.080145,0.0916217,0.139559,0.159911,7.91726,3.09877,0.38269,0.644257,4.10553,-1.4772531548672208
5.5,4.77016,0.425,0.414145,0.675,0.657155,460.0,3.84062,1.48283,3.2534,0.344806,0.558501,720.514,439.523,0.0395235,0.0395235,0.287696,0.258124,0.504874,0.437414,7.63167,3.04823,,,4.0411,0.946174997208463
5.5,4.57635,0.375,0.393692,0.625,0.623555,360.0,3.73649,1.96405,2.88498,0.456133,0.745039,363.341,196.717,0.0788428,0.0788428,0.73947,0.681713,1.27472,1.13895,7.93229,3.3825,0.382294,0.605215,3.86907,0.4973211740849184
5.5,4.88532,0.425,0.425732,0.625,0.625016,360.0,4.0978,0.775016,3.38798,3.91763,6.2231,363.341,196.717,0.408886,0.408886,4.3964,3.56464,7.68418,6.599,7.47473,3.20328,0.412145,0.605344,3.82854,1.812123952547847
5.5,5.35703,0.475,0.465471,0.625,0.616137,360.0,2.78645,0.862024,2.3441,1.15292,2.06637,363.341,196.717,0.10736,0.10736,1.2899,1.07226,2.27956,1.97079,7.03466,3.08751,0.446274,0.593685,3.78456,0.08303341754091836
5.5,4.78052,0.425,0.414152,0.675,0.657263,360.0,2.43196,1.23186,1.50649,0.393332,0.737156,363.341,196.717,0.0912106,0.0912106,0.629731,0.553983,1.10598,1.00049,7.64595,3.0522,,,4.04964,-0.0038413270782635188
5.5,4.98317,0.475,0.473555,0.375,0.391769,550.0,6.55478,2.9221,6.2486,1.55987,2.1793,283.008,171.978,0.0476746,0.0476746,1.50571,1.25308,2.34612,2.03987,6.4231,4.11531,0.45667,0.377124,2.19732,0.5906248214256792
5.5,4.64655,0.425,0.438555,0.425,0.424691,550.0,4.55912,1.64729,4.37595,1.4019,2.15844,283.008,171.978,0.0382511,0.0382511,1.776,1.58508,2.80571,2.61766,6.83302,4.16676,0.423789,0.40953,2.39955,-0.009446746359706257
5.5,4.95421,0.475,0.476835,0.425,0.424232,550.0,4.77416,0.941458,4.57483,5.13553,7.80373,283.008,171.978,0.163059,0.163059,6.74485,6.13838,10.7162,9.69771,6.32112,3.87431,0.459013,0.407762,2.35052,0.2809429514165844
5.5,5.3317,0.525,0.523848,0.425,0.426295,550.0,7.00852,1.57282,6.65338,6.14201,8.44282,283.008,171.978,0.222996,0.222996,7.09668,6.1456,11.3429,10.0501,5.73124,3.51559,0.502606,0.409024,2.31315,1.6465897214254444
5.5,5.68679,0.575,0.567922,0.425,0.426669,550.0,5.29252,1.74486,5.02338,2.46606,3.64177,283.008,171.978,0.086395,0.086395,3.20169,2.68377,5.12921,4.35008,5.20949,3.2003,0.541175,0.403947,2.27665,0.5348510815869358
5.5,4.64195,0.425,0.438431,0.475,0.473562,550.0,4.68908,1.87302,4.15138,1.05464,1.61077,283.008,171.978,0.0863714,0.0863714,1.48877,1.34521,2.42005,2.24255,6.83025,3.86657,0.423719,0.456914,2.67445,0.3189231182858742
5.5,4.9528,0.475,0.477224,0.475,0.472953,550.0,3.59418,0.68011,3.25143,4.13988,6.84322,283.008,171.978,0.273032,0.273032,5.91595,5.23319,9.69794,8.58259,6.31113,3.59654,0.458615,0.45305,2.61853,-0.6438926426210666
5.5,5.31343,0.525,0.524496,0.475,0.47286,550.0,4.10303,0.785711,3.79113,4.74982,7.54218,283.008,171.978,0.244922,0.244922,6.70914,5.81389,11.0719,9.76048,5.70225,3.2674,0.502137,0.452154,2.55546,0.17373185762572635
5.5,5.65401,0.575,0.560671,0.475,0.465273,550.0,7.36684,3.80921,6.86137,1.19697,1.62616,283.008,171.978,0.0527732,0.0527732,1.39002,1.156,2.29367,2.01482,5.31297,3.08722,,,2.50263,0.8847939426306247
5.5,4.92977,0.475,0.480315,0.525,0.511329,550.0,5.02501,1.95002,4.52868,1.16624,1.74694,283.008,171.978,0.0829895,0.0829895,1.78378,1.61398,2.99671,2.7831,6.21959,3.34184,0.461055,0.491673,2.79986,0.7023834629192774
5.5,5.25559,0.525,0.517664,0.525,0.511311,550.0,5.09397,2.11872,4.50289,1.13425,1.69263,283.008,171.978,0.101178,0.101178,1.73531,1.5456,2.93593,2.57075,5.77923,3.1197,0.479965,0.481442,2.76866,0.7023744164388093
5.5,4.64764,0.425,0.438442,0.475,0.482265,540.0,3.84957,1.72782,3.57694,0.767338,1.24202,384.769,171.704,0.048675,0.048675,0.945398,0.899217,1.54826,1.33518,6.83692,3.81742,0.423258,0.465689,2.72715,-0.09050096930323823
5.5,4.97328,0.475,0.474907,0.475,0.48541,540.0,3.28169,0.759139,2.97683,2.49542,4.24386,384.769,171.704,0.136193,0.136193,2.90585,2.3906,4.80564,4.18486,6.38319,3.56406,0.456719,0.467606,2.71125,-0.8332664386961889
5.5,5.43335,0.525,0.521505,0.475,0.4866,540.0,5.27299,1.71146,4.97573,1.88571,2.78754,384.769,171.704,0.0707512,0.0707512,1.98244,1.63306,3.31217,2.78493,5.86851,3.28189,0.500448,0.466525,2.70361,0.8383105661526267
5.5,4.63827,0.425,0.437545,0.525,0.52402,540.0,3.65999,1.20618,3.34533,1.13826,1.87104,384.769,171.704,0.0684417,0.0684417,1.41423,1.25026,2.3717,2.08631,6.84675,3.56947,0.422748,0.505689,2.96388,0.04900498989327724
5.5,4.94828,0.475,0.476483,0.525,0.523768,540.0,4.69062,0.866277,4.32676,4.51123,6.88947,384.769,171.704,0.242483,0.242483,5.54642,4.7931,9.39076,8.24526,6.32233,3.31871,0.458851,0.503687,2.90258,1.3257544026236054
5.5,5.32951,0.525,0.517096,0.525,0.51912,540.0,3.26137,0.740322,2.98369,2.60884,4.44546,384.769,171.704,0.149458,0.149458,3.47332,2.9538,5.91558,4.9098,5.85918,3.11475,0.493803,0.494857,2.85423,-0.3665303867625132
5.5,4.64111,0.425,0.438319,0.575,0.573063,540.0,4.56292,1.78579,4.06219,0.929486,1.43074,384.769,171.704,0.0617501,0.0617501,1.10601,0.943126,1.90172,1.78607,6.83197,3.25772,0.4226,0.553527,3.23805,0.7979114058758243
5.5,4.92197,0.475,0.470901,0.575,0.566989,540.0,2.60116,0.591093,2.27978,2.06719,3.78929,384.769,171.704,0.146411,0.146411,2.78771,2.30347,4.82786,4.14528,6.4146,3.11805,0.45154,0.544205,3.16287,-0.9214589160960474
5.5,4.64363,0.425,0.43787,0.575,0.57518,530.0,3.14785,1.06642,2.81201,1.0859,1.8713,298.041,169.227,0.0735753,0.0735753,1.24316,1.05072,2.14062,1.82361,6.84567,3.25314,0.423484,0.555219,3.255,0.026774214725891365
5.5,4.93679,0.475,0.468835,0.575,0.572161,530.0,3.30541,0.903988,2.77072,1.76996,3.00327,298.041,169.227,0.180546,0.180546,2.0106,1.69197,3.4929,2.99788,6.4759,3.11306,0.450004,0.550093,3.21456,0.22567195044097646
5.5,4.76167,0.475,0.480063,0.375,0.388614,520.0,5.2024,2.12659,4.95275,0.980544,1.45482,461.197,272.206,0.0294698,0.0294698,1.24141,1.05275,1.91335,1.74168,6.04172,3.88793,0.460792,0.372889,2.05415,0.1672786198757001
5.5,5.1379,0.525,0.52275,0.375,0.390612,520.0,9.49884,4.60504,9.21472,1.38204,1.77695,461.197,272.206,0.0234603,0.0234603,1.417,1.14723,2.19364,1.94181,5.57388,3.58905,0.499943,0.373833,2.04545,1.0289662057791622
5.5,5.61529,0.575,0.572367,0.375,0.391008,520.0,4.99338,2.2603,4.843,0.770311,1.15589,461.197,272.206,0.0184857,0.0184857,0.790289,0.674028,1.2278,0.992019,5.07917,3.27402,0.545129,0.372403,2.04399,0.13366686701670827
5.5,4.75989,0.475,0.481879,0.425,0.42425,520.0,5.55787,1.40752,5.20971,2.33424,3.40207,461.197,272.206,0.109223,0.109223,3.06187,2.69002,4.83386,4.24029,6.00286,3.67729,0.462893,0.40682,2.23432,0.7512690376254265
5.5,5.08469,0.525,0.525808,0.425,0.424267,520.0,4.17514,0.703926,3.89591,4.32999,6.84006,461.197,272.206,0.199797,0.199797,5.93605,5.12617,9.40766,8.17331,5.47038,3.36815,0.502796,0.404898,2.18725,-0.3683476675705097
5.5,5.46194,0.575,0.567195,0.425,0.421456,520.0,4.65114,1.06906,4.34911,2.50471,3.83438,461.197,272.206,0.108482,0.108482,3.15341,2.70611,5.00231,4.43955,5.04956,3.12894,0.537457,0.396235,2.16305,0.226690769513952
5.5,4.75996,0.475,0.482029,0.475,0.472942,520.0,4.27126,1.02919,3.80727,1.6844,2.64302,461.197,272.206,0.124903,0.124903,2.42181,2.20073,3.95323,3.77782,5.99975,3.41633,0.462743,0.453915,2.49104,0.24008783306974596
5.5,5.07391,0.525,0.523128,0.475,0.470856,520.0,4.72412,0.925053,4.17168,3.06233,4.66729,461.197,272.206,0.228128,0.228128,4.18688,3.5607,6.86839,6.20763,5.50925,3.1665,0.499386,0.448351,2.4357,0.7971483345801288
5.5,4.75969,0.475,0.480338,0.475,0.480423,510.0,2.5475,0.58541,2.31408,1.58314,2.92194,498.407,243.451,0.0859913,0.0859913,1.85535,1.56339,3.05021,2.61945,6.03394,3.39541,0.461059,0.461112,2.53906,-2.4022839098197846
5.5,5.11773,0.525,0.521025,0.475,0.481651,510.0,3.83245,0.911531,3.56094,1.88862,3.06108,498.407,243.451,0.0827209,0.0827209,2.21743,1.83208,3.67316,3.15916,5.58709,3.15526,0.497856,0.460459,2.52245,-0.05802379648985018
5.5,4.74769,0.475,0.480058,0.525,0.522026,510.0,3.62422,0.824373,3.22458,1.8416,3.03635,498.407,243.451,0.129577,0.129577,2.32853,1.90392,3.92794,3.22152,6.02696,3.16993,0.460507,0.501036,2.75459,0.08637487276212029
5.5,5.01339,0.525,0.510587,0.525,0.511655,510.0,3.02609,1.06806,2.70544,0.681486,1.18929,498.407,243.451,0.0498625,0.0498625,0.95619,0.839199,1.61333,1.36652,5.68833,3.06299,,,2.6798,-0.5474004054316461
5.5,4.6699,0.475,0.467957,0.575,0.559477,500.0,0.141633,0.348886,-0.0386501,0.185705,0.673703,333.597,176.721,0.0249991,0.0249991,0.308211,0.262609,0.530597,0.451402,6.1929,3.05605,,,2.9794,-8.819452286490446
5.5,4.78462,0.525,0.525122,0.325,0.341324,450.0,4.55302,1.34576,4.37852,0.977911,1.50622,1083.42,332.659,0.0251254,0.0251254,1.08916,0.951467,1.59721,1.45066,5.21059,3.57717,0.500859,0.325273,1.65518,-0.4814761619881121
5.5,5.20585,0.575,0.572888,0.325,0.341774,450.0,5.14484,1.96043,4.95448,0.750513,1.11692,1083.42,332.659,0.0196585,0.0196585,0.823172,0.669378,1.20646,0.962514,4.76414,3.27384,0.543965,0.324145,1.6527,0.007684177293448945
5.5,4.77088,0.525,0.527907,0.375,0.374314,450.0,5.8014,1.02012,5.50305,3.13841,4.52271,1083.42,332.659,0.126795,0.126795,4.12586,3.74546,6.20696,5.59768,5.15123,3.39268,0.503161,0.355312,1.80176,0.8810923883861074
5.5,5.08116,0.575,0.568687,0.375,0.371849,450.0,8.29718,2.00894,7.84229,2.67321,3.53579,1083.42,332.659,0.114994,0.114994,3.517,3.14305,5.28149,4.74643,4.73572,3.14,0.537377,0.347228,1.76912,1.706339066513417
5.5,4.51991,0.475,0.491293,0.425,0.41821,450.0,3.55039,1.45294,3.31059,0.316517,0.525192,1083.42,332.659,0.0143828,0.0143828,0.504439,0.450306,0.786461,0.719717,5.56353,3.43694,0.470208,0.399659,2.05038,-0.6830844125230802
5.5,4.75991,0.525,0.526816,0.425,0.419824,450.0,5.9215,1.19777,5.54984,2.10891,3.02298,1083.42,332.659,0.101245,0.101245,2.88865,2.61457,4.51377,4.10877,5.15978,3.19559,0.501285,0.398782,2.02151,1.2082818627510326
5.5,5.05956,0.575,0.559787,0.425,0.411564,450.0,4.85066,2.02692,4.41078,0.408228,0.617551,1083.42,332.659,0.0321483,0.0321483,0.661002,0.651311,1.0279,0.980603,4.86096,3.05617,,,1.98203,0.16794835261454627
5.5,4.51943,0.475,0.490537,0.425,0.429849,440.0,3.28715,1.34172,3.02627,0.341036,0.579682,852.698,497.192,0.017461,0.017461,0.435533,0.387019,0.68557,0.635782,5.57727,3.39129,0.469296,0.410894,2.11077,-0.8525418983732256
5.5,4.77396,0.525,0.524211,0.425,0.431912,440.0,5.21673,1.15681,4.99453,1.67736,2.48681,852.698,497.192,0.0465697,0.0465697,1.97381,1.65323,3.12246,2.72196,5.21637,3.17323,0.499685,0.411509,2.09619,0.739413134077939
5.5,4.51774,0.475,0.490496,0.475,0.473326,440.0,3.54736,1.25477,3.41153,0.428446,0.711102,852.698,497.192,0.00991263,0.00991263,0.625225,0.51924,1.01472,0.886237,5.5764,3.17358,0.469839,0.452891,2.32451,-0.36613434671612266
