xbj,Q2,z,x,y_neg_H2,err_neg_H2,y_pos_H2,err_pos_H2,y_neg_D2,err_neg_D2,y_pos_D2,err_pos_D2,y_neg_Dummy,err_neg_Dummy,y_pos_Dummy,err_pos_Dummy,y_H2_neg_delta,y_H2_neg_rho,y_H2_neg_Dummy,y_H2_neg_incnorad,y_H2_pos_delta,y_H2_pos_exc,y_H2_pos_rho,y_H2_pos_Dummy,y_H2_pos_incnorad,xs_H2_pos,xs_H2_neg,y_H2_neg_incnorad_yield,y_H2_pos_incnorad_yield,y_D2_neg_delta,y_D2_neg_exc,y_D2_neg_rho,y_D2_neg_Dummy,y_D2_neg_incnorad,y_D2_pos_delta,y_D2_pos_exc,y_D2_pos_rho,y_D2_pos_Dummy,y_D2_pos_incnorad,xs_D2_pos,xs_D2_neg,y_D2_neg_incnorad_yield,y_D2_pos_incnorad_yield
0.35,4,0.4,0.025,0,0,0,0,0,0,0,0,0,0,0,0,0,0,0,0.921978,0,0,0,0,0.709781,0,0,0,0,0,0,0,0,0.921978,0,0,0,0,0.709781,0,0,0,0
0.35,4,0.4,0.075,0,0,0,0,0,0,0,0,0,0,0,0,0,0,0,0.94219,0,0,0,0,0.765372,0,0,0,0,0,0,0,0,0.94219,0,0,0,0,0.765372,0,0,0,0
0.35,4,0.4,0.125,0,0,0,0,0,0,0,0,0,0,0,0,0,0,0,0.962582,0,0,0,0,0.817882,0,0,0,0,0,0,0,0,0.962582,0,0,0,0,0.817882,0,0,0,0
0.35,4,0.4,0.175,0,0,0,0,0,0,0,0,0,0,0,0,0,0,0,0.983152,0,0,0,0,0.867313,0,0,0,0,0,0,0,0,0.983152,0,0,0,0,0.867313,0,0,0,0
0.35,4,0.4,0.225,0,0,0,0,0,0,0,0,0,0,0,0,0,0,0,1.0039,0,0,0,0,0.913665,0,0,0,0,0,0,0,0,1.0039,0,0,0,0,0.913665,0,0,0,0
0.35,4,0.4,0.275,0,0,0,0,0,0,0,0,0,0,0,0,0,0,0,1.02483,0,0,0,0,0.956937,0,0,0,0,0,0,0,0,1.02483,0,0,0,0,0.956937,0,0,0,0
0.35,4,0.4,0.325,1.69093,0.102026,2.84639,0.115588,3.84363,0.223814,4.78257,0.213113,0.597888,0.0744338,0.785602,0.0551123,0.00543012,0.064922,0.223042,1.04594,0.0185664,0.0236772,0.0683699,0.357069,0.997129,0,0,0,0,0.0123431,0.0190654,0.147573,0.506994,1.04594,0.0311957,0.0397831,0.114877,0.599957,0.997129,0,0,0,0
0.35,4,0.4,0.375,34.9639,0.463936,63.3247,0.545195,68.6141,0.945632,103.082,0.989396,11.6477,0.328534,16.3767,0.251628,0.129477,1.2085,4.67684,1.06722,0.46285,0.520004,1.39573,7.93108,1.03424,4.92136e-09,2.83686e-09,1.12515,1.95189,0.254088,0.356854,2.37158,9.17793,1.06722,0.753441,0.846478,2.27201,12.9105,1.03424,1.41967e-08,9.61223e-09,4.31667,6.37548
0.35,4,0.4,0.425,36.9692,0.477054,69.8701,0.572678,74.5979,0.986005,115.946,1.04932,11.679,0.328976,17.287,0.258528,0.175685,1.35261,5.02957,1.08869,0.628555,0.644188,1.6292,8.82899,1.06827,3.66094e-09,2.04491e-09,18.5908,33.2826,0.354505,0.462442,2.72936,10.1489,1.08869,1.04306,1.069,2.70359,14.6513,1.06827,1.27678e-08,8.46606e-09,88.6833,133.745
0.35,4,0.4,0.475,15.0434,0.304313,30.9917,0.381407,32.3713,0.649525,49.7991,0.687685,4.74659,0.209726,7.00756,0.1646,0.0956534,0.6689,2.08746,1.11033,0.358993,0.351527,0.863131,3.99178,1.09923,2.79424e-09,1.50548e-09,16.4171,30.4707,0.205834,0.257513,1.43938,4.49193,1.11033,0.576848,0.564852,1.38692,6.41419,1.09923,1.18187e-08,7.64664e-09,94.7252,146.407
0.35,4,0.4,0.525,0.26361,0.0402837,0.423848,0.0446036,0.446527,0.0762851,0.611622,0.0762115,0.0960127,0.0321543,0.089539,0.018606,0.0022465,0.0153409,0.0374081,1.13216,0.00638803,0.00617978,0.0151056,0.0561852,1.1271,1.93537e-09,1.00145e-09,5.17255,9.99625,0.00380533,0.00467445,0.0259859,0.0633653,1.13216,0.00921807,0.00891756,0.0217977,0.0810765,1.1271,1.05524e-08,6.64944e-09,39.7034,63.0079
0.35,4,0.4,0.575,0,0,0,0,0,0,0,0,0,0,0,0,0,0,0,1.15416,0,0,0,0,1.1519,1.24764e-09,6.17045e-10,0.0454252,0.0918477,0,0,0,0,1.15416,0,0,0,0,1.1519,8.67815e-09,5.31448e-09,0.38674,0.631516
0.35,4,0.4,0.625,0,0,0,0,0,0,0,0,0,0,0,0,0,0,0,1.17634,0,0,0,0,1.17361,0,0,0,0,0,0,0,0,1.17634,0,0,0,0,1.17361,0,0,0,0
0.35,4,0.4,0.675,0,0,0,0,0,0,0,0,0,0,0,0,0,0,0,1.1987,0,0,0,0,1.19224,0,0,0,0,0,0,0,0,1.1987,0,0,0,0,1.19224,0,0,0,0
0.35,4,0.4,0.725,0,0,0,0,0,0,0,0,0,0,0,0,0,0,0,1.22124,0,0,0,0,1.2078,0,0,0,0,0,0,0,0,1.22124,0,0,0,0,1.2078,0,0,0,0
0.35,4,0.4,0.775,0,0,0,0,0,0,0,0,0,0,0,0,0,0,0,1.24395,0,0,0,0,1.22027,0,0,0,0,0,0,0,0,1.24395,0,0,0,0,1.22027,0,0,0,0
0.35,4,0.4,0.825,0,0,0,0,0,0,0,0,0,0,0,0,0,0,0,1.26685,0,0,0,0,1.22967,0,0,0,0,0,0,0,0,1.26685,0,0,0,0,1.22967,0,0,0,0
0.35,4,0.4,0.875,0,0,0,0,0,0,0,0,0,0,0,0,0,0,0,1.28992,0,0,0,0,1.23599,0,0,0,0,0,0,0,0,1.28992,0,0,0,0,1.23599,0,0,0,0
0.35,4,0.4,0.925,0,0,0,0,0,0,0,0,0,0,0,0,0,0,0,1.31318,0,0,0,0,1.23922,0,0,0,0,0,0,0,0,1.31318,0,0,0,0,1.23922,0,0,0,0
0.35,4,0.4,0.975,0,0,0,0,0,0,0,0,0,0,0,0,0,0,0,1.33661,0,0,0,0,1.23938,0,0,0,0,0,0,0,0,1.33661,0,0,0,0,1.23938,0,0,0,0
0.35,4,0.5,0.025,0,0,0,0,0,0,0,0,0,0,0,0,0,0,0,0.921978,0,0,0,0,0.709781,0,0,0,0,0,0,0,0,0.921978,0,0,0,0,0.709781,0,0,0,0
0.35,4,0.5,0.075,0,0,0,0,0,0,0,0,0,0,0,0,0,0,0,0.94219,0,0,0,0,0.765372,0,0,0,0,0,0,0,0,0.94219,0,0,0,0,0.765372,0,0,0,0
0.35,4,0.5,0.125,0,0,0,0,0,0,0,0,0,0,0,0,0,0,0,0.962582,0,0,0,0,0.817882,0,0,0,0,0,0,0,0,0.962582,0,0,0,0,0.817882,0,0,0,0
0.35,4,0.5,0.175,0,0,0,0,0,0,0,0,0,0,0,0,0,0,0,0.983152,0,0,0,0,0.867313,0,0,0,0,0,0,0,0,0.983152,0,0,0,0,0.867313,0,0,0,0
0.35,4,0.5,0.225,0,0,0,0,0,0,0,0,0,0,0,0,0,0,0,1.0039,0,0,0,0,0.913665,0,0,0,0,0,0,0,0,1.0039,0,0,0,0,0.913665,0,0,0,0
0.35,4,0.5,0.275,0,0,0,0,0,0,0,0,0,0,0,0,0,0,0,1.02483,0,0,0,0,0.956937,0,0,0,0,0,0,0,0,1.02483,0,0,0,0,0.956937,0,0,0,0
0.35,4,0.5,0.325,0,0,0,0,0,0,0,0,0,0,0,0,0,0,0,1.04594,0,0,0,0,0.997129,0,0,0,0,0,0,0,0,1.04594,0,0,0,0,0.997129,0,0,0,0
0.35,4,0.5,0.375,0,0,0,0,0,0,0,0,0,0,0,0,0,0,0,1.06722,0,0,0,0,1.03424,0,0,0,0,0,0,0,0,1.06722,0,0,0,0,1.03424,0,0,0,0
0.35,4,0.5,0.425,5.8428,0.16162,11.4458,0.235618,13.0381,0.376258,18.5858,0.595522,1.82309,0.119253,3.38103,0.203722,0.0277662,0.213774,0.794899,1.08869,0.102967,0.105528,0.266888,1.44632,1.06827,0,0,0,0,0.0619597,0.0808247,0.477032,1.7738,1.08869,0.167199,0.171357,0.433377,2.34856,1.06827,0,0,0,0
0.35,4,0.5,0.475,29.713,0.364467,61.1489,0.544604,63.971,0.833432,97.6614,1.36511,9.94523,0.27853,15.3608,0.43423,0.18893,1.32118,4.12305,1.11033,0.708319,0.693589,1.70302,7.87607,1.09923,3.05525e-09,1.64706e-09,2.92467,5.42516,0.40676,0.508888,2.84445,8.87678,1.11033,1.13126,1.10774,2.7199,12.5789,1.09923,1.25949e-08,8.14155e-09,16.4107,25.3871
0.35,4,0.5,0.525,27.2014,0.348724,57.3483,0.527407,61.9921,0.82044,93.813,1.33795,9.57013,0.273227,15.2454,0.432596,0.231811,1.583,3.86006,1.13216,0.864325,0.836148,2.04384,7.60207,1.1271,2.09605e-09,1.08996e-09,11.3796,21.8835,0.5283,0.648962,3.60767,8.7971,1.13216,1.4139,1.36781,3.34341,12.4358,1.1271,1.10278e-08,6.95818e-09,82.4718,130.707
0.35,4,0.5,0.575,17.0571,0.276146,37.5139,0.426562,36.1838,0.62681,61.0029,1.0789,6.26305,0.221033,9.97947,0.349999,0.19177,1.3267,2.48147,1.15416,0.730022,0.710231,1.75129,5.16335,1.1519,1.50126e-09,7.53791e-10,8.4438,16.8167,0.406807,0.497149,2.81438,5.26402,1.15416,1.18712,1.15493,2.84784,8.39632,1.1519,9.84558e-09,6.06641e-09,78.8081,127.903
0.35,4,0.5,0.625,2.52866,0.106324,5.89481,0.169091,5.27986,0.239436,8.93492,0.412907,1.07254,0.0914683,1.60122,0.140197,0.0367181,0.261003,0.37799,1.17634,0.145891,0.14383,0.359491,0.849069,1.17361,1.06348e-09,5.16721e-10,3.82736,7.87716,0.0766679,0.093814,0.544978,0.789248,1.17634,0.221131,0.218007,0.544889,1.28696,1.17361,8.80632e-09,5.30358e-09,47.9669,79.6465
0.35,4,0.5,0.675,0,0,0,0,0,0,0,0,0,0,0,0,0,0,0,1.1987,0,0,0,0,1.19224,7.97003e-10,3.73437e-10,0.280913,0.599534,0,0,0,0,1.1987,0,0,0,0,1.19224,7.52634e-09,4.40997e-09,6.84729,11.686
0.35,4,0.5,0.725,0,0,0,0,0,0,0,0,0,0,0,0,0,0,0,1.22124,0,0,0,0,1.2078,0,0,0,0,0,0,0,0,1.22124,0,0,0,0,1.2078,0,0,0,0
0.35,4,0.5,0.775,0,0,0,0,0,0,0,0,0,0,0,0,0,0,0,1.24395,0,0,0,0,1.22027,0,0,0,0,0,0,0,0,1.24395,0,0,0,0,1.22027,0,0,0,0
0.35,4,0.5,0.825,0,0,0,0,0,0,0,0,0,0,0,0,0,0,0,1.26685,0,0,0,0,1.22967,0,0,0,0,0,0,0,0,1.26685,0,0,0,0,1.22967,0,0,0,0
0.35,4,0.5,0.875,0,0,0,0,0,0,0,0,0,0,0,0,0,0,0,1.28992,0,0,0,0,1.23599,0,0,0,0,0,0,0,0,1.28992,0,0,0,0,1.23599,0,0,0,0
0.35,4,0.5,0.925,0,0,0,0,0,0,0,0,0,0,0,0,0,0,0,1.31318,0,0,0,0,1.23922,0,0,0,0,0,0,0,0,1.31318,0,0,0,0,1.23922,0,0,0,0
0.35,4,0.5,0.975,0,0,0,0,0,0,0,0,0,0,0,0,0,0,0,1.33661,0,0,0,0,1.23938,0,0,0,0,0,0,0,0,1.33661,0,0,0,0,1.23938,0,0,0,0
0.35,4,0.6,0.025,0,0,0,0,0,0,0,0,0,0,0,0,0,0,0,0.921978,0,0,0,0,0.709781,0,0,0,0,0,0,0,0,0.921978,0,0,0,0,0.709781,0,0,0,0
0.35,4,0.6,0.075,0,0,0,0,0,0,0,0,0,0,0,0,0,0,0,0.94219,0,0,0,0,0.765372,0,0,0,0,0,0,0,0,0.94219,0,0,0,0,0.765372,0,0,0,0
0.35,4,0.6,0.125,0,0,0,0,0,0,0,0,0,0,0,0,0,0,0,0.962582,0,0,0,0,0.817882,0,0,0,0,0,0,0,0,0.962582,0,0,0,0,0.817882,0,0,0,0
0.35,4,0.6,0.175,0,0,0,0,0,0,0,0,0,0,0,0,0,0,0,0.983152,0,0,0,0,0.867313,0,0,0,0,0,0,0,0,0.983152,0,0,0,0,0.867313,0,0,0,0
0.35,4,0.6,0.225,0,0,0,0,0,0,0,0,0,0,0,0,0,0,0,1.0039,0,0,0,0,0.913665,0,0,0,0,0,0,0,0,1.0039,0,0,0,0,0.913665,0,0,0,0
0.35,4,0.6,0.275,0,0,0,0,0,0,0,0,0,0,0,0,0,0,0,1.02483,0,0,0,0,0.956937,0,0,0,0,0,0,0,0,1.02483,0,0,0,0,0.956937,0,0,0,0
0.35,4,0.6,0.325,0,0,0,0,0,0,0,0,0,0,0,0,0,0,0,1.04594,0,0,0,0,0.997129,0,0,0,0,0,0,0,0,1.04594,0,0,0,0,0.997129,0,0,0,0
0.35,4,0.6,0.375,0,0,0,0,0,0,0,0,0,0,0,0,0,0,0,1.06722,0,0,0,0,1.03424,0,0,0,0,0,0,0,0,1.06722,0,0,0,0,1.03424,0,0,0,0
0.35,4,0.6,0.425,0,0,0,0,0,0,0,0,0,0,0,0,0,0,0,1.08869,0,0,0,0,1.06827,0,0,0,0,0,0,0,0,1.08869,0,0,0,0,1.06827,0,0,0,0
0.35,4,0.6,0.475,0,0,0,0,0,0,0,0,0,0,0,0,0,0,0,1.11033,0,0,0,0,1.09923,0,0,0,0,0,0,0,0,1.11033,0,0,0,0,1.09923,0,0,0,0
0.35,4,0.6,0.525,8.47578,0.196307,19.0242,0.36108,19.443,0.470208,32.3713,0.639907,3.40381,0.180758,5.09548,0.206018,0.072231,0.493253,1.20277,1.13216,0.286723,0.277376,0.678005,2.52184,1.1271,0,0,0,0,0.165694,0.203538,1.1315,2.7591,1.13216,0.487884,0.471979,1.15368,4.29113,1.1271,0,0,0,0
0.35,4,0.6,0.575,24.5756,0.334271,51.4326,0.593704,50.4269,0.75725,85.1262,1.03769,9.08815,0.29536,13.707,0.337897,0.276299,1.9115,3.57527,1.15416,1.00088,0.973746,2.40107,7.07909,1.1519,1.6579e-09,8.38687e-10,3.07002,6.06874,0.56694,0.692843,3.92221,7.33612,1.15416,1.65656,1.61165,3.974,11.7166,1.1519,1.03672e-08,6.41694e-09,27.1595,43.879
0.35,4,0.6,0.625,22.5671,0.32032,51.1422,0.592026,46.9989,0.731058,81.7895,1.01715,8.21597,0.28083,13.0733,0.329994,0.327693,2.32934,3.37339,1.17634,1.26572,1.24784,3.11887,7.36635,1.17361,1.11072e-09,5.42948e-10,5.84152,11.9501,0.682462,0.835089,4.85114,7.02552,1.17634,2.02422,1.99562,4.98787,11.7807,1.17361,8.90265e-09,5.37836e-09,69.0957,114.372
0.35,4,0.6,0.675,16.4103,0.273152,40.8082,0.52884,35.8175,0.638198,67.1606,0.921709,5.85842,0.23714,10.188,0.291312,0.301228,2.20735,2.52578,1.1987,1.26255,1.26429,3.20511,6.19285,1.19224,8.83e-10,4.23533e-10,3.64455,7.59829,0.657468,0.80785,4.81781,5.51284,1.1987,2.07786,2.08072,5.27484,10.192,1.19224,8.01299e-09,4.76079e-09,62.4063,105.037
0.35,4,0.6,0.725,5.33596,0.155759,14.3544,0.313649,11.8948,0.367778,21.6993,0.523913,1.85442,0.133419,3.15655,0.162151,0.121385,0.915947,0.847219,1.22124,0.545883,0.555197,1.42616,2.3081,1.2078,8.21331e-10,3.93374e-10,1.26667,2.6447,0.270588,0.334226,2.0418,1.8886,1.22124,0.8252,0.83928,2.1559,3.48911,1.2078,7.28481e-09,4.26915e-09,47.1846,80.515
0.35,4,0.6,0.775,0.0996559,0.0212862,0.0938515,0.0253613,0.184786,0.0458397,-nan,-nan,0.0176889,0.0130306,0.024893,0.0143996,0.00276029,0.0213916,0.0163501,1.24395,0.004319,0.00445691,0.0115833,0.0160629,1.22027,9.29883e-10,4.44885e-10,0.00769798,0.01609,0.00511824,0.00635666,0.0396651,0.030317,1.24395,-nan,-nan,-nan,-nan,1.22027,6.54272e-09,3.75291e-09,14.4516,25.1945
0.35,4,0.6,0.825,0,0,0,0,0,0,0,0,0,0,0,0,0,0,0,1.26685,0,0,0,0,1.22967,0,0,0,0,0,0,0,0,1.26685,0,0,0,0,1.22967,7.24292e-09,4.10818e-09,0.186364,0.328568
0.35,4,0.6,0.875,0,0,0,0,0,0,0,0,0,0,0,0,0,0,0,1.28992,0,0,0,0,1.23599,0,0,0,0,0,0,0,0,1.28992,0,0,0,0,1.23599,0,0,0,0
0.35,4,0.6,0.925,0,0,0,0,0,0,0,0,0,0,0,0,0,0,0,1.31318,0,0,0,0,1.23922,0,0,0,0,0,0,0,0,1.31318,0,0,0,0,1.23922,0,0,0,0
0.35,4,0.6,0.975,0,0,0,0,0,0,0,0,0,0,0,0,0,0,0,1.33661,0,0,0,0,1.23938,0,0,0,0,0,0,0,0,1.33661,0,0,0,0,1.23938,0,0,0,0
0.35,4,0.7,0.025,0,0,0,0,0,0,0,0,0,0,0,0,0,0,0,0.921978,0,0,0,0,0.709781,0,0,0,0,0,0,0,0,0.921978,0,0,0,0,0.709781,0,0,0,0
0.35,4,0.7,0.075,0,0,0,0,0,0,0,0,0,0,0,0,0,0,0,0.94219,0,0,0,0,0.765372,0,0,0,0,0,0,0,0,0.94219,0,0,0,0,0.765372,0,0,0,0
0.35,4,0.7,0.125,0,0,0,0,0,0,0,0,0,0,0,0,0,0,0,0.962582,0,0,0,0,0.817882,0,0,0,0,0,0,0,0,0.962582,0,0,0,0,0.817882,0,0,0,0
0.35,4,0.7,0.175,0,0,0,0,0,0,0,0,0,0,0,0,0,0,0,0.983152,0,0,0,0,0.867313,0,0,0,0,0,0,0,0,0.983152,0,0,0,0,0.867313,0,0,0,0
0.35,4,0.7,0.225,0,0,0,0,0,0,0,0,0,0,0,0,0,0,0,1.0039,0,0,0,0,0.913665,0,0,0,0,0,0,0,0,1.0039,0,0,0,0,0.913665,0,0,0,0
0.35,4,0.7,0.275,0,0,0,0,0,0,0,0,0,0,0,0,0,0,0,1.02483,0,0,0,0,0.956937,0,0,0,0,0,0,0,0,1.02483,0,0,0,0,0.956937,0,0,0,0
0.35,4,0.7,0.325,0,0,0,0,0,0,0,0,0,0,0,0,0,0,0,1.04594,0,0,0,0,0.997129,0,0,0,0,0,0,0,0,1.04594,0,0,0,0,0.997129,0,0,0,0
0.35,4,0.7,0.375,0,0,0,0,0,0,0,0,0,0,0,0,0,0,0,1.06722,0,0,0,0,1.03424,0,0,0,0,0,0,0,0,1.06722,0,0,0,0,1.03424,0,0,0,0
0.35,4,0.7,0.425,0,0,0,0,0,0,0,0,0,0,0,0,0,0,0,1.08869,0,0,0,0,1.06827,0,0,0,0,0,0,0,0,1.08869,0,0,0,0,1.06827,0,0,0,0
0.35,4,0.7,0.475,0,0,0,0,0,0,0,0,0,0,0,0,0,0,0,1.11033,0,0,0,0,1.09923,0,0,0,0,0,0,0,0,1.11033,0,0,0,0,1.09923,0,0,0,0
0.35,4,0.7,0.525,0,0,0,0,0,0,0,0,0,0,0,0,0,0,0,1.13216,0,0,0,0,1.1271,0,0,0,0,0,0,0,0,1.13216,0,0,0,0,1.1271,0,0,0,0
0.35,4,0.7,0.575,0.27205,0.0355669,0.462139,0.0623583,0.617624,0.0776868,0.909975,0.104192,0.142553,0.0399293,0.22257,0.0422434,0.0030586,0.02116,0.0395778,1.15416,0.00899323,0.00874942,0.0215743,0.0636079,1.1519,0,0,0,0,0.00694383,0.00848588,0.0480388,0.089852,1.15416,0.0177081,0.0172281,0.042481,0.125247,1.1519,0,0,0,0
0.35,4,0.7,0.625,12.115,0.237347,26.0999,0.468628,24.5327,0.489618,44.571,0.729198,4.50862,0.224556,6.97252,0.236439,0.17592,1.25049,1.81099,1.17634,0.64595,0.636825,1.59169,3.75935,1.17361,1.25268e-09,6.21225e-10,0.0705899,0.142342,0.356234,0.435903,2.53222,3.66721,1.17634,1.10309,1.08751,2.71813,6.41986,1.17361,9.3268e-09,5.69361e-09,0.731858,1.19887
0.35,4,0.7,0.675,20.8848,0.311628,49.5883,0.645949,41.609,0.637645,79.0929,0.971377,7.34053,0.286528,12.8034,0.320396,0.383363,2.80921,3.21447,1.1987,1.5342,1.53631,3.8947,7.52528,1.19224,9.13527e-10,4.42012e-10,2.27052,4.69258,0.763777,0.938475,5.59682,6.40423,1.1987,2.44703,2.4504,6.21202,12.0028,1.19224,8.38305e-09,5.02398e-09,32.9671,55.009
0.35,4,0.7,0.725,18.4443,0.292855,47.1233,0.629689,38.6386,0.614463,73.3065,0.93517,6.69694,0.273679,11.9017,0.308909,0.419581,3.16606,2.9285,1.22124,1.79204,1.82262,4.68185,7.57713,1.2078,8.09824e-10,3.88827e-10,1.71659,3.5752,0.87897,1.08569,6.63252,6.13485,1.22124,2.78776,2.83533,7.28324,11.7872,1.2078,7.31139e-09,4.29685e-09,57.8056,98.3603
0.35,4,0.7,0.775,9.35196,0.208532,24.0826,0.450153,18.5058,0.425245,37.6248,0.669971,3.34738,0.193489,6.13202,0.221731,0.259033,2.00744,1.53433,1.24395,1.10827,1.14366,2.97231,4.12178,1.22027,9.24092e-10,4.49998e-10,0.250832,0.515095,0.512577,0.636602,3.97235,3.03616,1.24395,1.73148,1.78676,4.64371,6.43957,1.22027,6.70591e-09,3.9067e-09,50.0968,85.9918
0.35,4,0.7,0.825,0.124189,0.0240305,0.255295,0.0463479,0.204449,0.0446969,0.389638,0.0681789,0.0336554,0.0194013,0.0468526,0.0193817,0.0041237,0.0327246,0.0210853,1.26685,0.0140185,0.0146578,0.0384847,0.0466759,1.22967,0,0,0,0,0.00678876,0.00847631,0.0538737,0.0347123,1.26685,0.0213953,0.022371,0.0587363,0.0712379,1.22967,6.68556e-09,3.91005e-09,25.2051,43.0967
0.35,4,0.7,0.875,0,0,0,0,0,0,0,0,0,0,0,0,0,0,0,1.28992,0,0,0,0,1.23599,0,0,0,0,0,0,0,0,1.28992,0,0,0,0,1.23599,7.80201e-09,4.63343e-09,0.273778,0.461003
0.35,4,0.7,0.925,0,0,0,0,0,0,0,0,0,0,0,0,0,0,0,1.31318,0,0,0,0,1.23922,0,0,0,0,0,0,0,0,1.31318,0,0,0,0,1.23922,0,0,0,0
0.35,4,0.7,0.975,0,0,0,0,0,0,0,0,0,0,0,0,0,0,0,1.33661,0,0,0,0,1.23938,0,0,0,0,0,0,0,0,1.33661,0,0,0,0,1.23938,0,0,0,0
0.45,4,0.4,0.025,0,0,0,0,0,0,0,0,0,0,0,0,0,0,0,0.869295,0,-0,0,-0,0.71206,0,0,0,0,0,-0,0,0,0.869295,0,-0,0,-0,0.71206,0,0,0,0
0.45,4,0.4,0.075,0,0,0,0,0,0,0,0,0,0,0,0,0,0,0,0.910998,0,-0,0,-0,0.784651,0,0,0,0,0,-0,0,0,0.910998,0,-0,0,-0,0.784651,0,0,0,0
0.45,4,0.4,0.125,0,0,0,0,0,0,0,0,0,0,0,0,0,0,0,0.950111,0,-0,0,0,0.850961,0,0,0,0,0,-0,0,0,0.950111,0,-0,0,0,0.850961,0,0,0,0
0.45,4,0.4,0.175,0,0,0,0,0,0,0,0,0,0,0,0,0,0,0,0.986636,0,-0,0,0,0.91099,0,0,0,0,0,-0,0,0,0.986636,0,-0,0,0,0.91099,0,0,0,0
0.45,4,0.4,0.225,0,0,0,0,0,0,0,0,0,0,0,0,0,0,0,1.02057,0,-0,0,0,0.964737,0,0,0,0,0,-0,0,0,1.02057,0,-0,0,0,0.964737,0,0,0,0
0.45,4,0.4,0.275,0,0,0,0,0,0,0,0,0,0,0,0,0,0,0,1.05192,0,-0,0,0,1.0122,0,0,0,0,0,-0,0,0,1.05192,0,-0,0,0,1.0122,0,0,0,0
0.45,4,0.4,0.325,5.84754,0.15768,11.457,0.339775,12.9606,0.343068,18.9984,0.558521,2.28415,0.152472,2.67624,0.195614,0.0187857,0.167675,0.664318,1.08068,0.125028,0.0399422,0.216216,1.08888,1.05339,0,0,0,0,0.0416371,0.0183463,0.371639,1.47241,1.08068,0.207326,0.0662335,0.358537,1.80562,1.05339,0,0,0,0
0.45,4,0.4,0.375,35.695,0.389576,72.9276,0.857238,76.8647,0.83547,115.864,1.37929,12.043,0.350102,16.2717,0.482341,0.154725,1.19615,4.24199,1.10684,0.921612,0.675915,1.61177,7.72924,1.08829,5.64046e-09,3.35272e-09,5.00315,8.41706,0.333182,0.383964,2.57577,9.13459,1.10684,1.46422,1.07386,2.56072,12.2799,1.08829,1.81226e-08,1.25415e-08,21.4188,30.9504
0.45,4,0.4,0.425,38.6687,0.40548,81.7018,0.907343,84.8654,0.877875,126.945,1.44374,11.5433,0.342761,17.6835,0.502831,0.220426,1.60914,4.73546,1.13042,1.2208,1.26699,2.18822,9.24697,1.11692,4.20867e-09,2.40897e-09,19.7009,34.419,0.483765,0.715935,3.53155,10.3928,1.13042,1.89683,1.9686,3.39997,14.3676,1.11692,1.62288e-08,1.09548e-08,109.571,162.321
0.45,4,0.4,0.475,15.1656,0.253933,34.4952,0.58957,32.752,0.545363,50.2334,0.908191,5.16565,0.229292,7.25943,0.322173,0.110857,0.80353,1.88771,1.15142,0.61495,0.765927,1.13552,4.02297,1.13926,3.3947e-09,1.85223e-09,13.3158,24.4047,0.239409,0.384441,1.73532,4.07675,1.15142,0.895516,1.11538,1.65359,5.85842,1.13926,1.47437e-08,9.61582e-09,111.138,170.404
0.45,4,0.4,0.525,1.45245,0.0785851,3.50063,0.187814,3.2707,0.172341,5.44821,0.299094,0.291898,0.0545058,0.483565,0.0831506,0.0133085,0.0982167,0.181373,1.16982,0.0745364,0.102769,0.141796,0.407187,1.15532,2.87543e-09,1.50125e-09,1.67997,3.21774,0.0299688,0.048736,0.221169,0.408425,1.16982,0.116005,0.159945,0.220685,0.633726,1.15532,1.26534e-08,7.93868e-09,38.8464,61.9172
0.45,4,0.4,0.575,0,0,0,0,0,0,0,0,0,0,0,0,0,0,0,1.18563,0,0,0,0,1.1651,0,0,0,0,0,0,0,0,1.18563,0,0,0,0,1.1651,1.19834e-08,7.27475e-09,2.93632,4.83687
0.45,4,0.4,0.625,0,0,0,0,0,0,0,0,0,0,0,0,0,0,0,1.19885,0,0,0,0,1.1686,0,0,0,0,0,0,0,0,1.19885,0,0,0,0,1.1686,0,0,0,0
0.45,4,0.4,0.675,0,0,0,0,0,0,0,0,0,0,0,0,0,0,0,1.20949,0,0,0,0,1.16582,0,0,0,0,0,0,0,0,1.20949,0,0,0,0,1.16582,0,0,0,0
0.45,4,0.4,0.725,0,0,0,0,0,0,0,0,0,0,0,0,0,0,0,1.21753,0,0,0,0,1.15675,0,0,0,0,0,0,0,0,1.21753,0,0,0,0,1.15675,0,0,0,0
0.45,4,0.4,0.775,0,0,0,0,0,0,0,0,0,0,0,0,0,0,0,1.22299,0,0,0,0,1.14141,0,0,0,0,0,0,0,0,1.22299,0,0,0,0,1.14141,0,0,0,0
0.45,4,0.4,0.825,0,0,0,0,0,0,0,0,0,0,0,0,0,0,0,1.22586,0,0,0,0,1.11978,0,0,0,0,0,0,0,0,1.22586,0,0,0,0,1.11978,0,0,0,0
0.45,4,0.4,0.875,0,0,0,0,0,0,0,0,0,0,0,0,0,0,0,1.22614,0,0,0,0,1.09188,0,0,0,0,0,0,0,0,1.22614,0,0,0,0,1.09188,0,0,0,0
0.45,4,0.4,0.925,0,0,0,0,0,0,0,0,0,0,0,0,0,0,0,1.22383,0,0,0,-0,1.05769,0,0,0,0,0,0,0,0,1.22383,0,0,0,-0,1.05769,0,0,0,0
0.45,4,0.4,0.975,0,0,0,0,0,0,0,0,0,0,0,0,0,0,0,1.21893,0,0,0,-0,1.01722,0,0,0,0,0,0,0,0,1.21893,0,0,0,-0,1.01722,0,0,0,0
0.45,4,0.5,0.025,0,0,0,0,0,0,0,0,0,0,0,0,0,0,0,0.869295,0,-0,0,-0,0.71206,0,0,0,0,0,-0,0,0,0.869295,0,-0,0,-0,0.71206,0,0,0,0
0.45,4,0.5,0.075,0,0,0,0,0,0,0,0,0,0,0,0,0,0,0,0.910998,0,-0,0,-0,0.784651,0,0,0,0,0,-0,0,0,0.910998,0,-0,0,-0,0.784651,0,0,0,0
0.45,4,0.5,0.125,0,0,0,0,0,0,0,0,0,0,0,0,0,0,0,0.950111,0,-0,0,0,0.850961,0,0,0,0,0,-0,0,0,0.950111,0,-0,0,0,0.850961,0,0,0,0
0.45,4,0.5,0.175,0,0,0,0,0,0,0,0,0,0,0,0,0,0,0,0.986636,0,-0,0,0,0.91099,0,0,0,0,0,-0,0,0,0.986636,0,-0,0,0,0.91099,0,0,0,0
0.45,4,0.5,0.225,0,0,0,0,0,0,0,0,0,0,0,0,0,0,0,1.02057,0,-0,0,0,0.964737,0,0,0,0,0,-0,0,0,1.02057,0,-0,0,0,0.964737,0,0,0,0
0.45,4,0.5,0.275,0,0,0,0,0,0,0,0,0,0,0,0,0,0,0,1.05192,0,-0,0,0,1.0122,0,0,0,0,0,-0,0,0,1.05192,0,-0,0,0,1.0122,0,0,0,0
0.45,4,0.5,0.325,0,0,0,0,0,0,0,0,0,0,0,0,0,0,0,1.08068,0,0,0,0,1.05339,0,0,0,0,0,0,0,0,1.08068,0,0,0,0,1.05339,0,0,0,0
0.45,4,0.5,0.375,0,0,0,0,0,0,0,0,0,0,0,0,0,0,0,1.10684,0,0,0,0,1.08829,0,0,0,0,0,0,0,0,1.10684,0,0,0,0,1.08829,0,0,0,0
0.45,4,0.5,0.425,13.0806,0.2436,26.4012,0.541953,25.2069,0.442323,43.2042,0.89129,4.55697,0.210873,6.06478,0.327407,0.0745641,0.544329,1.60188,1.13042,0.39449,0.409417,0.707105,2.98808,1.11692,0,0,0,0,0.143689,0.212648,1.04895,3.08689,1.13042,0.645563,0.66999,1.15714,4.88983,1.11692,0,0,0,0
0.45,4,0.5,0.475,32.2134,0.38228,72.2771,0.896706,67.3629,0.723087,110.921,1.42811,11.0243,0.327987,15.7699,0.527953,0.235472,1.70679,4.00972,1.15142,1.28849,1.60483,2.37922,8.42923,1.13926,3.50308e-09,1.89626e-09,6.42034,11.8606,0.492407,0.790702,3.56914,8.38491,1.15142,1.9774,2.46287,3.6513,12.936,1.13926,1.68372e-08,1.09134e-08,43.6836,67.3951
0.45,4,0.5,0.525,32.2749,0.382645,73.5618,0.90464,66.9315,0.720768,115.407,1.4567,10.7497,0.323878,15.9222,0.530497,0.295729,2.18247,4.0303,1.16982,1.5663,2.15958,2.9797,8.55658,1.15532,2.75731e-09,1.43097e-09,9.06166,17.4607,0.613281,0.997333,4.52599,8.358,1.16982,2.45727,3.38804,4.67466,13.4239,1.15532,1.46387e-08,9.1805e-09,100.375,160.052
0.45,4,0.5,0.575,15.195,0.262551,34.1141,0.616051,30.9958,0.490492,50.8391,0.96684,4.74607,0.215203,7.40528,0.361786,0.171088,1.29956,1.87906,1.18563,0.864373,1.26113,1.69025,3.82974,1.1651,2.37067e-09,1.18403e-09,3.93412,7.87686,0.348998,0.555589,2.65094,3.83304,1.18563,1.28815,1.87942,2.51892,5.70733,1.1651,1.33765e-08,8.10358e-09,93.0495,153.596
0.45,4,0.5,0.625,1.49675,0.082402,3.47529,0.196628,3.4604,0.163887,6.00857,0.332385,0.550626,0.0733011,0.695494,0.110873,0.0203556,0.159699,0.180869,1.19885,0.104131,0.156513,0.208659,0.363018,1.1686,2.34876e-09,1.14148e-09,0.198237,0.407902,0.0470611,0.0720095,0.369217,0.41816,1.19885,0.180037,0.270602,0.360759,0.627637,1.1686,1.26261e-08,7.3803e-09,40.9289,70.0206
0.45,4,0.5,0.675,0,0,0,0,0,0,0,0,0,0,0,0,0,0,0,1.20949,0,0,0,0,1.16582,0,0,0,0,0,0,0,0,1.20949,0,0,0,0,1.16582,1.40893e-08,8.01315e-09,4.45699,7.83663
0.45,4,0.5,0.725,0,0,0,0,0,0,0,0,0,0,0,0,0,0,0,1.21753,0,0,0,0,1.15675,0,0,0,0,0,0,0,0,1.21753,0,0,0,0,1.15675,0,0,0,0
0.45,4,0.5,0.775,0,0,0,0,0,0,0,0,0,0,0,0,0,0,0,1.22299,0,0,0,0,1.14141,0,0,0,0,0,0,0,0,1.22299,0,0,0,0,1.14141,0,0,0,0
0.45,4,0.5,0.825,0,0,0,0,0,0,0,0,0,0,0,0,0,0,0,1.22586,0,0,0,0,1.11978,0,0,0,0,0,0,0,0,1.22586,0,0,0,0,1.11978,0,0,0,0
0.45,4,0.5,0.875,0,0,0,0,0,0,0,0,0,0,0,0,0,0,0,1.22614,0,0,0,0,1.09188,0,0,0,0,0,0,0,0,1.22614,0,0,0,0,1.09188,0,0,0,0
0.45,4,0.5,0.925,0,0,0,0,0,0,0,0,0,0,0,0,0,0,0,1.22383,0,0,0,-0,1.05769,0,0,0,0,0,0,0,0,1.22383,0,0,0,-0,1.05769,0,0,0,0
0.45,4,0.5,0.975,0,0,0,0,0,0,0,0,0,0,0,0,0,0,0,1.21893,0,0,0,-0,1.01722,0,0,0,0,0,0,0,0,1.21893,0,0,0,-0,1.01722,0,0,0,0
0.45,4,0.6,0.025,0,0,0,0,0,0,0,0,0,0,0,0,0,0,0,0.869295,0,-0,0,-0,0.71206,0,0,0,0,0,-0,0,0,0.869295,0,-0,0,-0,0.71206,0,0,0,0
0.45,4,0.6,0.075,0,0,0,0,0,0,0,0,0,0,0,0,0,0,0,0.910998,0,-0,0,-0,0.784651,0,0,0,0,0,-0,0,0,0.910998,0,-0,0,-0,0.784651,0,0,0,0
0.45,4,0.6,0.125,0,0,0,0,0,0,0,0,0,0,0,0,0,0,0,0.950111,0,-0,0,0,0.850961,0,0,0,0,0,-0,0,0,0.950111,0,-0,0,0,0.850961,0,0,0,0
0.45,4,0.6,0.175,0,0,0,0,0,0,0,0,0,0,0,0,0,0,0,0.986636,0,-0,0,0,0.91099,0,0,0,0,0,-0,0,0,0.986636,0,-0,0,0,0.91099,0,0,0,0
0.45,4,0.6,0.225,0,0,0,0,0,0,0,0,0,0,0,0,0,0,0,1.02057,0,-0,0,0,0.964737,0,0,0,0,0,-0,0,0,1.02057,0,-0,0,0,0.964737,0,0,0,0
0.45,4,0.6,0.275,0,0,0,0,0,0,0,0,0,0,0,0,0,0,0,1.05192,0,-0,0,0,1.0122,0,0,0,0,0,-0,0,0,1.05192,0,-0,0,0,1.0122,0,0,0,0
0.45,4,0.6,0.325,0,0,0,0,0,0,0,0,0,0,0,0,0,0,0,1.08068,0,0,0,0,1.05339,0,0,0,0,0,0,0,0,1.08068,0,0,0,0,1.05339,0,0,0,0
0.45,4,0.6,0.375,0,0,0,0,0,0,0,0,0,0,0,0,0,0,0,1.10684,0,0,0,0,1.08829,0,0,0,0,0,0,0,0,1.10684,0,0,0,0,1.08829,0,0,0,0
0.45,4,0.6,0.425,0,0,0,0,0,0,0,0,0,0,0,0,0,0,0,1.13042,0,0,0,0,1.11692,0,0,0,0,0,0,0,0,1.13042,0,0,0,0,1.11692,0,0,0,0
0.45,4,0.6,0.475,0.899843,0.0793994,1.7594,0.160089,1.70001,0.150767,2.68545,0.217013,0.229244,0.0528103,0.647346,0.13478,0.00657764,0.0476771,0.112007,1.15142,0.031365,0.0390654,0.0579159,0.205188,1.13926,0,0,0,0,0.0124266,0.0199546,0.0900728,0.211606,1.15142,0.0478737,0.0596273,0.0883997,0.313187,1.13926,0,0,0,0
0.45,4,0.6,0.525,17.8534,0.353667,36.572,0.729885,35.0528,0.684607,56.029,0.991253,5.45547,0.257624,7.91809,0.471374,0.163588,1.20727,2.22943,1.16982,0.778703,1.07366,1.48139,4.254,1.15532,2.58615e-09,1.32603e-09,0.530979,1.03556,0.321182,0.522314,2.37031,4.37718,1.16982,1.19299,1.64487,2.26951,6.5172,1.15532,1.5767e-08,9.84928e-09,4.68865,7.50569
0.45,4,0.6,0.575,26.5941,0.431645,63.758,0.963711,54.799,0.855986,91.8314,1.26904,8.22884,0.316402,14.8284,0.645063,0.299436,2.27448,3.28871,1.18563,1.61548,2.35701,3.15901,7.15765,1.1651,2.27434e-09,1.13355e-09,3.60486,7.23274,0.61701,0.982253,4.68673,6.77662,1.18563,2.3268,3.39483,4.54996,10.3092,1.1651,1.43351e-08,8.7161e-09,53.9829,88.7838
0.45,4,0.6,0.625,18.839,0.363297,46.7526,0.825244,41.9303,0.748762,71.8355,1.1224,6.26663,0.276113,10.887,0.552727,0.256208,2.01007,2.27653,1.19885,1.40086,2.10555,2.80706,4.88364,1.1686,2.13985e-09,1.0394e-09,1.51682,3.12272,0.570247,0.87255,4.47386,5.06691,1.19885,2.15243,3.23518,4.31306,7.50372,1.1686,1.28272e-08,7.54114e-09,80.1391,136.314
0.45,4,0.6,0.675,5.07274,0.188519,12.5216,0.42708,13.4882,0.424675,20.6493,0.601771,1.77001,0.146743,3.41001,0.309338,0.0820968,0.665221,0.59051,1.20949,0.440374,0.670668,0.901399,1.16327,1.16582,2.1423e-09,1.02615e-09,0.150668,0.314549,0.218292,0.317721,1.76879,1.57014,1.20949,0.72622,1.106,1.4865,1.91835,1.16582,1.2443e-08,7.14479e-09,60.3028,105.02
0.45,4,0.6,0.725,0.0358737,0.0173782,0.0291087,0.0205916,0.0283479,0.0309267,0.0376048,0.0256803,0,0,0,0,0.000682018,0.00569828,0.00395919,1.21753,0.00119215,0.00182055,0.00248552,0.00225871,1.15675,0,0,0,0,0.000538939,0.000741649,0.00450285,0.0031286,1.21753,0.00154011,0.00235192,0.00321097,0.00291797,1.15675,1.31844e-08,7.45621e-09,16.8934,29.8717
0.45,4,0.6,0.775,0,0,0,0,0,0,0,0,0,0,0,0,0,0,0,1.22299,0,0,0,0,1.14141,0,0,0,0,0,0,0,0,1.22299,0,0,0,0,1.14141,1.81065e-08,1.01605e-08,0.0208324,0.0371243
0.45,4,0.6,0.825,0,0,0,0,0,0,0,0,0,0,0,0,0,0,0,1.22586,0,0,0,0,1.11978,0,0,0,0,0,0,0,0,1.22586,0,0,0,0,1.11978,0,0,0,0
0.45,4,0.6,0.875,0,0,0,0,0,0,0,0,0,0,0,0,0,0,0,1.22614,0,0,0,0,1.09188,0,0,0,0,0,0,0,0,1.22614,0,0,0,0,1.09188,0,0,0,0
0.45,4,0.6,0.925,0,0,0,0,0,0,0,0,0,0,0,0,0,0,0,1.22383,0,0,0,-0,1.05769,0,0,0,0,0,0,0,0,1.22383,0,0,0,-0,1.05769,0,0,0,0
0.45,4,0.6,0.975,0,0,0,0,0,0,0,0,0,0,0,0,0,0,0,1.21893,0,0,0,-0,1.01722,0,0,0,0,0,0,0,0,1.21893,0,0,0,-0,1.01722,0,0,0,0
0.45,4,0.7,0.025,0,0,0,0,0,0,0,0,0,0,0,0,0,0,0,0.869295,0,-0,0,-0,0.71206,0,0,0,0,0,-0,0,0,0.869295,0,-0,0,-0,0.71206,0,0,0,0
0.45,4,0.7,0.075,0,0,0,0,0,0,0,0,0,0,0,0,0,0,0,0.910998,0,-0,0,-0,0.784651,0,0,0,0,0,-0,0,0,0.910998,0,-0,0,-0,0.784651,0,0,0,0
0.45,4,0.7,0.125,0,0,0,0,0,0,0,0,0,0,0,0,0,0,0,0.950111,0,-0,0,0,0.850961,0,0,0,0,0,-0,0,0,0.950111,0,-0,0,0,0.850961,0,0,0,0
0.45,4,0.7,0.175,0,0,0,0,0,0,0,0,0,0,0,0,0,0,0,0.986636,0,-0,0,0,0.91099,0,0,0,0,0,-0,0,0,0.986636,0,-0,0,0,0.91099,0,0,0,0
0.45,4,0.7,0.225,0,0,0,0,0,0,0,0,0,0,0,0,0,0,0,1.02057,0,-0,0,0,0.964737,0,0,0,0,0,-0,0,0,1.02057,0,-0,0,0,0.964737,0,0,0,0
0.45,4,0.7,0.275,0,0,0,0,0,0,0,0,0,0,0,0,0,0,0,1.05192,0,-0,0,0,1.0122,0,0,0,0,0,-0,0,0,1.05192,0,-0,0,0,1.0122,0,0,0,0
0.45,4,0.7,0.325,0,0,0,0,0,0,0,0,0,0,0,0,0,0,0,1.08068,0,0,0,0,1.05339,0,0,0,0,0,0,0,0,1.08068,0,0,0,0,1.05339,0,0,0,0
0.45,4,0.7,0.375,0,0,0,0,0,0,0,0,0,0,0,0,0,0,0,1.10684,0,0,0,0,1.08829,0,0,0,0,0,0,0,0,1.10684,0,0,0,0,1.08829,0,0,0,0
0.45,4,0.7,0.425,0,0,0,0,0,0,0,0,0,0,0,0,0,0,0,1.13042,0,0,0,0,1.11692,0,0,0,0,0,0,0,0,1.13042,0,0,0,0,1.11692,0,0,0,0
0.45,4,0.7,0.475,0,0,0,0,0,0,0,0,0,0,0,0,0,0,0,1.15142,0,0,0,0,1.13926,0,0,0,0,0,0,0,0,1.15142,0,0,0,0,1.13926,0,0,0,0
0.45,4,0.7,0.525,0,0,0,0,0,0,0,0,0,0,0,0,0,0,0,1.16982,0,0,0,0,1.15532,0,0,0,0,0,0,0,0,1.16982,0,0,0,0,1.15532,0,0,0,0
0.45,4,0.7,0.575,3.57118,0.188249,7.97911,0.234934,7.85054,0.446453,11.7804,0.537665,1.29085,0.104675,1.86346,0.176969,0.0402098,0.305428,0.441624,1.18563,0.202172,0.294972,0.39534,0.895756,1.1651,0,0,0,0,0.0883933,0.140718,0.671423,0.970822,1.18563,0.298488,0.435498,0.583681,1.3225,1.1651,0,0,0,0
0.45,4,0.7,0.625,16.2211,0.401205,38.1069,0.513418,32.569,0.909345,52.4217,1.1342,5.74928,0.220909,7.96963,0.365979,0.220606,1.73076,1.96018,1.19885,1.14181,1.71618,2.28797,3.98054,1.1686,2.05859e-09,9.95033e-10,0.469178,0.970664,0.442935,0.677747,3.47504,3.93569,1.19885,1.57073,2.36086,3.14744,5.47581,1.1686,1.31822e-08,7.79316e-09,14.615,24.7213
0.45,4,0.7,0.675,12.1397,0.34708,27.9791,0.439932,26.7027,0.823387,42.4772,1.02096,4.47818,0.194965,6.61962,0.333544,0.196468,1.59196,1.41316,1.20949,0.984002,1.49859,2.01415,2.5993,1.16582,2.1586e-09,1.03551e-09,0.155658,0.324481,0.432155,0.628995,3.5017,3.10842,1.20949,1.49389,2.27512,3.05783,3.94619,1.16582,1.22803e-08,7.07922e-09,49.5945,86.0314
0.45,4,0.7,0.725,1.87565,0.136427,4.65937,0.179528,3.50874,0.298471,7.0757,0.416694,0.727196,0.0785656,1.07617,0.134486,0.0356591,0.297932,0.207005,1.21753,0.190826,0.291412,0.397852,0.361547,1.15675,0,0,0,0,0.0667069,0.0917972,0.557338,0.387241,1.21753,0.289787,0.442536,0.604176,0.549044,1.15675,1.24454e-08,7.06724e-09,39.322,69.2459
0.45,4,0.7,0.775,0,0,0,0,0,0,0,0,0,0,0,0,0,0,0,1.22299,0,0,0,0,1.14141,0,0,0,0,0,0,0,0,1.22299,0,0,0,0,1.14141,1.36396e-08,7.76716e-09,7.43926,13.0638
0.45,4,0.7,0.825,0,0,0,0,0,0,0,0,0,0,0,0,0,0,0,1.22586,0,0,0,0,1.11978,0,0,0,0,0,0,0,0,1.22586,0,0,0,0,1.11978,0,0,0,0
0.45,4,0.7,0.875,0,0,0,0,0,0,0,0,0,0,0,0,0,0,0,1.22614,0,0,0,0,1.09188,0,0,0,0,0,0,0,0,1.22614,0,0,0,0,1.09188,0,0,0,0
0.45,4,0.7,0.925,0,0,0,0,0,0,0,0,0,0,0,0,0,0,0,1.22383,0,0,0,-0,1.05769,0,0,0,0,0,0,0,0,1.22383,0,0,0,-0,1.05769,0,0,0,0
0.45,4,0.7,0.975,0,0,0,0,0,0,0,0,0,0,0,0,0,0,0,1.21893,0,0,0,-0,1.01722,0,0,0,0,0,0,0,0,1.21893,0,0,0,-0,1.01722,0,0,0,0
0.45,4.75,0.4,0.025,0,0,0,0,0,0,0,0,0,0,0,0,-0,0,0,0.78414,-0,0,0,0,0.913031,0,0,0,0,-0,-0,0,0,0.784215,-0,0,0,0,0.913031,0,0,0,0
0.45,4.75,0.4,0.075,0,0,0,0,0,0,0,0,0,0,0,0,-0,0,0,0.842622,-0,-0,0,0,0.939108,0,0,0,0,-0,-0,0,0,0.842682,-0,-0,0,0,0.939108,0,0,0,0
0.45,4.75,0.4,0.125,0,0,0,0,0,0,0,0,0,0,0,0,-0,0,0,0.896708,-0,-0,0,0,0.964571,0,0,0,0,-0,-0,0,0,0.896754,-0,-0,0,0,0.964571,0,0,0,0
0.45,4.75,0.4,0.175,0,0,0,0,0,0,0,0,0,0,0,0,-0,0,0,0.946398,-0,0,0,0,0.989419,0,0,0,0,-0,-0,0,0,0.946433,-0,0,0,0,0.989419,0,0,0,0
0.45,4.75,0.4,0.225,0,0,0,0,0,0,0,0,0,0,0,0,-0,0,0,0.991693,-0,0,0,0,1.01365,0,0,0,0,-0,-0,0,0,0.991717,-0,0,0,0,1.01365,0,0,0,0
0.45,4.75,0.4,0.275,0,0,0,0,0,0,0,0,0,0,0,0,-0,0,0,1.03259,-0,0,0,0,1.03727,0,0,0,0,-0,0,0,0,1.03261,-0,0,0,0,1.03727,0,0,0,0
0.45,4.75,0.4,0.325,1.78373,0.0682514,3.10273,0.132085,3.57389,0.137227,5.07219,0.207037,0.540736,0.0599579,0.724414,0.0737852,0.00261133,0.0303045,0.214778,1.0691,0.0135775,0.0149161,0.0342724,0.386086,1.06027,0,0,0,0,0.00523208,0.00808954,0.0607184,0.43033,1.0691,0.0221959,0.0243841,0.0560268,0.631154,1.06027,0,0,0,0
0.45,4.75,0.4,0.375,21.4441,0.236647,40.55,0.477505,41.5664,0.467994,65.0222,0.741278,6.06597,0.200818,9.77064,0.27098,0.082145,0.510922,2.75911,1.1012,0.349487,0.306116,0.6124,5.05256,1.08266,2.66971e-09,1.49002e-09,0.975236,1.74736,0.159227,0.176463,0.990351,5.34814,1.10121,0.560404,0.49086,0.981987,8.10181,1.08266,8.95185e-09,5.95791e-09,4.38871,6.5941
0.45,4.75,0.4,0.425,22.3056,0.241354,45.2503,0.504421,43.3579,0.477973,67.9039,0.757526,6.97652,0.215364,9.58568,0.268403,0.133706,0.737078,2.99438,1.12892,0.562257,0.491675,0.921227,5.66811,1.10444,1.86355e-09,1.00769e-09,9.09485,16.8193,0.259899,0.284468,1.43274,5.82053,1.12891,0.84374,0.737823,1.38242,8.50574,1.10444,7.76843e-09,5.06916e-09,53.2447,81.5969
0.45,4.75,0.4,0.475,8.83095,0.151863,18.3596,0.321302,17.5487,0.304082,27.6157,0.48309,2.58134,0.131001,3.94895,0.172273,0.0702487,0.394266,1.21113,1.15223,0.290018,0.270935,0.4923,2.32096,1.1256,1.36982e-09,7.10179e-10,7.32883,14.1361,0.139597,0.161628,0.783477,2.40672,1.15223,0.436232,0.407529,0.740497,3.49109,1.1256,7.09351e-09,4.50092e-09,55.9058,88.1084
0.45,4.75,0.4,0.525,0.291207,0.0275771,0.715849,0.0634444,0.516502,0.0521681,1.11696,0.0971556,0.0578173,0.0196057,0.0784598,0.0242828,0.0028283,0.0170734,0.0400033,1.17115,0.0134091,0.0137611,0.0246753,0.0916765,1.14614,9.70122e-10,4.81147e-10,1.75362,3.53577,0.00501644,0.0062979,0.0302825,0.0709523,1.17115,0.0209225,0.0214718,0.0385014,0.143045,1.14614,6.08036e-09,3.74223e-09,21.6573,35.1887
0.45,4.75,0.4,0.575,0,0,0,0,0,0,0,0,0,0,0,0,0,0,0,1.18568,0,0,0,0,1.16607,8.29937e-10,3.9588e-10,0.0130687,0.0273976,0,0,0,0,1.18568,0,0,0,0,1.16607,4.97548e-09,2.9737e-09,0.554364,0.927541
0.45,4.75,0.4,0.625,0,0,0,0,0,0,0,0,0,0,0,0,0,0,0,1.19581,0,0,0,0,1.18538,0,0,0,0,0,0,0,0,1.19581,0,0,0,0,1.18538,0,0,0,0
0.45,4.75,0.4,0.675,0,0,0,0,0,0,0,0,0,0,0,0,0,0,0,1.20154,0,0,0,0,1.20408,0,0,0,0,0,0,0,0,1.20155,0,0,0,0,1.20408,0,0,0,0
0.45,4.75,0.4,0.725,0,0,0,0,0,0,0,0,0,0,0,0,0,0,0,1.20288,0,0,0,0,1.22217,0,0,0,0,0,0,0,0,1.20289,0,0,0,0,1.22217,0,0,0,0
0.45,4.75,0.4,0.775,0,0,0,0,0,0,0,0,0,0,0,0,0,0,0,1.19982,0,0,0,0,1.23964,0,0,0,0,0,0,0,0,1.19984,0,0,0,0,1.23964,0,0,0,0
0.45,4.75,0.4,0.825,0,0,0,0,0,0,0,0,0,0,0,0,0,0,0,1.19237,0,0,0,0,1.25649,0,0,0,0,0,0,0,0,1.1924,0,0,0,0,1.25649,0,0,0,0
0.45,4.75,0.4,0.875,0,0,0,0,0,0,0,0,0,0,0,0,0,0,0,1.18052,0,0,0,0,1.27273,0,0,0,0,0,0,0,0,1.18056,0,0,0,0,1.27273,0,0,0,0
0.45,4.75,0.4,0.925,0,0,0,0,0,0,0,0,0,0,0,0,0,0,0,1.16427,0,0,0,0,1.28836,0,0,0,0,0,0,0,0,1.16433,0,0,0,0,1.28836,0,0,0,0
0.45,4.75,0.4,0.975,0,0,0,0,0,0,0,0,0,0,0,0,0,0,0,1.14363,0,0,0,0,1.30337,0,0,0,0,0,0,0,0,1.1437,0,0,0,0,1.30337,0,0,0,0
0.45,4.75,0.5,0.025,0,0,0,0,0,0,0,0,0,0,0,0,-0,0,0,0.78414,-0,0,0,0,0.913031,0,0,0,0,-0,-0,0,0,0.784215,-0,0,0,0,0.913031,0,0,0,0
0.45,4.75,0.5,0.075,0,0,0,0,0,0,0,0,0,0,0,0,-0,0,0,0.842622,-0,-0,0,0,0.939108,0,0,0,0,-0,-0,0,0,0.842682,-0,-0,0,0,0.939108,0,0,0,0
0.45,4.75,0.5,0.125,0,0,0,0,0,0,0,0,0,0,0,0,-0,0,0,0.896708,-0,-0,0,0,0.964571,0,0,0,0,-0,-0,0,0,0.896754,-0,-0,0,0,0.964571,0,0,0,0
0.45,4.75,0.5,0.175,0,0,0,0,0,0,0,0,0,0,0,0,-0,0,0,0.946398,-0,0,0,0,0.989419,0,0,0,0,-0,-0,0,0,0.946433,-0,0,0,0,0.989419,0,0,0,0
0.45,4.75,0.5,0.225,0,0,0,0,0,0,0,0,0,0,0,0,-0,0,0,0.991693,-0,0,0,0,1.01365,0,0,0,0,-0,-0,0,0,0.991717,-0,0,0,0,1.01365,0,0,0,0
0.45,4.75,0.5,0.275,0,0,0,0,0,0,0,0,0,0,0,0,-0,0,0,1.03259,-0,0,0,0,1.03727,0,0,0,0,-0,0,0,0,1.03261,-0,0,0,0,1.03727,0,0,0,0
0.45,4.75,0.5,0.325,0,0,0,0,0,0,0,0,0,0,0,0,0,0,0,1.0691,0,0,0,0,1.06027,0,0,0,0,0,0,0,0,1.0691,0,0,0,0,1.06027,0,0,0,0
0.45,4.75,0.5,0.375,0,0,0,0,0,0,0,0,0,0,0,0,0,0,0,1.1012,0,0,0,0,1.08266,0,0,0,0,0,0,0,0,1.10121,0,0,0,0,1.08266,0,0,0,0
0.45,4.75,0.5,0.425,4.49343,0.101946,9.71334,0.223224,9.39238,0.208555,15.4632,0.350168,1.45814,0.0817874,2.32544,0.113527,0.0269348,0.148483,0.603214,1.12892,0.120693,0.105542,0.197749,1.21671,1.10444,0,0,0,0,0.0563005,0.0616225,0.310367,1.26087,1.12891,0.192138,0.168018,0.314807,1.93694,1.10444,0,0,0,0
0.45,4.75,0.5,0.475,18.902,0.209091,39.1244,0.448003,37.8041,0.418411,59.7947,0.688586,5.80547,0.163194,9.02904,0.223701,0.150362,0.843898,2.59233,1.15223,0.61803,0.577365,1.0491,4.94598,1.1256,1.55294e-09,8.0193e-10,1.74283,3.37499,0.300726,0.348186,1.6878,5.18467,1.15223,0.944548,0.882399,1.60336,7.55905,1.1256,8.12589e-09,5.12934e-09,13.0017,20.5972
0.45,4.75,0.5,0.525,17.5804,0.201649,37.9572,0.441269,35.8574,0.407496,60.4386,0.692284,5.19875,0.154431,8.71126,0.219729,0.170747,1.03074,2.41503,1.17115,0.711005,0.72967,1.30838,4.86106,1.14614,1.05972e-09,5.26825e-10,4.72092,9.49621,0.348259,0.437223,2.10232,4.92576,1.17115,1.13212,1.16184,2.08332,7.74018,1.14614,6.80965e-09,4.18739e-09,49.8668,81.0948
0.45,4.75,0.5,0.575,9.98024,0.151933,23.5735,0.347751,20.4814,0.307973,35.445,0.530157,3.14787,0.120169,5.16885,0.169256,0.112445,0.748481,1.34652,1.18568,0.500493,0.572005,1.02133,3.06954,1.16607,8.2369e-10,3.94891e-10,2.78054,5.79982,0.230759,0.317671,1.53603,2.76333,1.18568,0.752538,0.860063,1.53566,4.61534,1.16607,6.02672e-09,3.60239e-09,45.7078,76.4682
0.45,4.75,0.5,0.625,1.43109,0.0575328,3.93508,0.14208,3.28051,0.123255,6.12405,0.220367,0.48482,0.0471603,0.857364,0.0689334,0.0180577,0.134158,0.185742,1.19581,0.0916667,0.117584,0.210056,0.522777,1.18538,7.03006e-10,3.28848e-10,0.607541,1.29879,0.0413939,0.0628574,0.307532,0.425778,1.19581,0.142658,0.182992,0.326904,0.813583,1.18538,5.33491e-09,3.09968e-09,26.9511,46.3859
0.45,4.75,0.5,0.675,0,0,0,0,0,0,0,0,0,0,0,0,0,0,0,1.20154,0,0,0,0,1.20408,0,0,0,0,0,0,0,0,1.20155,0,0,0,0,1.20408,4.62093e-09,2.60218e-09,4.04228,7.17826
0.45,4.75,0.5,0.725,0,0,0,0,0,0,0,0,0,0,0,0,0,0,0,1.20288,0,0,0,0,1.22217,0,0,0,0,0,0,0,0,1.20289,0,0,0,0,1.22217,0,0,0,0
0.45,4.75,0.5,0.775,0,0,0,0,0,0,0,0,0,0,0,0,0,0,0,1.19982,0,0,0,0,1.23964,0,0,0,0,0,0,0,0,1.19984,0,0,0,0,1.23964,0,0,0,0
0.45,4.75,0.5,0.825,0,0,0,0,0,0,0,0,0,0,0,0,0,0,0,1.19237,0,0,0,0,1.25649,0,0,0,0,0,0,0,0,1.1924,0,0,0,0,1.25649,0,0,0,0
0.45,4.75,0.5,0.875,0,0,0,0,0,0,0,0,0,0,0,0,0,0,0,1.18052,0,0,0,0,1.27273,0,0,0,0,0,0,0,0,1.18056,0,0,0,0,1.27273,0,0,0,0
0.45,4.75,0.5,0.925,0,0,0,0,0,0,0,0,0,0,0,0,0,0,0,1.16427,0,0,0,0,1.28836,0,0,0,0,0,0,0,0,1.16433,0,0,0,0,1.28836,0,0,0,0
0.45,4.75,0.5,0.975,0,0,0,0,0,0,0,0,0,0,0,0,0,0,0,1.14363,0,0,0,0,1.30337,0,0,0,0,0,0,0,0,1.1437,0,0,0,0,1.30337,0,0,0,0
0.45,4.75,0.6,0.025,0,0,0,0,0,0,0,0,0,0,0,0,-0,0,0,0.78414,-0,0,0,0,0.913031,0,0,0,0,-0,-0,0,0,0.784215,-0,0,0,0,0.913031,0,0,0,0
0.45,4.75,0.6,0.075,0,0,0,0,0,0,0,0,0,0,0,0,-0,0,0,0.842622,-0,-0,0,0,0.939108,0,0,0,0,-0,-0,0,0,0.842682,-0,-0,0,0,0.939108,0,0,0,0
0.45,4.75,0.6,0.125,0,0,0,0,0,0,0,0,0,0,0,0,-0,0,0,0.896708,-0,-0,0,0,0.964571,0,0,0,0,-0,-0,0,0,0.896754,-0,-0,0,0,0.964571,0,0,0,0
0.45,4.75,0.6,0.175,0,0,0,0,0,0,0,0,0,0,0,0,-0,0,0,0.946398,-0,0,0,0,0.989419,0,0,0,0,-0,-0,0,0,0.946433,-0,0,0,0,0.989419,0,0,0,0
0.45,4.75,0.6,0.225,0,0,0,0,0,0,0,0,0,0,0,0,-0,0,0,0.991693,-0,0,0,0,1.01365,0,0,0,0,-0,-0,0,0,0.991717,-0,0,0,0,1.01365,0,0,0,0
0.45,4.75,0.6,0.275,0,0,0,0,0,0,0,0,0,0,0,0,-0,0,0,1.03259,-0,0,0,0,1.03727,0,0,0,0,-0,0,0,0,1.03261,-0,0,0,0,1.03727,0,0,0,0
0.45,4.75,0.6,0.325,0,0,0,0,0,0,0,0,0,0,0,0,0,0,0,1.0691,0,0,0,0,1.06027,0,0,0,0,0,0,0,0,1.0691,0,0,0,0,1.06027,0,0,0,0
0.45,4.75,0.6,0.375,0,0,0,0,0,0,0,0,0,0,0,0,0,0,0,1.1012,0,0,0,0,1.08266,0,0,0,0,0,0,0,0,1.10121,0,0,0,0,1.08266,0,0,0,0
0.45,4.75,0.6,0.425,0,0,0,0,0,0,0,0,0,0,0,0,0,0,0,1.12892,0,0,0,0,1.10444,0,0,0,0,0,0,0,0,1.12891,0,0,0,0,1.10444,0,0,0,0
0.45,4.75,0.6,0.475,0,0,0,0,0,0,0,0,0,0,0,0,0,0,0,1.15223,0,0,0,0,1.1256,0,0,0,0,0,0,0,0,1.15223,0,0,0,0,1.1256,0,0,0,0
0.45,4.75,0.6,0.525,6.99707,0.154842,14.7988,0.309792,14.4079,0.30065,23.1587,0.504915,2.4224,0.128346,3.57664,0.212395,0.0679578,0.410237,0.961191,1.17115,0.277208,0.284485,0.510114,1.89524,1.14614,0,0,0,0,0.139934,0.175681,0.844733,1.97922,1.17115,0.433804,0.445192,0.79828,2.96586,1.14614,0,0,0,0
0.45,4.75,0.6,0.575,14.8639,0.225682,33.9788,0.469419,30.8112,0.439658,52.5251,0.760404,4.91362,0.182793,8.14447,0.320507,0.167467,1.11473,2.00541,1.18568,0.72141,0.824488,1.47214,4.42443,1.16607,8.12249e-10,3.89273e-10,1.44151,3.00783,0.347143,0.47789,2.31073,4.15702,1.18568,1.11517,1.27451,2.27566,6.83936,1.16607,6.76066e-09,4.0529e-09,19.5336,32.5841
0.45,4.75,0.6,0.625,12.7034,0.208637,32.9787,0.462459,26.7609,0.409742,47.7191,0.724782,3.87118,0.162249,7.10651,0.299388,0.160294,1.19089,1.64878,1.19581,0.76823,0.985432,1.76041,4.38123,1.18538,6.795e-10,3.17606e-10,1.35519,2.89935,0.337672,0.512762,2.5087,3.4733,1.19581,1.1116,1.42589,2.54726,6.3395,1.18538,5.60013e-09,3.26395e-09,41.0069,70.3576
0.45,4.75,0.6,0.675,7.42645,0.159522,19.7875,0.358222,16.3194,0.319972,28.1869,0.557038,2.40684,0.127933,4.54079,0.239316,0.102236,0.853125,0.905914,1.20154,0.493154,0.713771,1.27896,2.69078,1.20408,6.52112e-10,3.01646e-10,0.343089,0.741703,0.22466,0.377716,1.87471,1.99071,1.20155,0.70249,1.01676,1.82186,3.83297,1.20408,5.15911e-09,2.94311e-09,36.6843,64.3055
0.45,4.75,0.6,0.725,0.538682,0.0429632,1.67753,0.104302,1.40032,0.093729,2.50731,0.166137,0.121358,0.0287272,0.325742,0.0640978,0.00792492,0.0745485,0.0600645,1.20288,0.043808,0.0718618,0.12932,0.234204,1.22217,7.27038e-10,3.36763e-10,0.0121581,0.026248,0.0206011,0.0384576,0.193791,0.156139,1.20289,0.0654772,0.107408,0.193287,0.350052,1.22217,5.05646e-09,2.84263e-09,21.9293,39.0077
0.45,4.75,0.6,0.775,0,0,0,0,0,0,0,0,0,0,0,0,0,0,0,1.19982,0,0,0,0,1.23964,0,0,0,0,0,0,0,0,1.19984,0,0,0,0,1.23964,5.62665e-09,3.12827e-09,1.88247,3.38589
0.45,4.75,0.6,0.825,0,0,0,0,0,0,0,0,0,0,0,0,0,0,0,1.19237,0,0,0,0,1.25649,0,0,0,0,0,0,0,0,1.1924,0,0,0,0,1.25649,0,0,0,0
0.45,4.75,0.6,0.875,0,0,0,0,0,0,0,0,0,0,0,0,0,0,0,1.18052,0,0,0,0,1.27273,0,0,0,0,0,0,0,0,1.18056,0,0,0,0,1.27273,0,0,0,0
0.45,4.75,0.6,0.925,0,0,0,0,0,0,0,0,0,0,0,0,0,0,0,1.16427,0,0,0,0,1.28836,0,0,0,0,0,0,0,0,1.16433,0,0,0,0,1.28836,0,0,0,0
0.45,4.75,0.6,0.975,0,0,0,0,0,0,0,0,0,0,0,0,0,0,0,1.14363,0,0,0,0,1.30337,0,0,0,0,0,0,0,0,1.1437,0,0,0,0,1.30337,0,0,0,0
0.45,4.75,0.7,0.025,0,0,0,0,0,0,0,0,0,0,0,0,-0,0,0,0.78414,-0,0,0,0,0.913031,0,0,0,0,-0,-0,0,0,0.784215,-0,0,0,0,0.913031,0,0,0,0
0.45,4.75,0.7,0.075,0,0,0,0,0,0,0,0,0,0,0,0,-0,0,0,0.842622,-0,-0,0,0,0.939108,0,0,0,0,-0,-0,0,0,0.842682,-0,-0,0,0,0.939108,0,0,0,0
0.45,4.75,0.7,0.125,0,0,0,0,0,0,0,0,0,0,0,0,-0,0,0,0.896708,-0,-0,0,0,0.964571,0,0,0,0,-0,-0,0,0,0.896754,-0,-0,0,0,0.964571,0,0,0,0
0.45,4.75,0.7,0.175,0,0,0,0,0,0,0,0,0,0,0,0,-0,0,0,0.946398,-0,0,0,0,0.989419,0,0,0,0,-0,-0,0,0,0.946433,-0,0,0,0,0.989419,0,0,0,0
0.45,4.75,0.7,0.225,0,0,0,0,0,0,0,0,0,0,0,0,-0,0,0,0.991693,-0,0,0,0,1.01365,0,0,0,0,-0,-0,0,0,0.991717,-0,0,0,0,1.01365,0,0,0,0
0.45,4.75,0.7,0.275,0,0,0,0,0,0,0,0,0,0,0,0,-0,0,0,1.03259,-0,0,0,0,1.03727,0,0,0,0,-0,0,0,0,1.03261,-0,0,0,0,1.03727,0,0,0,0
0.45,4.75,0.7,0.325,0,0,0,0,0,0,0,0,0,0,0,0,0,0,0,1.0691,0,0,0,0,1.06027,0,0,0,0,0,0,0,0,1.0691,0,0,0,0,1.06027,0,0,0,0
0.45,4.75,0.7,0.375,0,0,0,0,0,0,0,0,0,0,0,0,0,0,0,1.1012,0,0,0,0,1.08266,0,0,0,0,0,0,0,0,1.10121,0,0,0,0,1.08266,0,0,0,0
0.45,4.75,0.7,0.425,0,0,0,0,0,0,0,0,0,0,0,0,0,0,0,1.12892,0,0,0,0,1.10444,0,0,0,0,0,0,0,0,1.12891,0,0,0,0,1.10444,0,0,0,0
0.45,4.75,0.7,0.475,0,0,0,0,0,0,0,0,0,0,0,0,0,0,0,1.15223,0,0,0,0,1.1256,0,0,0,0,0,0,0,0,1.15223,0,0,0,0,1.1256,0,0,0,0
0.45,4.75,0.7,0.525,0,0,0,0,0,0,0,0,0,0,0,0,0,0,0,1.17115,0,0,0,0,1.14614,0,0,0,0,0,0,0,0,1.17115,0,0,0,0,1.14614,0,0,0,0
0.45,4.75,0.7,0.575,0.45721,0.0409613,1.15509,0.0964592,1.05561,0.0840473,1.64287,0.135175,0.150834,0.0304897,0.286188,0.0578105,0.00515127,0.034289,0.0616862,1.18568,0.0245239,0.0280279,0.0500445,0.150406,1.16607,0,0,0,0,0.0118933,0.0163727,0.0791667,0.142421,1.18568,0.0348801,0.0398638,0.0711778,0.21392,1.16607,0,0,0,0
0.45,4.75,0.7,0.625,7.9864,0.171195,19.4654,0.395975,16.1645,0.328892,28.3804,0.561828,2.34919,0.120327,4.60591,0.23192,0.100774,0.748687,1.03656,1.19581,0.453441,0.581642,1.03907,2.58598,1.18538,6.38776e-10,2.97837e-10,0.0807879,0.173267,0.203966,0.309726,1.51535,2.098,1.19581,0.661114,0.84803,1.51495,3.77035,1.18538,6.18389e-09,3.63104e-09,1.61501,2.75047
0.45,4.75,0.7,0.675,10.4769,0.19608,28.4068,0.478352,23.207,0.394077,40.4558,0.670786,3.37562,0.144238,6.19935,0.269063,0.14423,1.20355,1.27803,1.20154,0.70797,1.02469,1.83607,3.86287,1.20408,6.41661e-10,2.97254e-10,0.329947,0.712231,0.319477,0.537131,2.66594,2.8309,1.20155,1.00826,1.45932,2.61486,5.50134,1.20408,5.46311e-09,3.13917e-09,21.5468,37.4979
0.45,4.75,0.7,0.725,5.3979,0.140744,13.7364,0.332639,11.3339,0.275399,20.5502,0.478081,1.55049,0.0977548,3.21907,0.193886,0.0794123,0.747019,0.601881,1.20288,0.35872,0.588438,1.05893,1.91777,1.22217,7.23435e-10,3.35136e-10,0.0158654,0.0342475,0.166741,0.311269,1.56851,1.26376,1.20289,0.536657,0.880323,1.5842,2.86906,1.22217,5.04062e-09,2.84175e-09,29.6887,52.661
0.45,4.75,0.7,0.775,0.31748,0.034133,1.12063,0.0950095,0.674029,0.0671601,1.45043,0.127011,0.0887238,0.0233843,0.218959,0.0505665,0.0049063,0.0521579,0.0312221,1.19982,0.030112,0.0562315,0.10169,0.161074,1.23964,0,0,0,0,0.0104164,0.0216467,0.110734,0.0662865,1.19984,0.0389741,0.0727807,0.131618,0.208478,1.23964,5.17179e-09,2.91165e-09,15.012,26.6649
0.45,4.75,0.7,0.825,0,0,0,0,0,0,0,0,0,0,0,0,0,0,0,1.19237,0,0,0,0,1.25649,0,0,0,0,0,0,0,0,1.1924,0,0,0,0,1.25649,5.9431e-09,3.3842e-09,1.14735,2.0149
0.45,4.75,0.7,0.875,0,0,0,0,0,0,0,0,0,0,0,0,0,0,0,1.18052,0,0,0,0,1.27273,0,0,0,0,0,0,0,0,1.18056,0,0,0,0,1.27273,0,0,0,0
0.45,4.75,0.7,0.925,0,0,0,0,0,0,0,0,0,0,0,0,0,0,0,1.16427,0,0,0,0,1.28836,0,0,0,0,0,0,0,0,1.16433,0,0,0,0,1.28836,0,0,0,0
0.45,4.75,0.7,0.975,0,0,0,0,0,0,0,0,0,0,0,0,0,0,0,1.14363,0,0,0,0,1.30337,0,0,0,0,0,0,0,0,1.1437,0,0,0,0,1.30337,0,0,0,0
0.55,4.75,0.4,0.025,0,0,0,0,0,0,0,0,0,0,0,0,-0,-0,-0,0.90085,-0,-0,-0,0,0.704903,0,0,0,0,-0,-0,-0,-0,0.90085,-0,-0,-0,0,0.704903,0,0,0,0
0.55,4.75,0.4,0.075,0,0,0,0,0,0,0,0,0,0,0,0,-0,-0,0,0.935493,-0,-0,-0,0,0.777426,0,0,0,0,-0,-0,-0,0,0.935493,-0,-0,-0,0,0.777426,0,0,0,0
0.55,4.75,0.4,0.125,0,0,0,0,0,0,0,0,0,0,0,0,-0,-0,0,0.968569,-0,-0,-0,0,0.843863,0,0,0,0,-0,-0,-0,0,0.968569,-0,-0,-0,0,0.843863,0,0,0,0
0.55,4.75,0.4,0.175,0,0,0,0,0,0,0,0,0,0,0,0,-0,-0,0,1.00008,0,-0,-0,0,0.904214,0,0,0,0,-0,-0,-0,0,1.00008,0,-0,-0,0,0.904214,0,0,0,0
0.55,4.75,0.4,0.225,0,0,0,0,0,0,0,0,0,0,0,0,0,-0,0,1.03002,0,0,-0,0,0.958478,0,0,0,0,0,-0,-0,0,1.03002,0,0,-0,0,0.958478,0,0,0,0
0.55,4.75,0.4,0.275,0,0,0,0,0,0,0,0,0,0,0,0,0,0,0,1.0584,0,0,0,0,1.00666,0,0,0,0,0,-0,0,0,1.0584,0,0,0,0,1.00666,0,0,0,0
0.55,4.75,0.4,0.325,2.95648,0.0772983,6.09481,0.151226,6.2718,0.170593,8.8039,0.222451,0.887781,0.0593843,1.3855,0.0961001,0.0110363,0.0707587,0.324316,1.0852,0.080326,0.0445323,0.104169,0.614592,1.04875,0,0,0,0,0.0234121,0.0148504,0.150106,0.687995,1.0852,0.11603,0.0643264,0.150471,0.887772,1.04875,0,0,0,0
0.55,4.75,0.4,0.375,15.0437,0.174365,33.909,0.356701,33.1107,0.391967,48.5765,0.522528,5.32508,0.145439,7.13308,0.218052,0.0757522,0.56371,1.72913,1.11045,0.533156,0.368793,0.819144,3.52555,1.08475,2.4165e-09,1.38974e-09,2.04409,3.55431,0.166728,0.169543,1.24071,3.80577,1.11045,0.763775,0.528316,1.17347,5.05054,1.08475,8.9152e-09,6.07652e-09,10.0923,14.8069
0.55,4.75,0.4,0.425,14.0539,0.168531,33.759,0.355911,31.9911,0.385283,47.1994,0.515068,4.98226,0.14068,6.45466,0.207423,0.087828,0.685533,1.63634,1.13412,0.600171,0.498129,1.0164,3.54264,1.11467,2.01238e-09,1.118e-09,6.42837,11.5709,0.199925,0.25664,1.56049,3.72484,1.13412,0.839118,0.69645,1.42106,4.95307,1.11467,7.81535e-09,5.20354e-09,47.4661,71.2908
0.55,4.75,0.4,0.475,3.91518,0.0889525,10.0722,0.194406,9.40523,0.208906,14.0576,0.281094,1.20753,0.0692576,2.05181,0.116947,0.0288729,0.226514,0.447011,1.15623,0.194841,0.190819,0.35195,1.04493,1.1385,1.76154e-09,9.32401e-10,2.94661,5.56689,0.0693597,0.104144,0.544143,1.07383,1.15623,0.271936,0.266322,0.491209,1.45838,1.1385,7.32754e-09,4.70905e-09,44.3128,68.9532
0.55,4.75,0.4,0.525,0.128121,0.0160913,0.218753,0.02865,0.12255,0.0238464,0.381333,0.0462965,-nan,-nan,0.0975112,0.0254946,0.00107764,0.00828955,0.0138578,1.17677,0.00446735,0.00512861,0.0084575,0.0219592,1.15624,1.66526e-09,8.5015e-10,0.0904008,0.177075,0.00103079,0.00174913,0.00792912,0.0132553,1.17677,0.00778753,0.00894024,0.0147432,0.0382795,1.15624,6.66652e-09,4.13101e-09,12.4861,20.1497
0.55,4.75,0.4,0.575,0,0,0,0,0,0,0,0,0,0,0,0,0,0,0,1.19574,0,0,0,0,1.1679,0,0,0,0,0,0,0,0,1.19574,0,0,0,0,1.1679,7.39426e-09,4.43647e-09,0.414299,0.690512
0.55,4.75,0.4,0.625,0,0,0,0,0,0,0,0,0,0,0,0,0,0,0,1.21315,0,0,0,0,1.17347,0,0,0,0,0,0,0,0,1.21315,0,0,0,0,1.17347,0,0,0,0
0.55,4.75,0.4,0.675,0,0,0,0,0,0,0,0,0,0,0,0,0,0,0,1.22899,0,0,0,0,1.17296,0,0,0,0,0,0,0,0,1.22899,0,0,0,0,1.17296,0,0,0,0
0.55,4.75,0.4,0.725,0,0,0,0,0,0,0,0,0,0,0,0,0,0,0,1.24326,0,0,0,0,1.16636,0,0,0,0,0,0,0,0,1.24326,0,0,0,0,1.16636,0,0,0,0
0.55,4.75,0.4,0.775,0,0,0,0,0,0,0,0,0,0,0,0,0,0,0,1.25597,0,0,0,0,1.15367,0,0,0,0,0,0,0,0,1.25597,0,0,0,0,1.15367,0,0,0,0
0.55,4.75,0.4,0.825,0,0,0,0,0,0,0,0,0,0,0,0,0,0,-0,1.26711,0,0,0,0,1.13489,0,0,0,0,0,0,0,-0,1.26711,0,0,0,0,1.13489,0,0,0,0
0.55,4.75,0.4,0.875,0,0,0,0,0,0,0,0,0,0,0,0,0,0,-0,1.27668,0,0,0,0,1.11003,0,0,0,0,0,0,0,-0,1.27668,0,0,0,0,1.11003,0,0,0,0
0.55,4.75,0.4,0.925,0,0,0,0,0,0,0,0,0,0,0,0,0,0,-0,1.28468,0,0,0,-0,1.07908,0,0,0,0,0,0,0,-0,1.28468,0,0,0,-0,1.07908,0,0,0,0
0.55,4.75,0.4,0.975,0,0,0,0,0,0,0,0,0,0,0,0,0,0,-0,1.29112,0,0,0,-0,1.04205,0,0,0,0,0,0,0,-0,1.29112,0,0,0,-0,1.04205,0,0,0,0
0.55,4.75,0.5,0.025,0,0,0,0,0,0,0,0,0,0,0,0,-0,-0,-0,0.90085,-0,-0,-0,0,0.704903,0,0,0,0,-0,-0,-0,-0,0.90085,-0,-0,-0,0,0.704903,0,0,0,0
0.55,4.75,0.5,0.075,0,0,0,0,0,0,0,0,0,0,0,0,-0,-0,0,0.935493,-0,-0,-0,0,0.777426,0,0,0,0,-0,-0,-0,0,0.935493,-0,-0,-0,0,0.777426,0,0,0,0
0.55,4.75,0.5,0.125,0,0,0,0,0,0,0,0,0,0,0,0,-0,-0,0,0.968569,-0,-0,-0,0,0.843863,0,0,0,0,-0,-0,-0,0,0.968569,-0,-0,-0,0,0.843863,0,0,0,0
0.55,4.75,0.5,0.175,0,0,0,0,0,0,0,0,0,0,0,0,-0,-0,0,1.00008,0,-0,-0,0,0.904214,0,0,0,0,-0,-0,-0,0,1.00008,0,-0,-0,0,0.904214,0,0,0,0
0.55,4.75,0.5,0.225,0,0,0,0,0,0,0,0,0,0,0,0,0,-0,0,1.03002,0,0,-0,0,0.958478,0,0,0,0,0,-0,-0,0,1.03002,0,0,-0,0,0.958478,0,0,0,0
0.55,4.75,0.5,0.275,0,0,0,0,0,0,0,0,0,0,0,0,0,0,0,1.0584,0,0,0,0,1.00666,0,0,0,0,0,-0,0,0,1.0584,0,0,0,0,1.00666,0,0,0,0
0.55,4.75,0.5,0.325,0,0,0,0,0,0,0,0,0,0,0,0,0,0,0,1.0852,0,0,0,0,1.04875,0,0,0,0,0,0,0,0,1.0852,0,0,0,0,1.04875,0,0,0,0
0.55,4.75,0.5,0.375,0,0,0,0,0,0,0,0,0,0,0,0,0,0,0,1.11045,0,0,0,0,1.08475,0,0,0,0,0,0,0,0,1.11045,0,0,0,0,1.08475,0,0,0,0
0.55,4.75,0.5,0.425,5.97142,0.11972,12.8792,0.252138,12.0237,0.218761,19.6549,0.387193,1.80234,0.0883585,2.8965,0.144831,0.0373176,0.291279,0.695272,1.13412,0.228968,0.190038,0.38776,1.35153,1.11467,0,0,0,0,0.0751407,0.0964568,0.586503,1.39996,1.13412,0.349428,0.290018,0.591761,2.06257,1.11467,0,0,0,0
0.55,4.75,0.5,0.475,13.6439,0.180965,32.0108,0.397505,28.8335,0.338765,46.6954,0.596801,4.42352,0.138425,6.52024,0.217299,0.100618,0.789369,1.55777,1.15623,0.61923,0.606447,1.11854,3.32091,1.1385,1.67347e-09,8.73915e-10,2.0938,4.00944,0.212635,0.319272,1.66817,3.29203,1.15623,0.903294,0.884647,1.63166,4.84434,1.1385,8.2427e-09,5.23981e-09,21.2481,33.4252
0.55,4.75,0.5,0.525,11.328,0.164893,26.6805,0.362904,22.2015,0.297263,37.8355,0.537207,3.48788,0.122917,5.69273,0.203042,0.0952812,0.732932,1.22526,1.17677,0.544866,0.625517,1.03153,2.67828,1.15624,1.5075e-09,7.58412e-10,1.62632,3.23264,0.186739,0.316876,1.43646,2.40135,1.17677,0.772671,0.887042,1.4628,3.79805,1.15624,7.28743e-09,4.48492e-09,43.4295,70.5674
0.55,4.75,0.5,0.575,3.32222,0.0892978,7.02852,0.186263,6.25669,0.157806,10.3485,0.280952,0.732951,0.0563466,1.39205,0.100405,0.0310926,0.230281,0.326899,1.19574,0.147673,0.198587,0.290043,0.666719,1.1679,1.3793e-09,6.69564e-10,0.346411,0.713604,0.0585562,0.110252,0.433686,0.615645,1.19574,0.217429,0.292393,0.427049,0.981653,1.1679,7.07952e-09,4.20854e-09,34.0743,57.3191
0.55,4.75,0.5,0.625,0.0254783,0.00782009,0.0780019,0.0196222,0.0196851,0.00885154,0.0731147,0.0236154,0.00753045,0.00749372,-nan,-nan,0.000260341,0.00182678,0.00216265,1.21315,0.00164667,0.00260326,0.00333502,0.00679949,1.17347,1.44806e-09,6.82494e-10,0.000193012,0.000409517,0.000201145,0.000415736,0.00141141,0.00167091,1.21315,0.0015435,0.00244016,0.00312607,0.00637347,1.17347,7.19727e-09,4.14689e-09,8.81273,15.2952
0.55,4.75,0.5,0.675,0,0,0,0,0,0,0,0,0,0,0,0,0,0,0,1.22899,0,0,0,0,1.17296,0,0,0,0,0,0,0,0,1.22899,0,0,0,0,1.17296,9.15505e-09,5.15535e-09,0.0524842,0.0932033
0.55,4.75,0.5,0.725,0,0,0,0,0,0,0,0,0,0,0,0,0,0,0,1.24326,0,0,0,0,1.16636,0,0,0,0,0,0,0,0,1.24326,0,0,0,0,1.16636,0,0,0,0
0.55,4.75,0.5,0.775,0,0,0,0,0,0,0,0,0,0,0,0,0,0,0,1.25597,0,0,0,0,1.15367,0,0,0,0,0,0,0,0,1.25597,0,0,0,0,1.15367,0,0,0,0
0.55,4.75,0.5,0.825,0,0,0,0,0,0,0,0,0,0,0,0,0,0,-0,1.26711,0,0,0,0,1.13489,0,0,0,0,0,0,0,-0,1.26711,0,0,0,0,1.13489,0,0,0,0
0.55,4.75,0.5,0.875,0,0,0,0,0,0,0,0,0,0,0,0,0,0,-0,1.27668,0,0,0,0,1.11003,0,0,0,0,0,0,0,-0,1.27668,0,0,0,0,1.11003,0,0,0,0
0.55,4.75,0.5,0.925,0,0,0,0,0,0,0,0,0,0,0,0,0,0,-0,1.28468,0,0,0,-0,1.07908,0,0,0,0,0,0,0,-0,1.28468,0,0,0,-0,1.07908,0,0,0,0
0.55,4.75,0.5,0.975,0,0,0,0,0,0,0,0,0,0,0,0,0,0,-0,1.29112,0,0,0,-0,1.04205,0,0,0,0,0,0,0,-0,1.29112,0,0,0,-0,1.04205,0,0,0,0
0.55,4.75,0.6,0.025,0,0,0,0,0,0,0,0,0,0,0,0,-0,-0,-0,0.90085,-0,-0,-0,0,0.704903,0,0,0,0,-0,-0,-0,-0,0.90085,-0,-0,-0,0,0.704903,0,0,0,0
0.55,4.75,0.6,0.075,0,0,0,0,0,0,0,0,0,0,0,0,-0,-0,0,0.935493,-0,-0,-0,0,0.777426,0,0,0,0,-0,-0,-0,0,0.935493,-0,-0,-0,0,0.777426,0,0,0,0
0.55,4.75,0.6,0.125,0,0,0,0,0,0,0,0,0,0,0,0,-0,-0,0,0.968569,-0,-0,-0,0,0.843863,0,0,0,0,-0,-0,-0,0,0.968569,-0,-0,-0,0,0.843863,0,0,0,0
0.55,4.75,0.6,0.175,0,0,0,0,0,0,0,0,0,0,0,0,-0,-0,0,1.00008,0,-0,-0,0,0.904214,0,0,0,0,-0,-0,-0,0,1.00008,0,-0,-0,0,0.904214,0,0,0,0
0.55,4.75,0.6,0.225,0,0,0,0,0,0,0,0,0,0,0,0,0,-0,0,1.03002,0,0,-0,0,0.958478,0,0,0,0,0,-0,-0,0,1.03002,0,0,-0,0,0.958478,0,0,0,0
0.55,4.75,0.6,0.275,0,0,0,0,0,0,0,0,0,0,0,0,0,0,0,1.0584,0,0,0,0,1.00666,0,0,0,0,0,-0,0,0,1.0584,0,0,0,0,1.00666,0,0,0,0
0.55,4.75,0.6,0.325,0,0,0,0,0,0,0,0,0,0,0,0,0,0,0,1.0852,0,0,0,0,1.04875,0,0,0,0,0,0,0,0,1.0852,0,0,0,0,1.04875,0,0,0,0
0.55,4.75,0.6,0.375,0,0,0,0,0,0,0,0,0,0,0,0,0,0,0,1.11045,0,0,0,0,1.08475,0,0,0,0,0,0,0,0,1.11045,0,0,0,0,1.08475,0,0,0,0
0.55,4.75,0.6,0.425,0,0,0,0,0,0,0,0,0,0,0,0,0,0,0,1.13412,0,0,0,0,1.11467,0,0,0,0,0,0,0,0,1.13412,0,0,0,0,1.11467,0,0,0,0
0.55,4.75,0.6,0.475,0.431742,0.0388929,1.0342,0.0875871,0.968251,0.0800299,1.42953,0.1217,0.111389,0.02147,0.20369,0.0375671,0.00318392,0.0249786,0.0492936,1.15623,0.020006,0.019593,0.0361377,0.107292,1.1385,0,0,0,0,0.00714046,0.0107214,0.0560185,0.110549,1.15623,0.0276534,0.0270825,0.0499515,0.148304,1.1385,0,0,0,0
0.55,4.75,0.6,0.525,7.91134,0.166488,17.9079,0.364468,15.8896,0.324201,26.2021,0.521029,2.24172,0.0963166,4.0068,0.166618,0.0665433,0.511871,0.855705,1.17677,0.365713,0.419846,0.69236,1.79766,1.15624,1.39406e-09,6.88098e-10,0.135789,0.275101,0.133649,0.226788,1.02807,1.71864,1.17677,0.535097,0.614302,1.01303,2.63026,1.15624,7.93731e-09,4.83651e-09,2.34569,3.84957
0.55,4.75,0.6,0.575,8.84867,0.176075,20.9758,0.394453,17.2202,0.337503,31.0004,0.56673,2.55764,0.10288,4.13356,0.169233,0.0828145,0.613351,0.870691,1.19574,0.440713,0.59266,0.865599,1.98974,1.1679,1.34189e-09,6.50159e-10,0.388489,0.801818,0.161164,0.303447,1.19363,1.69443,1.19574,0.651336,0.8759,1.27928,2.94067,1.1679,7.17663e-09,4.25782e-09,24.9383,42.034
0.55,4.75,0.6,0.625,4.57878,0.126658,10.389,0.277603,8.96133,0.243469,15.7575,0.404051,1.29542,0.0732177,2.3645,0.127995,0.0467867,0.328296,0.388656,1.21315,0.219319,0.346728,0.44419,0.905621,1.17347,1.30987e-09,6.19225e-10,0.0212801,0.0450145,0.0915682,0.189258,0.642522,0.760655,1.21315,0.33265,0.525896,0.673721,1.37359,1.17347,6.93651e-09,3.99392e-09,28.1176,48.8337
0.55,4.75,0.6,0.675,0.445238,0.0394961,0.9282,0.0829769,0.845832,0.0747997,1.68267,0.132036,0.112561,0.0215826,0.261708,0.0425825,0.00489256,0.0319914,0.0301042,1.22899,0.019234,0.0360182,0.0400327,0.0717668,1.17296,0,0,0,0,0.00929454,0.020948,0.060775,0.0571899,1.22899,0.0348681,0.065295,0.0725726,0.130101,1.17296,7.07604e-09,3.99108e-09,15.2497,27.0371
0.55,4.75,0.6,0.725,0,0,0,0,0,0,0,0,0,0,0,0,0,0,0,1.24326,0,0,0,0,1.16636,0,0,0,0,0,0,0,0,1.24326,0,0,0,0,1.16636,7.87996e-09,4.39186e-09,1.2122,2.17496
0.55,4.75,0.6,0.775,0,0,0,0,0,0,0,0,0,0,0,0,0,0,0,1.25597,0,0,0,0,1.15367,0,0,0,0,0,0,0,0,1.25597,0,0,0,0,1.15367,0,0,0,0
0.55,4.75,0.6,0.825,0,0,0,0,0,0,0,0,0,0,0,0,0,0,-0,1.26711,0,0,0,0,1.13489,0,0,0,0,0,0,0,-0,1.26711,0,0,0,0,1.13489,0,0,0,0
0.55,4.75,0.6,0.875,0,0,0,0,0,0,0,0,0,0,0,0,0,0,-0,1.27668,0,0,0,0,1.11003,0,0,0,0,0,0,0,-0,1.27668,0,0,0,0,1.11003,0,0,0,0
0.55,4.75,0.6,0.925,0,0,0,0,0,0,0,0,0,0,0,0,0,0,-0,1.28468,0,0,0,-0,1.07908,0,0,0,0,0,0,0,-0,1.28468,0,0,0,-0,1.07908,0,0,0,0
0.55,4.75,0.6,0.975,0,0,0,0,0,0,0,0,0,0,0,0,0,0,-0,1.29112,0,0,0,-0,1.04205,0,0,0,0,0,0,0,-0,1.29112,0,0,0,-0,1.04205,0,0,0,0
0.55,4.75,0.7,0.025,0,0,0,0,0,0,0,0,0,0,0,0,-0,-0,-0,0.90085,-0,-0,-0,0,0.704903,0,0,0,0,-0,-0,-0,-0,0.90085,-0,-0,-0,0,0.704903,0,0,0,0
0.55,4.75,0.7,0.075,0,0,0,0,0,0,0,0,0,0,0,0,-0,-0,0,0.935493,-0,-0,-0,0,0.777426,0,0,0,0,-0,-0,-0,0,0.935493,-0,-0,-0,0,0.777426,0,0,0,0
0.55,4.75,0.7,0.125,0,0,0,0,0,0,0,0,0,0,0,0,-0,-0,0,0.968569,-0,-0,-0,0,0.843863,0,0,0,0,-0,-0,-0,0,0.968569,-0,-0,-0,0,0.843863,0,0,0,0
0.55,4.75,0.7,0.175,0,0,0,0,0,0,0,0,0,0,0,0,-0,-0,0,1.00008,0,-0,-0,0,0.904214,0,0,0,0,-0,-0,-0,0,1.00008,0,-0,-0,0,0.904214,0,0,0,0
0.55,4.75,0.7,0.225,0,0,0,0,0,0,0,0,0,0,0,0,0,-0,0,1.03002,0,0,-0,0,0.958478,0,0,0,0,0,-0,-0,0,1.03002,0,0,-0,0,0.958478,0,0,0,0
0.55,4.75,0.7,0.275,0,0,0,0,0,0,0,0,0,0,0,0,0,0,0,1.0584,0,0,0,0,1.00666,0,0,0,0,0,-0,0,0,1.0584,0,0,0,0,1.00666,0,0,0,0
0.55,4.75,0.7,0.325,0,0,0,0,0,0,0,0,0,0,0,0,0,0,0,1.0852,0,0,0,0,1.04875,0,0,0,0,0,0,0,0,1.0852,0,0,0,0,1.04875,0,0,0,0
0.55,4.75,0.7,0.375,0,0,0,0,0,0,0,0,0,0,0,0,0,0,0,1.11045,0,0,0,0,1.08475,0,0,0,0,0,0,0,0,1.11045,0,0,0,0,1.08475,0,0,0,0
0.55,4.75,0.7,0.425,0,0,0,0,0,0,0,0,0,0,0,0,0,0,0,1.13412,0,0,0,0,1.11467,0,0,0,0,0,0,0,0,1.13412,0,0,0,0,1.11467,0,0,0,0
0.55,4.75,0.7,0.475,0,0,0,0,0,0,0,0,0,0,0,0,0,0,0,1.15623,0,0,0,0,1.1385,0,0,0,0,0,0,0,0,1.15623,0,0,0,0,1.1385,0,0,0,0
0.55,4.75,0.7,0.525,0,0,0,0,0,0,0,0,0,0,0,0,0,0,0,1.17677,0,0,0,0,1.15624,0,0,0,0,0,0,0,0,1.17677,0,0,0,0,1.15624,0,0,0,0
0.55,4.75,0.7,0.575,1.67298,0.0752892,4.2613,0.179938,3.75747,0.156263,5.94596,0.238717,0.529614,0.0449295,0.624052,0.0838503,0.0156574,0.115964,0.164618,1.19574,0.0895325,0.120401,0.17585,0.404223,1.1679,0,0,0,0,0.0351661,0.0662124,0.260451,0.369727,1.19574,0.124928,0.168,0.24537,0.564029,1.1679,0,0,0,0
0.55,4.75,0.7,0.625,4.76275,0.127033,11.1809,0.291468,9.88728,0.253482,15.1904,0.381554,1.40338,0.0731374,2.15207,0.155712,0.0486665,0.341486,0.404271,1.21315,0.236036,0.373157,0.478048,0.97465,1.17347,1.33501e-09,6.26863e-10,0.00235019,0.00500514,0.10103,0.208813,0.708913,0.839251,1.21315,0.320678,0.50697,0.649475,1.32416,1.17347,6.67676e-09,3.83401e-09,6.65104,11.5825
0.55,4.75,0.7,0.675,1.11001,0.0613268,2.96069,0.149985,2.57708,0.129411,4.22483,0.201222,0.352764,0.0366686,0.63318,0.0844613,0.0121975,0.0797568,0.075052,1.22899,0.0613509,0.114888,0.127693,0.228915,1.17296,0,0,0,0,0.0283186,0.0638244,0.185169,0.174246,1.22899,0.0875462,0.163942,0.182214,0.326656,1.17296,7.01665e-09,3.95514e-09,15.5474,27.5821
0.55,4.75,0.7,0.725,0,0,0.029868,0.0210452,0.0184237,0.010942,0.0108951,0.0118934,0,0,0,0,0,0,0,1.24326,0.00059271,0.00133045,0.00126604,0.00195043,1.16636,0,0,0,0,0.000215013,0.000526219,0.0012855,0.000858428,1.24326,0.000216206,0.000485316,0.000461819,0.000711468,1.16636,7.73029e-09,4.31818e-09,4.67892,8.37609
0.55,4.75,0.7,0.775,0,0,0,0,0,0,0,0,0,0,0,0,0,0,0,1.25597,0,0,0,0,1.15367,0,0,0,0,0,0,0,0,1.25597,0,0,0,0,1.15367,8.86667e-09,4.97586e-09,0.0358165,0.0638229
0.55,4.75,0.7,0.825,0,0,0,0,0,0,0,0,0,0,0,0,0,0,-0,1.26711,0,0,0,0,1.13489,0,0,0,0,0,0,0,-0,1.26711,0,0,0,0,1.13489,0,0,0,0
0.55,4.75,0.7,0.875,0,0,0,0,0,0,0,0,0,0,0,0,0,0,-0,1.27668,0,0,0,0,1.11003,0,0,0,0,0,0,0,-0,1.27668,0,0,0,0,1.11003,0,0,0,0
0.55,4.75,0.7,0.925,0,0,0,0,0,0,0,0,0,0,0,0,0,0,-0,1.28468,0,0,0,-0,1.07908,0,0,0,0,0,0,0,-0,1.28468,0,0,0,-0,1.07908,0,0,0,0
0.55,4.75,0.7,0.975,0,0,0,0,0,0,0,0,0,0,0,0,0,0,-0,1.29112,0,0,0,-0,1.04205,0,0,0,0,0,0,0,-0,1.29112,0,0,0,-0,1.04205,0,0,0,0
0.6,5.5,0.45,0.025,0,0,0,0,0,0,0,0,0,0,0,0,0,-0,0,0.739919,0,-0,-0,-0,0.918523,0,0,0,0,0,0,-0,0,0.739919,0,-0,-0,-0,0.918523,0,0,0,0
0.6,5.5,0.45,0.075,0,0,0,0,0,0,0,0,0,0,0,0,0,-0,0,0.823355,0,-0,-0,-0,0.964718,0,0,0,0,0,0,-0,0,0.823355,0,-0,-0,-0,0.964719,0,0,0,0
0.6,5.5,0.45,0.125,0,0,0,0,0,0,0,0,0,0,0,0,0,-0,0,0.89858,0,-0,-0,0,1.00616,0,0,0,0,0,0,-0,0,0.89858,0,-0,-0,0,1.00616,0,0,0,0
0.6,5.5,0.45,0.175,0,0,0,0,0,0,0,0,0,0,0,0,0,-0,0,0.965596,0,-0,-0,0,1.04285,0,0,0,0,0,0,-0,0,0.965596,0,-0,-0,0,1.04285,0,0,0,0
0.6,5.5,0.45,0.225,0,0,0,0,0,0,0,0,0,0,0,0,0,-0,0,1.0244,0,0,-0,0,1.07478,0,0,0,0,0,0,-0,0,1.0244,0,0,-0,0,1.07478,0,0,0,0
0.6,5.5,0.45,0.275,0,0,0,0,0,0,0,0,0,0,0,0,0,-0,0,1.075,0,0,-0,0,1.10195,0,0,0,0,0,0,-0,0,1.075,0,0,-0,0,1.10195,0,0,0,0
0.6,5.5,0.45,0.325,0,0,0,0,0,0,0,0,0,0,0,0,0,-0,0,1.11738,0,0,0,0,1.12438,0,0,0,0,0,0,-0,0,1.11738,0,0,0,0,1.12438,0,0,0,0
0.6,5.5,0.45,0.375,1.27762,0.0694673,3.11852,0.162877,2.92433,0.0876681,4.38548,0.138508,0.385382,0.0354619,0.706613,0.0683225,0.00937063,0.0288255,0.153611,1.15156,0.0728985,0.0751365,0.0463302,0.334581,1.14204,0,0,0,0,0.0214483,0.0551429,0.0659782,0.351598,1.15156,0.102515,0.105662,0.0651527,0.470511,1.14204,0,0,0,0
0.6,5.5,0.45,0.425,5.99996,0.150541,14.3847,0.349813,12.496,0.181223,19.3773,0.291147,1.73747,0.0752967,2.47565,0.127884,0.0425565,0.246068,0.715307,1.17753,0.276998,0.37806,0.362484,1.60147,1.15496,2.7391e-09,1.42365e-09,1.76359,3.39315,0.0886315,0.171408,0.512481,1.48975,1.17753,0.373138,0.509276,0.488295,2.1573,1.15496,4.02042e-09,2.59877e-09,3.61125,5.58676
0.6,5.5,0.45,0.475,5.16468,0.139669,12.5719,0.327029,10.3672,0.165067,17.7014,0.278272,1.44098,0.0685719,2.30771,0.123471,0.0385323,0.28525,0.601836,1.19528,0.220434,0.324335,0.411408,1.39317,1.16311,2.42582e-09,1.20708e-09,8.3612,16.8032,0.0773473,0.109608,0.572593,1.20809,1.19528,0.310375,0.456669,0.57927,1.9616,1.16311,3.47492e-09,2.19089e-09,17.2714,27.3938
0.6,5.5,0.45,0.525,1.37928,0.0721782,3.79189,0.179603,3.15158,0.0910106,4.91062,0.146566,0.386737,0.0355242,0.604472,0.0631919,0.0116388,0.0899568,0.154706,1.20483,0.0690436,0.0858584,0.141938,0.400962,1.16652,2.34247e-09,1.09882e-09,7.31323,15.5904,0.0265938,0.0296977,0.205546,0.353493,1.20483,0.0894138,0.11119,0.183814,0.51926,1.16652,3.34707e-09,2.0343e-09,15.7885,25.9771
0.6,5.5,0.45,0.575,-nan,-nan,-nan,-nan,-nan,-nan,-nan,-nan,0.00810361,0.00806295,0,0,-nan,-nan,-nan,1.20617,-nan,-nan,-nan,-nan,1.16517,2.3283e-09,1.03537e-09,2.19331,4.93226,-nan,-nan,-nan,-nan,1.20617,-nan,-nan,-nan,-nan,1.16517,3.30431e-09,1.94527e-09,4.87784,8.28568
0.6,5.5,0.45,0.625,0,0,0,0,0,0,0,0,0,0,0,0,0,0,0,1.19929,0,0,0,0,1.15906,2.64377e-09,1.12023e-09,0.0102627,0.0242203,0,0,0,0,1.19929,0,0,0,0,1.15906,3.74617e-09,2.14382e-09,0.0227806,0.0398074
0.6,5.5,0.45,0.675,0,0,0,0,0,0,0,0,0,0,0,0,0,0,0,1.18421,0,-0,0,0,1.1482,0,0,0,0,0,0,0,0,1.18421,0,-0,0,0,1.1482,0,0,0,0
0.6,5.5,0.45,0.725,0,0,0,0,0,0,0,0,0,0,0,0,0,0,0,1.16092,0,-0,0,0,1.13258,0,0,0,0,0,0,0,0,1.16092,0,-0,0,0,1.13258,0,0,0,0
0.6,5.5,0.45,0.775,0,0,0,0,0,0,0,0,0,0,0,0,0,0,0,1.12941,0,-0,0,0,1.11221,0,0,0,0,0,0,0,0,1.12941,0,-0,0,0,1.11221,0,0,0,0
0.6,5.5,0.45,0.825,0,0,0,0,0,0,0,0,0,0,0,0,0,0,0,1.0897,0,-0,0,-0,1.08709,0,0,0,0,0,0,0,0,1.0897,0,-0,0,-0,1.08709,0,0,0,0
0.6,5.5,0.45,0.875,0,0,0,0,0,0,0,0,0,0,0,0,0,0,0,1.04178,0,-0,-0,-0,1.05721,0,0,0,0,0,0,0,0,1.04178,0,-0,-0,-0,1.05721,0,0,0,0
0.6,5.5,0.45,0.925,0,0,0,0,0,0,0,0,0,0,0,0,0,-0,0,0.985646,0,-0,-0,-0,1.02257,0,0,0,0,0,0,-0,0,0.985646,0,-0,-0,-0,1.02257,0,0,0,0
0.6,5.5,0.45,0.975,0,0,0,0,0,0,0,0,0,0,0,0,0,-0,-0,0.921304,0,-0,-0,-0,0.983182,0,0,0,0,0,0,-0,-0,0.921304,0,-0,-0,-0,0.983183,0,0,0,0
0.6,5.5,0.55,0.025,0,0,0,0,0,0,0,0,0,0,0,0,0,-0,0,0.739919,0,-0,-0,-0,0.918523,0,0,0,0,0,0,-0,0,0.739919,0,-0,-0,-0,0.918523,0,0,0,0
0.6,5.5,0.55,0.075,0,0,0,0,0,0,0,0,0,0,0,0,0,-0,0,0.823355,0,-0,-0,-0,0.964718,0,0,0,0,0,0,-0,0,0.823355,0,-0,-0,-0,0.964719,0,0,0,0
0.6,5.5,0.55,0.125,0,0,0,0,0,0,0,0,0,0,0,0,0,-0,0,0.89858,0,-0,-0,0,1.00616,0,0,0,0,0,0,-0,0,0.89858,0,-0,-0,0,1.00616,0,0,0,0
0.6,5.5,0.55,0.175,0,0,0,0,0,0,0,0,0,0,0,0,0,-0,0,0.965596,0,-0,-0,0,1.04285,0,0,0,0,0,0,-0,0,0.965596,0,-0,-0,0,1.04285,0,0,0,0
0.6,5.5,0.55,0.225,0,0,0,0,0,0,0,0,0,0,0,0,0,-0,0,1.0244,0,0,-0,0,1.07478,0,0,0,0,0,0,-0,0,1.0244,0,0,-0,0,1.07478,0,0,0,0
0.6,5.5,0.55,0.275,0,0,0,0,0,0,0,0,0,0,0,0,0,-0,0,1.075,0,0,-0,0,1.10195,0,0,0,0,0,0,-0,0,1.075,0,0,-0,0,1.10195,0,0,0,0
0.6,5.5,0.55,0.325,0,0,0,0,0,0,0,0,0,0,0,0,0,-0,0,1.11738,0,0,0,0,1.12438,0,0,0,0,0,0,-0,0,1.11738,0,0,0,0,1.12438,0,0,0,0
0.6,5.5,0.55,0.375,0,0,0,0,0,0,0,0,0,0,0,0,0,0,0,1.15156,0,0,0,0,1.14204,0,0,0,0,0,0,0,0,1.15156,0,0,0,0,1.14204,0,0,0,0
0.6,5.5,0.55,0.425,0,0,0,0,0,0,0,0,0,0,0,0,0,0,0,1.17753,0,0,0,0,1.15496,0,0,0,0,0,0,0,0,1.17753,0,0,0,0,1.15496,0,0,0,0
0.6,5.5,0.55,0.475,2.40976,0.0956086,6.64147,0.239697,4.95133,0.109168,8.83754,0.206614,0.801047,0.0579249,1.23419,0.0868589,0.0179786,0.133093,0.280808,1.19528,0.116451,0.17134,0.217339,0.735982,1.16311,0,0,0,0,0.0369406,0.0523482,0.273467,0.576974,1.19528,0.154956,0.227995,0.289204,0.979341,1.16311,0,0,0,0
0.6,5.5,0.55,0.525,4.38295,0.128942,11.101,0.309894,8.99531,0.147144,15.6994,0.275383,1.37359,0.0758516,2.23373,0.116853,0.0369845,0.285856,0.491608,1.20483,0.202131,0.251357,0.415534,1.17385,1.16652,2.48442e-09,1.15557e-09,3.09788,6.66027,0.0759048,0.0847639,0.586674,1.00895,1.20483,0.285859,0.355476,0.587659,1.66009,1.16652,3.57097e-09,2.15172e-09,6.59511,10.9452
0.6,5.5,0.55,0.575,2.92995,0.105424,6.89413,0.244214,5.74604,0.117603,9.75129,0.217033,0.711173,0.0545788,1.40727,0.0927497,0.0293738,0.207963,0.310933,1.20617,0.146704,0.115923,0.271088,0.662592,1.16517,2.36504e-09,1.04754e-09,6.01664,13.5838,0.0576062,0.0590045,0.407846,0.609784,1.20617,0.207503,0.163965,0.383436,0.937193,1.16517,3.3803e-09,1.97884e-09,13.1845,22.522
0.6,5.5,0.55,0.625,0.646921,0.0495377,1.34523,0.107877,1.2534,0.054926,2.23146,0.103822,0.164965,0.0262865,0.312329,0.0436948,0.0079067,0.0469061,0.0636603,1.19929,0.0359817,0.0111849,0.051648,0.110199,1.15906,2.38912e-09,1.01224e-09,3.73739,8.82113,0.0153191,0.0164313,0.0908798,0.123341,1.19929,0.0596862,0.0185535,0.0856734,0.182798,1.15906,3.42964e-09,1.94986e-09,8.20533,14.4325
0.6,5.5,0.55,0.675,0,0,0,0,0,0,0,0,0,0,0,0,0,0,0,1.18421,0,-0,0,0,1.1482,2.53522e-09,1.04584e-09,0.868186,2.10457,0,0,0,0,1.18421,0,-0,0,0,1.1482,3.63135e-09,2.02574e-09,1.8721,3.35594
0.6,5.5,0.55,0.725,0,0,0,0,0,0,0,0,0,0,0,0,0,0,0,1.16092,0,-0,0,0,1.13258,0,0,0,0,0,0,0,0,1.16092,0,-0,0,0,1.13258,0,0,0,0
0.6,5.5,0.55,0.775,0,0,0,0,0,0,0,0,0,0,0,0,0,0,0,1.12941,0,-0,0,0,1.11221,0,0,0,0,0,0,0,0,1.12941,0,-0,0,0,1.11221,0,0,0,0
0.6,5.5,0.55,0.825,0,0,0,0,0,0,0,0,0,0,0,0,0,0,0,1.0897,0,-0,0,-0,1.08709,0,0,0,0,0,0,0,0,1.0897,0,-0,0,-0,1.08709,0,0,0,0
0.6,5.5,0.55,0.875,0,0,0,0,0,0,0,0,0,0,0,0,0,0,0,1.04178,0,-0,-0,-0,1.05721,0,0,0,0,0,0,0,0,1.04178,0,-0,-0,-0,1.05721,0,0,0,0
0.6,5.5,0.55,0.925,0,0,0,0,0,0,0,0,0,0,0,0,0,-0,0,0.985646,0,-0,-0,-0,1.02257,0,0,0,0,0,0,-0,0,0.985646,0,-0,-0,-0,1.02257,0,0,0,0
0.6,5.5,0.55,0.975,0,0,0,0,0,0,0,0,0,0,0,0,0,-0,-0,0.921304,0,-0,-0,-0,0.983182,0,0,0,0,0,0,-0,-0,0.921304,0,-0,-0,-0,0.983183,0,0,0,0
0.6,5.5,0.65,0.025,0,0,0,0,0,0,0,0,0,0,0,0,0,-0,0,0.739919,0,-0,-0,-0,0.918523,0,0,0,0,0,0,-0,0,0.739919,0,-0,-0,-0,0.918523,0,0,0,0
0.6,5.5,0.65,0.075,0,0,0,0,0,0,0,0,0,0,0,0,0,-0,0,0.823355,0,-0,-0,-0,0.964718,0,0,0,0,0,0,-0,0,0.823355,0,-0,-0,-0,0.964719,0,0,0,0
0.6,5.5,0.65,0.125,0,0,0,0,0,0,0,0,0,0,0,0,0,-0,0,0.89858,0,-0,-0,0,1.00616,0,0,0,0,0,0,-0,0,0.89858,0,-0,-0,0,1.00616,0,0,0,0
0.6,5.5,0.65,0.175,0,0,0,0,0,0,0,0,0,0,0,0,0,-0,0,0.965596,0,-0,-0,0,1.04285,0,0,0,0,0,0,-0,0,0.965596,0,-0,-0,0,1.04285,0,0,0,0
0.6,5.5,0.65,0.225,0,0,0,0,0,0,0,0,0,0,0,0,0,-0,0,1.0244,0,0,-0,0,1.07478,0,0,0,0,0,0,-0,0,1.0244,0,0,-0,0,1.07478,0,0,0,0
0.6,5.5,0.65,0.275,0,0,0,0,0,0,0,0,0,0,0,0,0,-0,0,1.075,0,0,-0,0,1.10195,0,0,0,0,0,0,-0,0,1.075,0,0,-0,0,1.10195,0,0,0,0
0.6,5.5,0.65,0.325,0,0,0,0,0,0,0,0,0,0,0,0,0,-0,0,1.11738,0,0,0,0,1.12438,0,0,0,0,0,0,-0,0,1.11738,0,0,0,0,1.12438,0,0,0,0
0.6,5.5,0.65,0.375,0,0,0,0,0,0,0,0,0,0,0,0,0,0,0,1.15156,0,0,0,0,1.14204,0,0,0,0,0,0,0,0,1.15156,0,0,0,0,1.14204,0,0,0,0
0.6,5.5,0.65,0.425,0,0,0,0,0,0,0,0,0,0,0,0,0,0,0,1.17753,0,0,0,0,1.15496,0,0,0,0,0,0,0,0,1.17753,0,0,0,0,1.15496,0,0,0,0
0.6,5.5,0.65,0.475,0,0,0,0,0,0,0,0,0,0,0,0,0,0,0,1.19528,0,0,0,0,1.16311,0,0,0,0,0,0,0,0,1.19528,0,0,0,0,1.16311,0,0,0,0
0.6,5.5,0.65,0.525,0.195209,0.0286717,0.581263,0.0734262,0.424265,0.0389632,0.578937,0.0619775,0.038438,0.0133573,0.0813864,0.0270063,0.00164723,0.0127315,0.0218954,1.20483,0.0105838,0.0131613,0.0217578,0.0614639,1.16652,0,0,0,0,0.00358006,0.0039979,0.0276705,0.0475872,1.20483,0.0105414,0.0131087,0.0216707,0.0612181,1.16652,0,0,0,0
0.6,5.5,0.65,0.575,2.65096,0.105659,6.0898,0.237666,5.10355,0.135136,9.0266,0.242476,0.662114,0.0554378,1.10603,0.099557,0.0265768,0.188161,0.281326,1.20617,0.129588,0.102398,0.239461,0.585289,1.16517,2.42418e-09,1.065e-09,0.130201,0.296364,0.051165,0.0524069,0.362243,0.541601,1.20617,0.192082,0.151779,0.35494,0.867543,1.16517,3.44181e-09,1.9931e-09,0.253768,0.438222
0.6,5.5,0.65,0.625,1.45022,0.0781483,3.59191,0.182527,3.26161,0.108032,5.36385,0.186915,0.369591,0.041419,0.521044,0.0683323,0.0177246,0.10515,0.142708,1.19929,0.0960751,0.029865,0.137906,0.294244,1.15906,2.38103e-09,1.00747e-09,2.92039,6.90198,0.0398635,0.0427576,0.236488,0.320958,1.19929,0.14347,0.0445978,0.205937,0.439399,1.15906,3.4075e-09,1.9335e-09,6.52227,11.4945
0.6,5.5,0.65,0.675,0.174063,0.0270743,0.478529,0.0666222,0.409205,0.0382654,0.596475,0.0623308,0.0652826,0.0174076,0.0902859,0.0284445,0.00261588,0.0121504,0.0154936,1.18421,0.0165632,-0.00136754,0.0165799,0.0302282,1.1482,2.5359e-09,1.04421e-09,1.88591,4.57998,0.00614965,0.00734321,0.0285643,0.0364239,1.18421,0.0206456,-0.0017046,0.0206665,0.0376787,1.1482,3.64653e-09,2.02937e-09,4.15608,7.46798
0.6,5.5,0.65,0.725,0,0,0,0,0,0,0,0,0,0,0,0,0,0,0,1.16092,0,-0,0,0,1.13258,2.79385e-09,1.14259e-09,0.220963,0.540297,0,0,0,0,1.16092,0,-0,0,0,1.13258,4.06509e-09,2.24076e-09,0.47815,0.867437
0.6,5.5,0.65,0.775,0,0,0,0,0,0,0,0,0,0,0,0,0,0,0,1.12941,0,-0,0,0,1.11221,0,0,0,0,0,0,0,0,1.12941,0,-0,0,0,1.11221,0,0,0,0
0.6,5.5,0.65,0.825,0,0,0,0,0,0,0,0,0,0,0,0,0,0,0,1.0897,0,-0,0,-0,1.08709,0,0,0,0,0,0,0,0,1.0897,0,-0,0,-0,1.08709,0,0,0,0
0.6,5.5,0.65,0.875,0,0,0,0,0,0,0,0,0,0,0,0,0,0,0,1.04178,0,-0,-0,-0,1.05721,0,0,0,0,0,0,0,0,1.04178,0,-0,-0,-0,1.05721,0,0,0,0
0.6,5.5,0.65,0.925,0,0,0,0,0,0,0,0,0,0,0,0,0,-0,0,0.985646,0,-0,-0,-0,1.02257,0,0,0,0,0,0,-0,0,0.985646,0,-0,-0,-0,1.02257,0,0,0,0
0.6,5.5,0.65,0.975,0,0,0,0,0,0,0,0,0,0,0,0,0,-0,-0,0.921304,0,-0,-0,-0,0.983182,0,0,0,0,0,0,-0,-0,0.921304,0,-0,-0,-0,0.983183,0,0,0,0
