xbj,Q2,z,zi,y_neg_H2,err_neg_H2,y_pos_H2,err_pos_H2,y_neg_D2,err_neg_D2,y_pos_D2,err_pos_D2,y_neg_Dummy,err_neg_Dummy,y_pos_Dummy,err_pos_Dummy,y_H2_neg_delta,y_H2_neg_rho,y_H2_neg_Dummy,y_H2_neg_incnorad,y_H2_pos_delta,y_H2_pos_exc,y_H2_pos_rho,y_H2_pos_Dummy,y_H2_pos_incnorad,y_D2_neg_delta,y_D2_neg_exc,y_D2_neg_rho,y_D2_neg_Dummy,y_D2_neg_incnorad,y_D2_pos_delta,y_D2_pos_exc,y_D2_pos_rho,y_D2_pos_Dummy,y_D2_pos_incnorad
0.35,4,0.4,0.025,0,0,0,0,0,0,0,0,0,0,0,0,0,0,0,0.921978,0,0,0,0,0.709781,0,0,0,0,0.921978,0,0,0,0,0.709781
0.35,4,0.4,0.075,0,0,0,0,0,0,0,0,0,0,0,0,0,0,0,0.94219,0,0,0,0,0.765372,0,0,0,0,0.94219,0,0,0,0,0.765372
0.35,4,0.4,0.125,0,0,0,0,0,0,0,0,0,0,0,0,0,0,0,0.962582,0,0,0,0,0.817882,0,0,0,0,0.962582,0,0,0,0,0.817882
0.35,4,0.4,0.175,0,0,0,0,0,0,0,0,0,0,0,0,0,0,0,0.983152,0,0,0,0,0.867313,0,0,0,0,0.983152,0,0,0,0,0.867313
0.35,4,0.4,0.225,0,0,0,0,0,0,0,0,0,0,0,0,0,0,0,1.0039,0,0,0,0,0.913665,0,0,0,0,1.0039,0,0,0,0,0.913665
0.35,4,0.4,0.275,0,0,0,0,0,0,0,0,0,0,0,0,0,0,0,1.02483,0,0,0,0,0.956937,0,0,0,0,1.02483,0,0,0,0,0.956937
0.35,4,0.4,0.325,1.69093,0.102026,2.84639,0.115588,3.84363,0.223814,4.78257,0.213113,0.597888,0.0744338,0.785602,0.0551123,0.00543012,0.064922,0.223042,1.04594,0.0185664,0.0236772,0.0683699,0.357069,0.997129,0.0123431,0.0190654,0.147573,0.506994,1.04594,0.0311957,0.0397831,0.114877,0.599957,0.997129
0.35,4,0.4,0.375,34.9639,0.463936,63.3247,0.545195,68.6141,0.945632,103.082,0.989396,11.6477,0.328534,16.3767,0.251628,0.129477,1.2085,4.67684,1.06722,0.46285,0.520004,1.39573,7.93108,1.03424,0.254088,0.356854,2.37158,9.17793,1.06722,0.753441,0.846478,2.27201,12.9105,1.03424
0.35,4,0.4,0.425,36.9692,0.477054,69.8701,0.572678,74.5979,0.986005,115.946,1.04932,11.679,0.328976,17.287,0.258528,0.175685,1.35261,5.02957,1.08869,0.628555,0.644188,1.6292,8.82899,1.06827,0.354505,0.462442,2.72936,10.1489,1.08869,1.04306,1.069,2.70359,14.6513,1.06827
0.35,4,0.4,0.475,15.0434,0.304313,30.9917,0.381407,32.3713,0.649525,49.7991,0.687685,4.74659,0.209726,7.00756,0.1646,0.0956534,0.6689,2.08746,1.11033,0.358993,0.351527,0.863131,3.99178,1.09923,0.205834,0.257513,1.43938,4.49193,1.11033,0.576848,0.564852,1.38692,6.41419,1.09923
0.35,4,0.4,0.525,0.26361,0.0402837,0.423848,0.0446036,0.446527,0.0762851,0.611622,0.0762115,0.0960127,0.0321543,0.089539,0.018606,0.0022465,0.0153409,0.0374081,1.13216,0.00638803,0.00617978,0.0151056,0.0561852,1.1271,0.00380533,0.00467445,0.0259859,0.0633653,1.13216,0.00921807,0.00891756,0.0217977,0.0810765,1.1271
0.35,4,0.4,0.575,0,0,0,0,0,0,0,0,0,0,0,0,0,0,0,1.15416,0,0,0,0,1.1519,0,0,0,0,1.15416,0,0,0,0,1.1519
0.35,4,0.4,0.625,0,0,0,0,0,0,0,0,0,0,0,0,0,0,0,1.17634,0,0,0,0,1.17361,0,0,0,0,1.17634,0,0,0,0,1.17361
0.35,4,0.4,0.675,0,0,0,0,0,0,0,0,0,0,0,0,0,0,0,1.1987,0,0,0,0,1.19224,0,0,0,0,1.1987,0,0,0,0,1.19224
0.35,4,0.4,0.725,0,0,0,0,0,0,0,0,0,0,0,0,0,0,0,1.22124,0,0,0,0,1.2078,0,0,0,0,1.22124,0,0,0,0,1.2078
0.35,4,0.4,0.775,0,0,0,0,0,0,0,0,0,0,0,0,0,0,0,1.24395,0,0,0,0,1.22027,0,0,0,0,1.24395,0,0,0,0,1.22027
0.35,4,0.4,0.825,0,0,0,0,0,0,0,0,0,0,0,0,0,0,0,1.26685,0,0,0,0,1.22967,0,0,0,0,1.26685,0,0,0,0,1.22967
0.35,4,0.4,0.875,0,0,0,0,0,0,0,0,0,0,0,0,0,0,0,1.28992,0,0,0,0,1.23599,0,0,0,0,1.28992,0,0,0,0,1.23599
0.35,4,0.4,0.925,0,0,0,0,0,0,0,0,0,0,0,0,0,0,0,1.31318,0,0,0,0,1.23922,0,0,0,0,1.31318,0,0,0,0,1.23922
0.35,4,0.4,0.975,0,0,0,0,0,0,0,0,0,0,0,0,0,0,0,1.33661,0,0,0,0,1.23938,0,0,0,0,1.33661,0,0,0,0,1.23938
0.35,4,0.5,0.025,0,0,0,0,0,0,0,0,0,0,0,0,0,0,0,0.921978,0,0,0,0,0.709781,0,0,0,0,0.921978,0,0,0,0,0.709781
0.35,4,0.5,0.075,0,0,0,0,0,0,0,0,0,0,0,0,0,0,0,0.94219,0,0,0,0,0.765372,0,0,0,0,0.94219,0,0,0,0,0.765372
0.35,4,0.5,0.125,0,0,0,0,0,0,0,0,0,0,0,0,0,0,0,0.962582,0,0,0,0,0.817882,0,0,0,0,0.962582,0,0,0,0,0.817882
0.35,4,0.5,0.175,0,0,0,0,0,0,0,0,0,0,0,0,0,0,0,0.983152,0,0,0,0,0.867313,0,0,0,0,0.983152,0,0,0,0,0.867313
0.35,4,0.5,0.225,0,0,0,0,0,0,0,0,0,0,0,0,0,0,0,1.0039,0,0,0,0,0.913665,0,0,0,0,1.0039,0,0,0,0,0.913665
0.35,4,0.5,0.275,0,0,0,0,0,0,0,0,0,0,0,0,0,0,0,1.02483,0,0,0,0,0.956937,0,0,0,0,1.02483,0,0,0,0,0.956937
0.35,4,0.5,0.325,0,0,0,0,0,0,0,0,0,0,0,0,0,0,0,1.04594,0,0,0,0,0.997129,0,0,0,0,1.04594,0,0,0,0,0.997129
0.35,4,0.5,0.375,0,0,0,0,0,0,0,0,0,0,0,0,0,0,0,1.06722,0,0,0,0,1.03424,0,0,0,0,1.06722,0,0,0,0,1.03424
0.35,4,0.5,0.425,5.8428,0.16162,11.4458,0.235618,13.0381,0.376258,18.5858,0.595522,1.82309,0.119253,3.38103,0.203722,0.0277662,0.213774,0.794899,1.08869,0.102967,0.105528,0.266888,1.44632,1.06827,0.0619597,0.0808247,0.477032,1.7738,1.08869,0.167199,0.171357,0.433377,2.34856,1.06827
0.35,4,0.5,0.475,29.713,0.364467,61.1489,0.544604,63.971,0.833432,97.6614,1.36511,9.94523,0.27853,15.3608,0.43423,0.18893,1.32118,4.12305,1.11033,0.708319,0.693589,1.70302,7.87607,1.09923,0.40676,0.508888,2.84445,8.87678,1.11033,1.13126,1.10774,2.7199,12.5789,1.09923
0.35,4,0.5,0.525,27.2014,0.348724,57.3483,0.527407,61.9921,0.82044,93.813,1.33795,9.57013,0.273227,15.2454,0.432596,0.231811,1.583,3.86006,1.13216,0.864325,0.836148,2.04384,7.60207,1.1271,0.5283,0.648962,3.60767,8.7971,1.13216,1.4139,1.36781,3.34341,12.4358,1.1271
0.35,4,0.5,0.575,17.0504,0.276092,37.5043,0.426507,36.1838,0.62681,61.0029,1.0789,6.26305,0.221033,9.97947,0.349999,0.191695,1.32618,2.4805,1.15416,0.729834,0.710048,1.75084,5.16202,1.1519,0.406807,0.497149,2.81438,5.26402,1.15416,1.18712,1.15493,2.84784,8.39632,1.1519
0.35,4,0.5,0.625,2.48165,0.105331,5.70456,0.16634,5.11703,0.235715,8.67817,0.406932,1.05813,0.090852,1.55588,0.138198,0.0360356,0.256151,0.370964,1.17634,0.141183,0.139188,0.347888,0.821665,1.17361,0.0743034,0.0909208,0.528171,0.764908,1.17634,0.214777,0.211743,0.529232,1.24997,1.17361
0.35,4,0.5,0.675,0,0,0,0,0,0,0,0,0,0,0,0,0,0,0,1.1987,0,0,0,0,1.19224,0,0,0,0,1.1987,0,0,0,0,1.19224
0.35,4,0.5,0.725,0,0,0,0,0,0,0,0,0,0,0,0,0,0,0,1.22124,0,0,0,0,1.2078,0,0,0,0,1.22124,0,0,0,0,1.2078
0.35,4,0.5,0.775,0,0,0,0,0,0,0,0,0,0,0,0,0,0,0,1.24395,0,0,0,0,1.22027,0,0,0,0,1.24395,0,0,0,0,1.22027
0.35,4,0.5,0.825,0,0,0,0,0,0,0,0,0,0,0,0,0,0,0,1.26685,0,0,0,0,1.22967,0,0,0,0,1.26685,0,0,0,0,1.22967
0.35,4,0.5,0.875,0,0,0,0,0,0,0,0,0,0,0,0,0,0,0,1.28992,0,0,0,0,1.23599,0,0,0,0,1.28992,0,0,0,0,1.23599
0.35,4,0.5,0.925,0,0,0,0,0,0,0,0,0,0,0,0,0,0,0,1.31318,0,0,0,0,1.23922,0,0,0,0,1.31318,0,0,0,0,1.23922
0.35,4,0.5,0.975,0,0,0,0,0,0,0,0,0,0,0,0,0,0,0,1.33661,0,0,0,0,1.23938,0,0,0,0,1.33661,0,0,0,0,1.23938
0.35,4,0.6,0.025,0,0,0,0,0,0,0,0,0,0,0,0,0,0,0,0.921978,0,0,0,0,0.709781,0,0,0,0,0.921978,0,0,0,0,0.709781
0.35,4,0.6,0.075,0,0,0,0,0,0,0,0,0,0,0,0,0,0,0,0.94219,0,0,0,0,0.765372,0,0,0,0,0.94219,0,0,0,0,0.765372
0.35,4,0.6,0.125,0,0,0,0,0,0,0,0,0,0,0,0,0,0,0,0.962582,0,0,0,0,0.817882,0,0,0,0,0.962582,0,0,0,0,0.817882
0.35,4,0.6,0.175,0,0,0,0,0,0,0,0,0,0,0,0,0,0,0,0.983152,0,0,0,0,0.867313,0,0,0,0,0.983152,0,0,0,0,0.867313
0.35,4,0.6,0.225,0,0,0,0,0,0,0,0,0,0,0,0,0,0,0,1.0039,0,0,0,0,0.913665,0,0,0,0,1.0039,0,0,0,0,0.913665
0.35,4,0.6,0.275,0,0,0,0,0,0,0,0,0,0,0,0,0,0,0,1.02483,0,0,0,0,0.956937,0,0,0,0,1.02483,0,0,0,0,0.956937
0.35,4,0.6,0.325,0,0,0,0,0,0,0,0,0,0,0,0,0,0,0,1.04594,0,0,0,0,0.997129,0,0,0,0,1.04594,0,0,0,0,0.997129
0.35,4,0.6,0.375,0,0,0,0,0,0,0,0,0,0,0,0,0,0,0,1.06722,0,0,0,0,1.03424,0,0,0,0,1.06722,0,0,0,0,1.03424
0.35,4,0.6,0.425,0,0,0,0,0,0,0,0,0,0,0,0,0,0,0,1.08869,0,0,0,0,1.06827,0,0,0,0,1.08869,0,0,0,0,1.06827
0.35,4,0.6,0.475,0,0,0,0,0,0,0,0,0,0,0,0,0,0,0,1.11033,0,0,0,0,1.09923,0,0,0,0,1.11033,0,0,0,0,1.09923
0.35,4,0.6,0.525,8.47578,0.196307,19.0242,0.36108,19.443,0.470208,32.3713,0.639907,3.40381,0.180758,5.09548,0.206018,0.072231,0.493253,1.20277,1.13216,0.286723,0.277376,0.678005,2.52184,1.1271,0.165694,0.203538,1.1315,2.7591,1.13216,0.487884,0.471979,1.15368,4.29113,1.1271
0.35,4,0.6,0.575,24.5733,0.334255,51.4283,0.593679,50.4384,0.757336,85.105,1.03756,9.08815,0.29536,13.707,0.337897,0.276273,1.91131,3.57493,1.15416,1.0008,0.973664,2.40086,7.07849,1.1519,0.567069,0.693001,3.9231,7.33778,1.15416,1.65615,1.61125,3.97302,11.7137,1.1519
0.35,4,0.6,0.625,22.0773,0.316825,50.0359,0.585587,46.1458,0.724393,80.2171,1.00733,8.12254,0.279228,12.8041,0.326579,0.320581,2.27878,3.30018,1.17634,1.23834,1.22085,3.0514,7.207,1.17361,0.670075,0.819932,4.76309,6.898,1.17634,1.9853,1.95726,4.89198,11.5542,1.17361
0.35,4,0.6,0.675,12.852,0.24173,30.5458,0.457537,27.2836,0.557005,50.5062,0.799299,4.47276,0.207206,7.97702,0.257771,0.235912,1.72872,1.97811,1.1987,0.945049,0.946348,2.39909,4.63549,1.19224,0.50082,0.615372,3.66992,4.19935,1.1987,1.5626,1.56475,3.9668,7.66458,1.19224
0.35,4,0.6,0.725,0.538021,0.049459,1.24295,0.0922949,1.43832,0.12789,2.14491,0.164718,0.181719,0.0417651,0.238268,0.0445498,0.0122392,0.0923542,0.0854244,1.22124,0.047268,0.0480745,0.123491,0.199859,1.2078,0.0327196,0.0404147,0.246895,0.22837,1.22124,0.0815686,0.0829604,0.213104,0.344889,1.2078
0.35,4,0.6,0.775,0,0,0,0,0,0,0,0,0,0,0,0,0,0,0,1.24395,0,0,0,0,1.22027,0,0,0,0,1.24395,0,0,0,0,1.22027
0.35,4,0.6,0.825,0,0,0,0,0,0,0,0,0,0,0,0,0,0,0,1.26685,0,0,0,0,1.22967,0,0,0,0,1.26685,0,0,0,0,1.22967
0.35,4,0.6,0.875,0,0,0,0,0,0,0,0,0,0,0,0,0,0,0,1.28992,0,0,0,0,1.23599,0,0,0,0,1.28992,0,0,0,0,1.23599
0.35,4,0.6,0.925,0,0,0,0,0,0,0,0,0,0,0,0,0,0,0,1.31318,0,0,0,0,1.23922,0,0,0,0,1.31318,0,0,0,0,1.23922
0.35,4,0.6,0.975,0,0,0,0,0,0,0,0,0,0,0,0,0,0,0,1.33661,0,0,0,0,1.23938,0,0,0,0,1.33661,0,0,0,0,1.23938
0.35,4,0.7,0.025,0,0,0,0,0,0,0,0,0,0,0,0,0,0,0,0.921978,0,0,0,0,0.709781,0,0,0,0,0.921978,0,0,0,0,0.709781
0.35,4,0.7,0.075,0,0,0,0,0,0,0,0,0,0,0,0,0,0,0,0.94219,0,0,0,0,0.765372,0,0,0,0,0.94219,0,0,0,0,0.765372
0.35,4,0.7,0.125,0,0,0,0,0,0,0,0,0,0,0,0,0,0,0,0.962582,0,0,0,0,0.817882,0,0,0,0,0.962582,0,0,0,0,0.817882
0.35,4,0.7,0.175,0,0,0,0,0,0,0,0,0,0,0,0,0,0,0,0.983152,0,0,0,0,0.867313,0,0,0,0,0.983152,0,0,0,0,0.867313
0.35,4,0.7,0.225,0,0,0,0,0,0,0,0,0,0,0,0,0,0,0,1.0039,0,0,0,0,0.913665,0,0,0,0,1.0039,0,0,0,0,0.913665
0.35,4,0.7,0.275,0,0,0,0,0,0,0,0,0,0,0,0,0,0,0,1.02483,0,0,0,0,0.956937,0,0,0,0,1.02483,0,0,0,0,0.956937
0.35,4,0.7,0.325,0,0,0,0,0,0,0,0,0,0,0,0,0,0,0,1.04594,0,0,0,0,0.997129,0,0,0,0,1.04594,0,0,0,0,0.997129
0.35,4,0.7,0.375,0,0,0,0,0,0,0,0,0,0,0,0,0,0,0,1.06722,0,0,0,0,1.03424,0,0,0,0,1.06722,0,0,0,0,1.03424
0.35,4,0.7,0.425,0,0,0,0,0,0,0,0,0,0,0,0,0,0,0,1.08869,0,0,0,0,1.06827,0,0,0,0,1.08869,0,0,0,0,1.06827
0.35,4,0.7,0.475,0,0,0,0,0,0,0,0,0,0,0,0,0,0,0,1.11033,0,0,0,0,1.09923,0,0,0,0,1.11033,0,0,0,0,1.09923
0.35,4,0.7,0.525,0,0,0,0,0,0,0,0,0,0,0,0,0,0,0,1.13216,0,0,0,0,1.1271,0,0,0,0,1.13216,0,0,0,0,1.1271
0.35,4,0.7,0.575,0.27205,0.0355669,0.462139,0.0623583,0.617624,0.0776868,0.909975,0.104192,0.142553,0.0399293,0.22257,0.0422434,0.0030586,0.02116,0.0395778,1.15416,0.00899323,0.00874942,0.0215743,0.0636079,1.1519,0.00694383,0.00848588,0.0480388,0.089852,1.15416,0.0177081,0.0172281,0.042481,0.125247,1.1519
0.35,4,0.7,0.625,12.101,0.237209,26.0866,0.468508,24.5163,0.489455,44.5041,0.72865,4.48611,0.223995,6.95774,0.236189,0.175716,1.24904,1.80889,1.17634,0.64562,0.6365,1.59087,3.75743,1.17361,0.355997,0.435612,2.53053,3.66477,1.17634,1.10144,1.08588,2.71405,6.41022,1.17361
0.35,4,0.7,0.675,16.604,0.277861,38.0033,0.565482,33.2214,0.569763,63.4872,0.870286,5.86109,0.256031,10.3815,0.288506,0.304783,2.2334,2.55559,1.1987,1.17577,1.17739,2.9848,5.76719,1.19224,0.609814,0.749296,4.46861,5.11326,1.1987,1.96421,1.96691,4.98633,9.63451,1.19224
0.35,4,0.7,0.725,4.44692,0.143797,11.1755,0.306649,8.7745,0.292817,18.3623,0.46804,1.69652,0.137747,2.87525,0.151832,0.101161,0.763337,0.706061,1.22124,0.42499,0.432242,1.11032,1.79694,1.2078,0.199607,0.246551,1.50619,1.39317,1.22124,0.698298,0.710213,1.82435,2.95254,1.2078
0.35,4,0.7,0.775,-nan,-nan,0,0,0,0,-nan,-nan,0,0,0,0,-nan,-nan,-nan,1.24395,0,0,0,0,1.22027,0,0,0,0,1.24395,-nan,-nan,-nan,-nan,1.22027
0.35,4,0.7,0.825,0,0,0,0,0,0,0,0,0,0,0,0,0,0,0,1.26685,0,0,0,0,1.22967,0,0,0,0,1.26685,0,0,0,0,1.22967
0.35,4,0.7,0.875,0,0,0,0,0,0,0,0,0,0,0,0,0,0,0,1.28992,0,0,0,0,1.23599,0,0,0,0,1.28992,0,0,0,0,1.23599
0.35,4,0.7,0.925,0,0,0,0,0,0,0,0,0,0,0,0,0,0,0,1.31318,0,0,0,0,1.23922,0,0,0,0,1.31318,0,0,0,0,1.23922
0.35,4,0.7,0.975,0,0,0,0,0,0,0,0,0,0,0,0,0,0,0,1.33661,0,0,0,0,1.23938,0,0,0,0,1.33661,0,0,0,0,1.23938
0.45,4,0.4,0.025,0,0,0,0,0,0,0,0,0,0,0,0,0,0,0,0.869295,0,-0,0,-0,0.71206,0,-0,0,0,0.869295,0,-0,0,-0,0.71206
0.45,4,0.4,0.075,0,0,0,0,0,0,0,0,0,0,0,0,0,0,0,0.910998,0,-0,0,-0,0.784651,0,-0,0,0,0.910998,0,-0,0,-0,0.784651
0.45,4,0.4,0.125,0,0,0,0,0,0,0,0,0,0,0,0,0,0,0,0.950111,0,-0,0,0,0.850961,0,-0,0,0,0.950111,0,-0,0,0,0.850961
0.45,4,0.4,0.175,0,0,0,0,0,0,0,0,0,0,0,0,0,0,0,0.986636,0,-0,0,0,0.91099,0,-0,0,0,0.986636,0,-0,0,0,0.91099
0.45,4,0.4,0.225,0,0,0,0,0,0,0,0,0,0,0,0,0,0,0,1.02057,0,-0,0,0,0.964737,0,-0,0,0,1.02057,0,-0,0,0,0.964737
0.45,4,0.4,0.275,0,0,0,0,0,0,0,0,0,0,0,0,0,0,0,1.05192,0,-0,0,0,1.0122,0,-0,0,0,1.05192,0,-0,0,0,1.0122
0.45,4,0.4,0.325,5.84754,0.15768,11.457,0.339775,12.9606,0.343068,18.9984,0.558521,2.28415,0.152472,2.67624,0.195614,0.0187857,0.167675,0.664318,1.08068,0.125028,0.0399422,0.216216,1.08888,1.05339,0.0416371,0.0183463,0.371639,1.47241,1.08068,0.207326,0.0662335,0.358537,1.80562,1.05339
0.45,4,0.4,0.375,35.1647,0.386672,71.5738,0.849244,75.4773,0.827896,113.64,1.36599,11.8693,0.347567,16.0749,0.479415,0.152427,1.17838,4.17897,1.10684,0.904503,0.663368,1.58185,7.58576,1.08829,0.327168,0.377033,2.52928,8.96972,1.10684,1.43611,1.05325,2.51156,12.0442,1.08829
0.45,4,0.4,0.425,35.0823,0.386219,71.955,0.851503,75.9005,0.830213,113.594,1.36571,10.3645,0.324789,16.0034,0.478348,0.199982,1.4599,4.29626,1.13042,1.07516,1.11584,1.92717,8.14383,1.11692,0.432661,0.640306,3.15849,9.29495,1.13042,1.69734,1.76156,3.0424,12.8565,1.11692
0.45,4,0.4,0.475,9.32529,0.199123,19.8221,0.44692,19.0948,0.416413,29.2493,0.693008,3.14762,0.178986,4.29517,0.247815,0.0681657,0.49409,1.16075,1.15142,0.35337,0.440127,0.652504,2.31173,1.13926,0.139578,0.224133,1.01171,2.37679,1.15142,0.52143,0.649447,0.962829,3.41116,1.13926
0.45,4,0.4,0.525,0.0653086,0.0166638,0.220228,0.0471077,0.052477,0.0218299,0.343993,0.0751546,-nan,-nan,0,0,0.00059841,0.00441625,0.00815534,1.16982,0.00468916,0.00646532,0.00892055,0.0256165,1.15532,0.000480836,0.000781948,0.00354856,0.006553,1.16982,0.00732439,0.0100987,0.0139338,0.0400126,1.15532
0.45,4,0.4,0.575,0,0,0,0,0,0,0,0,0,0,0,0,0,0,0,1.18563,0,0,0,0,1.1651,0,0,0,0,1.18563,0,0,0,0,1.1651
0.45,4,0.4,0.625,0,0,0,0,0,0,0,0,0,0,0,0,0,0,0,1.19885,0,0,0,0,1.1686,0,0,0,0,1.19885,0,0,0,0,1.1686
0.45,4,0.4,0.675,0,0,0,0,0,0,0,0,0,0,0,0,0,0,0,1.20949,0,0,0,0,1.16582,0,0,0,0,1.20949,0,0,0,0,1.16582
0.45,4,0.4,0.725,0,0,0,0,0,0,0,0,0,0,0,0,0,0,0,1.21753,0,0,0,0,1.15675,0,0,0,0,1.21753,0,0,0,0,1.15675
0.45,4,0.4,0.775,0,0,0,0,0,0,0,0,0,0,0,0,0,0,0,1.22299,0,0,0,0,1.14141,0,0,0,0,1.22299,0,0,0,0,1.14141
0.45,4,0.4,0.825,0,0,0,0,0,0,0,0,0,0,0,0,0,0,0,1.22586,0,0,0,0,1.11978,0,0,0,0,1.22586,0,0,0,0,1.11978
0.45,4,0.4,0.875,0,0,0,0,0,0,0,0,0,0,0,0,0,0,0,1.22614,0,0,0,0,1.09188,0,0,0,0,1.22614,0,0,0,0,1.09188
0.45,4,0.4,0.925,0,0,0,0,0,0,0,0,0,0,0,0,0,0,0,1.22383,0,0,0,-0,1.05769,0,0,0,0,1.22383,0,0,0,-0,1.05769
0.45,4,0.4,0.975,0,0,0,0,0,0,0,0,0,0,0,0,0,0,0,1.21893,0,0,0,-0,1.01722,0,0,0,0,1.21893,0,0,0,-0,1.01722
0.45,4,0.5,0.025,0,0,0,0,0,0,0,0,0,0,0,0,0,0,0,0.869295,0,-0,0,-0,0.71206,0,-0,0,0,0.869295,0,-0,0,-0,0.71206
0.45,4,0.5,0.075,0,0,0,0,0,0,0,0,0,0,0,0,0,0,0,0.910998,0,-0,0,-0,0.784651,0,-0,0,0,0.910998,0,-0,0,-0,0.784651
0.45,4,0.5,0.125,0,0,0,0,0,0,0,0,0,0,0,0,0,0,0,0.950111,0,-0,0,0,0.850961,0,-0,0,0,0.950111,0,-0,0,0,0.850961
0.45,4,0.5,0.175,0,0,0,0,0,0,0,0,0,0,0,0,0,0,0,0.986636,0,-0,0,0,0.91099,0,-0,0,0,0.986636,0,-0,0,0,0.91099
0.45,4,0.5,0.225,0,0,0,0,0,0,0,0,0,0,0,0,0,0,0,1.02057,0,-0,0,0,0.964737,0,-0,0,0,1.02057,0,-0,0,0,0.964737
0.45,4,0.5,0.275,0,0,0,0,0,0,0,0,0,0,0,0,0,0,0,1.05192,0,-0,0,0,1.0122,0,-0,0,0,1.05192,0,-0,0,0,1.0122
0.45,4,0.5,0.325,0,0,0,0,0,0,0,0,0,0,0,0,0,0,0,1.08068,0,0,0,0,1.05339,0,0,0,0,1.08068,0,0,0,0,1.05339
0.45,4,0.5,0.375,0,0,0,0,0,0,0,0,0,0,0,0,0,0,0,1.10684,0,0,0,0,1.08829,0,0,0,0,1.10684,0,0,0,0,1.08829
0.45,4,0.5,0.425,13.0643,0.243448,26.4128,0.542071,25.188,0.442157,43.2005,0.891252,4.55697,0.210873,6.06478,0.327407,0.0744712,0.54365,1.59988,1.13042,0.394663,0.409596,0.707414,2.98938,1.11692,0.143581,0.212489,1.04816,3.08458,1.13042,0.645507,0.669931,1.15704,4.88941,1.11692
0.45,4,0.5,0.475,28.4753,0.359416,62.5418,0.834132,59.5454,0.679836,98.2084,1.34379,9.57515,0.305672,13.9054,0.49576,0.208148,1.50873,3.54443,1.15142,1.11494,1.38867,2.05875,7.29387,1.13926,0.435263,0.698941,3.15494,7.41183,1.15142,1.75077,2.18061,3.23283,11.4534,1.13926
0.45,4,0.5,0.525,20.3857,0.304107,44.6052,0.704437,41.5958,0.568205,72.8259,1.15717,6.83352,0.258229,9.8652,0.417574,0.18679,1.37851,2.54564,1.16982,0.949747,1.30949,1.80678,5.1884,1.15532,0.381134,0.61981,2.81276,5.19423,1.16982,1.55063,2.13798,2.94989,8.47098,1.15532
0.45,4,0.5,0.575,3.35331,0.123339,7.5838,0.290465,7.5837,0.242617,11.9385,0.468523,1.17042,0.106869,1.83117,0.179906,0.0377567,0.286795,0.414681,1.18563,0.192156,0.280359,0.375754,0.851378,1.1651,0.0853889,0.135935,0.648602,0.937825,1.18563,0.302494,0.441343,0.591515,1.34025,1.1651
0.45,4,0.5,0.625,0,0,0,0,0,0,0,0,0,0,0,0,0,0,0,1.19885,0,0,0,0,1.1686,0,0,0,0,1.19885,0,0,0,0,1.1686
0.45,4,0.5,0.675,0,0,0,0,0,0,0,0,0,0,0,0,0,0,0,1.20949,0,0,0,0,1.16582,0,0,0,0,1.20949,0,0,0,0,1.16582
0.45,4,0.5,0.725,0,0,0,0,0,0,0,0,0,0,0,0,0,0,0,1.21753,0,0,0,0,1.15675,0,0,0,0,1.21753,0,0,0,0,1.15675
0.45,4,0.5,0.775,0,0,0,0,0,0,0,0,0,0,0,0,0,0,0,1.22299,0,0,0,0,1.14141,0,0,0,0,1.22299,0,0,0,0,1.14141
0.45,4,0.5,0.825,0,0,0,0,0,0,0,0,0,0,0,0,0,0,0,1.22586,0,0,0,0,1.11978,0,0,0,0,1.22586,0,0,0,0,1.11978
0.45,4,0.5,0.875,0,0,0,0,0,0,0,0,0,0,0,0,0,0,0,1.22614,0,0,0,0,1.09188,0,0,0,0,1.22614,0,0,0,0,1.09188
0.45,4,0.5,0.925,0,0,0,0,0,0,0,0,0,0,0,0,0,0,0,1.22383,0,0,0,-0,1.05769,0,0,0,0,1.22383,0,0,0,-0,1.05769
0.45,4,0.5,0.975,0,0,0,0,0,0,0,0,0,0,0,0,0,0,0,1.21893,0,0,0,-0,1.01722,0,0,0,0,1.21893,0,0,0,-0,1.01722
0.45,4,0.6,0.025,0,0,0,0,0,0,0,0,0,0,0,0,0,0,0,0.869295,0,-0,0,-0,0.71206,0,-0,0,0,0.869295,0,-0,0,-0,0.71206
0.45,4,0.6,0.075,0,0,0,0,0,0,0,0,0,0,0,0,0,0,0,0.910998,0,-0,0,-0,0.784651,0,-0,0,0,0.910998,0,-0,0,-0,0.784651
0.45,4,0.6,0.125,0,0,0,0,0,0,0,0,0,0,0,0,0,0,0,0.950111,0,-0,0,0,0.850961,0,-0,0,0,0.950111,0,-0,0,0,0.850961
0.45,4,0.6,0.175,0,0,0,0,0,0,0,0,0,0,0,0,0,0,0,0.986636,0,-0,0,0,0.91099,0,-0,0,0,0.986636,0,-0,0,0,0.91099
0.45,4,0.6,0.225,0,0,0,0,0,0,0,0,0,0,0,0,0,0,0,1.02057,0,-0,0,0,0.964737,0,-0,0,0,1.02057,0,-0,0,0,0.964737
0.45,4,0.6,0.275,0,0,0,0,0,0,0,0,0,0,0,0,0,0,0,1.05192,0,-0,0,0,1.0122,0,-0,0,0,1.05192,0,-0,0,0,1.0122
0.45,4,0.6,0.325,0,0,0,0,0,0,0,0,0,0,0,0,0,0,0,1.08068,0,0,0,0,1.05339,0,0,0,0,1.08068,0,0,0,0,1.05339
0.45,4,0.6,0.375,0,0,0,0,0,0,0,0,0,0,0,0,0,0,0,1.10684,0,0,0,0,1.08829,0,0,0,0,1.10684,0,0,0,0,1.08829
0.45,4,0.6,0.425,0,0,0,0,0,0,0,0,0,0,0,0,0,0,0,1.13042,0,0,0,0,1.11692,0,0,0,0,1.13042,0,0,0,0,1.11692
0.45,4,0.6,0.475,0.899843,0.0793994,1.7594,0.160089,1.70001,0.150767,2.68545,0.217013,0.229244,0.0528103,0.647346,0.13478,0.00657764,0.0476771,0.112007,1.15142,0.031365,0.0390654,0.0579159,0.205188,1.13926,0.0124266,0.0199546,0.0900728,0.211606,1.15142,0.0478737,0.0596273,0.0883997,0.313187,1.13926
0.45,4,0.6,0.525,16.2254,0.337156,32.9961,0.693284,31.7061,0.651106,50.1365,0.93768,5.09177,0.248888,7.08177,0.445786,0.14867,1.09718,2.02612,1.16982,0.702564,0.968681,1.33654,3.83805,1.15532,0.290517,0.472446,2.14401,3.95927,1.16982,1.06752,1.47188,2.03083,5.83179,1.15532
0.45,4,0.6,0.575,11.9129,0.288897,28.4661,0.643937,25.881,0.588262,43.655,0.874974,4.24565,0.22727,7.22404,0.450242,0.134133,1.01886,1.47318,1.18563,0.721266,1.05234,1.41041,3.19568,1.1651,0.291408,0.463908,2.21349,3.20053,1.18563,1.10612,1.61384,2.16297,4.90083,1.1651
0.45,4,0.6,0.625,2.17458,0.12343,5.30195,0.277906,5.06694,0.260287,8.60661,0.388503,0.790112,0.0980425,1.31639,0.192198,0.0295741,0.232022,0.262779,1.19885,0.158864,0.238778,0.318333,0.553826,1.1686,0.0689099,0.105441,0.54063,0.612296,1.19885,0.257883,0.387607,0.516748,0.899021,1.1686
0.45,4,0.6,0.675,0,0,0.0268186,0.026709,0,0,0,0,0,0,0,0,0,0,0,1.20949,0.000943188,0.00143643,0.00193061,0.00249148,1.16582,0,0,0,0,1.20949,0,0,0,0,1.16582
0.45,4,0.6,0.725,0,0,0,0,0,0,0,0,0,0,0,0,0,0,0,1.21753,0,0,0,0,1.15675,0,0,0,0,1.21753,0,0,0,0,1.15675
0.45,4,0.6,0.775,0,0,0,0,0,0,0,0,0,0,0,0,0,0,0,1.22299,0,0,0,0,1.14141,0,0,0,0,1.22299,0,0,0,0,1.14141
0.45,4,0.6,0.825,0,0,0,0,0,0,0,0,0,0,0,0,0,0,0,1.22586,0,0,0,0,1.11978,0,0,0,0,1.22586,0,0,0,0,1.11978
0.45,4,0.6,0.875,0,0,0,0,0,0,0,0,0,0,0,0,0,0,0,1.22614,0,0,0,0,1.09188,0,0,0,0,1.22614,0,0,0,0,1.09188
0.45,4,0.6,0.925,0,0,0,0,0,0,0,0,0,0,0,0,0,0,0,1.22383,0,0,0,-0,1.05769,0,0,0,0,1.22383,0,0,0,-0,1.05769
0.45,4,0.6,0.975,0,0,0,0,0,0,0,0,0,0,0,0,0,0,0,1.21893,0,0,0,-0,1.01722,0,0,0,0,1.21893,0,0,0,-0,1.01722
0.45,4,0.7,0.025,0,0,0,0,0,0,0,0,0,0,0,0,0,0,0,0.869295,0,-0,0,-0,0.71206,0,-0,0,0,0.869295,0,-0,0,-0,0.71206
0.45,4,0.7,0.075,0,0,0,0,0,0,0,0,0,0,0,0,0,0,0,0.910998,0,-0,0,-0,0.784651,0,-0,0,0,0.910998,0,-0,0,-0,0.784651
0.45,4,0.7,0.125,0,0,0,0,0,0,0,0,0,0,0,0,0,0,0,0.950111,0,-0,0,0,0.850961,0,-0,0,0,0.950111,0,-0,0,0,0.850961
0.45,4,0.7,0.175,0,0,0,0,0,0,0,0,0,0,0,0,0,0,0,0.986636,0,-0,0,0,0.91099,0,-0,0,0,0.986636,0,-0,0,0,0.91099
0.45,4,0.7,0.225,0,0,0,0,0,0,0,0,0,0,0,0,0,0,0,1.02057,0,-0,0,0,0.964737,0,-0,0,0,1.02057,0,-0,0,0,0.964737
0.45,4,0.7,0.275,0,0,0,0,0,0,0,0,0,0,0,0,0,0,0,1.05192,0,-0,0,0,1.0122,0,-0,0,0,1.05192,0,-0,0,0,1.0122
0.45,4,0.7,0.325,0,0,0,0,0,0,0,0,0,0,0,0,0,0,0,1.08068,0,0,0,0,1.05339,0,0,0,0,1.08068,0,0,0,0,1.05339
0.45,4,0.7,0.375,0,0,0,0,0,0,0,0,0,0,0,0,0,0,0,1.10684,0,0,0,0,1.08829,0,0,0,0,1.10684,0,0,0,0,1.08829
0.45,4,0.7,0.425,0,0,0,0,0,0,0,0,0,0,0,0,0,0,0,1.13042,0,0,0,0,1.11692,0,0,0,0,1.13042,0,0,0,0,1.11692
0.45,4,0.7,0.475,0,0,0,0,0,0,0,0,0,0,0,0,0,0,0,1.15142,0,0,0,0,1.13926,0,0,0,0,1.15142,0,0,0,0,1.13926
0.45,4,0.7,0.525,0,0,0,0,0,0,0,0,0,0,0,0,0,0,0,1.16982,0,0,0,0,1.15532,0,0,0,0,1.16982,0,0,0,0,1.15532
0.45,4,0.7,0.575,2.54887,0.159038,5.6066,0.196933,5.93535,0.388195,8.93676,0.468298,1.13487,0.0981476,1.46007,0.156647,0.028699,0.217994,0.315201,1.18563,0.142058,0.207265,0.27779,0.629412,1.1651,0.0668292,0.106389,0.507626,0.733984,1.18563,0.226437,0.330375,0.442789,1.00326,1.1651
0.45,4,0.7,0.625,3.1485,0.176758,6.35383,0.209646,5.76881,0.382709,9.12324,0.473159,0.997181,0.0920012,1.41184,0.154039,0.0428193,0.335938,0.38047,1.19885,0.190382,0.286151,0.381489,0.663702,1.1686,0.0784551,0.120046,0.615518,0.69711,1.19885,0.273363,0.410874,0.547766,0.952986,1.1686
0.45,4,0.7,0.675,0.0397543,0.0281105,0.045415,0.0186519,-nan,-nan,-nan,-nan,0.0236732,0.0235782,0,0,0.000643381,0.00521324,0.00462774,1.20949,0.00159721,0.00243247,0.00326932,0.00421912,1.16582,-nan,-nan,-nan,-nan,1.20949,-nan,-nan,-nan,-nan,1.16582
0.45,4,0.7,0.725,0,0,0,0,0,0,0,0,0,0,0,0,0,0,0,1.21753,0,0,0,0,1.15675,0,0,0,0,1.21753,0,0,0,0,1.15675
0.45,4,0.7,0.775,0,0,0,0,0,0,0,0,0,0,0,0,0,0,0,1.22299,0,0,0,0,1.14141,0,0,0,0,1.22299,0,0,0,0,1.14141
0.45,4,0.7,0.825,0,0,0,0,0,0,0,0,0,0,0,0,0,0,0,1.22586,0,0,0,0,1.11978,0,0,0,0,1.22586,0,0,0,0,1.11978
0.45,4,0.7,0.875,0,0,0,0,0,0,0,0,0,0,0,0,0,0,0,1.22614,0,0,0,0,1.09188,0,0,0,0,1.22614,0,0,0,0,1.09188
0.45,4,0.7,0.925,0,0,0,0,0,0,0,0,0,0,0,0,0,0,0,1.22383,0,0,0,-0,1.05769,0,0,0,0,1.22383,0,0,0,-0,1.05769
0.45,4,0.7,0.975,0,0,0,0,0,0,0,0,0,0,0,0,0,0,0,1.21893,0,0,0,-0,1.01722,0,0,0,0,1.21893,0,0,0,-0,1.01722
0.45,4.75,0.4,0.025,0,0,0,0,0,0,0,0,0,0,0,0,-0,0,0,0.78414,-0,0,0,0,0.913031,-0,-0,0,0,0.784215,-0,0,0,0,0.913031
0.45,4.75,0.4,0.075,0,0,0,0,0,0,0,0,0,0,0,0,-0,0,0,0.842622,-0,-0,0,0,0.939108,-0,-0,0,0,0.842682,-0,-0,0,0,0.939108
0.45,4.75,0.4,0.125,0,0,0,0,0,0,0,0,0,0,0,0,-0,0,0,0.896708,-0,-0,0,0,0.964571,-0,-0,0,0,0.896754,-0,-0,0,0,0.964571
0.45,4.75,0.4,0.175,0,0,0,0,0,0,0,0,0,0,0,0,-0,0,0,0.946398,-0,0,0,0,0.989419,-0,-0,0,0,0.946433,-0,0,0,0,0.989419
0.45,4.75,0.4,0.225,0,0,0,0,0,0,0,0,0,0,0,0,-0,0,0,0.991693,-0,0,0,0,1.01365,-0,-0,0,0,0.991717,-0,0,0,0,1.01365
0.45,4.75,0.4,0.275,0,0,0,0,0,0,0,0,0,0,0,0,-0,0,0,1.03259,-0,0,0,0,1.03727,-0,0,0,0,1.03261,-0,0,0,0,1.03727
0.45,4.75,0.4,0.325,1.78373,0.0682514,3.10273,0.132085,3.57389,0.137227,5.07219,0.207037,0.540736,0.0599579,0.724414,0.0737852,0.00261133,0.0303045,0.214778,1.0691,0.0135775,0.0149161,0.0342724,0.386086,1.06027,0.00523208,0.00808954,0.0607184,0.43033,1.0691,0.0221959,0.0243841,0.0560268,0.631154,1.06027
0.45,4.75,0.4,0.375,21.4445,0.23665,40.5442,0.477471,41.5683,0.468005,65.0236,0.741285,6.06699,0.200835,9.76465,0.270897,0.0821466,0.510932,2.75916,1.1012,0.349436,0.306072,0.612312,5.05183,1.08266,0.159234,0.176471,0.990395,5.34838,1.10121,0.560416,0.49087,0.982008,8.10198,1.08266
0.45,4.75,0.4,0.425,22.2702,0.241163,45.1117,0.503648,43.2524,0.477391,67.8073,0.756987,6.9727,0.215305,9.57338,0.268231,0.133494,0.735911,2.98964,1.12892,0.560535,0.490169,0.918406,5.65075,1.10444,0.259267,0.283775,1.42926,5.80637,1.12891,0.84254,0.736773,1.38045,8.49364,1.10444
0.45,4.75,0.4,0.475,8.55729,0.149491,17.7504,0.315927,16.9225,0.298608,26.7189,0.475181,2.50756,0.129116,3.87705,0.170697,0.0680718,0.382048,1.17359,1.15223,0.280395,0.261946,0.475967,2.24395,1.1256,0.134616,0.155861,0.755522,2.32085,1.15223,0.422066,0.394295,0.716451,3.37772,1.1256
0.45,4.75,0.4,0.525,0.227855,0.0243937,0.519086,0.0540259,0.363828,0.0437842,0.825248,0.0835107,0.0531459,0.018797,0.0695789,0.0228673,0.002213,0.0133591,0.0313006,1.17115,0.00972339,0.00997865,0.0178929,0.0664777,1.14614,0.00353362,0.00443629,0.0213312,0.0499793,1.17115,0.0154583,0.0158642,0.0284463,0.105687,1.14614
0.45,4.75,0.4,0.575,0,0,0,0,0,0,0,0,0,0,0,0,0,0,0,1.18568,0,0,0,0,1.16607,0,0,0,0,1.18568,0,0,0,0,1.16607
0.45,4.75,0.4,0.625,0,0,0,0,0,0,0,0,0,0,0,0,0,0,0,1.19581,0,0,0,0,1.18538,0,0,0,0,1.19581,0,0,0,0,1.18538
0.45,4.75,0.4,0.675,0,0,0,0,0,0,0,0,0,0,0,0,0,0,0,1.20154,0,0,0,0,1.20408,0,0,0,0,1.20155,0,0,0,0,1.20408
0.45,4.75,0.4,0.725,0,0,0,0,0,0,0,0,0,0,0,0,0,0,0,1.20288,0,0,0,0,1.22217,0,0,0,0,1.20289,0,0,0,0,1.22217
0.45,4.75,0.4,0.775,0,0,0,0,0,0,0,0,0,0,0,0,0,0,0,1.19982,0,0,0,0,1.23964,0,0,0,0,1.19984,0,0,0,0,1.23964
0.45,4.75,0.4,0.825,0,0,0,0,0,0,0,0,0,0,0,0,0,0,0,1.19237,0,0,0,0,1.25649,0,0,0,0,1.1924,0,0,0,0,1.25649
0.45,4.75,0.4,0.875,0,0,0,0,0,0,0,0,0,0,0,0,0,0,0,1.18052,0,0,0,0,1.27273,0,0,0,0,1.18056,0,0,0,0,1.27273
0.45,4.75,0.4,0.925,0,0,0,0,0,0,0,0,0,0,0,0,0,0,0,1.16427,0,0,0,0,1.28836,0,0,0,0,1.16433,0,0,0,0,1.28836
0.45,4.75,0.4,0.975,0,0,0,0,0,0,0,0,0,0,0,0,0,0,0,1.14363,0,0,0,0,1.30337,0,0,0,0,1.1437,0,0,0,0,1.30337
0.45,4.75,0.5,0.025,0,0,0,0,0,0,0,0,0,0,0,0,-0,0,0,0.78414,-0,0,0,0,0.913031,-0,-0,0,0,0.784215,-0,0,0,0,0.913031
0.45,4.75,0.5,0.075,0,0,0,0,0,0,0,0,0,0,0,0,-0,0,0,0.842622,-0,-0,0,0,0.939108,-0,-0,0,0,0.842682,-0,-0,0,0,0.939108
0.45,4.75,0.5,0.125,0,0,0,0,0,0,0,0,0,0,0,0,-0,0,0,0.896708,-0,-0,0,0,0.964571,-0,-0,0,0,0.896754,-0,-0,0,0,0.964571
0.45,4.75,0.5,0.175,0,0,0,0,0,0,0,0,0,0,0,0,-0,0,0,0.946398,-0,0,0,0,0.989419,-0,-0,0,0,0.946433,-0,0,0,0,0.989419
0.45,4.75,0.5,0.225,0,0,0,0,0,0,0,0,0,0,0,0,-0,0,0,0.991693,-0,0,0,0,1.01365,-0,-0,0,0,0.991717,-0,0,0,0,1.01365
0.45,4.75,0.5,0.275,0,0,0,0,0,0,0,0,0,0,0,0,-0,0,0,1.03259,-0,0,0,0,1.03727,-0,0,0,0,1.03261,-0,0,0,0,1.03727
0.45,4.75,0.5,0.325,0,0,0,0,0,0,0,0,0,0,0,0,0,0,0,1.0691,0,0,0,0,1.06027,0,0,0,0,1.0691,0,0,0,0,1.06027
0.45,4.75,0.5,0.375,0,0,0,0,0,0,0,0,0,0,0,0,0,0,0,1.1012,0,0,0,0,1.08266,0,0,0,0,1.10121,0,0,0,0,1.08266
0.45,4.75,0.5,0.425,4.49343,0.101946,9.71334,0.223224,9.39238,0.208555,15.4632,0.350168,1.45814,0.0817874,2.32544,0.113527,0.0269348,0.148483,0.603214,1.12892,0.120693,0.105542,0.197749,1.21671,1.10444,0.0563005,0.0616225,0.310367,1.26087,1.12891,0.192138,0.168018,0.314807,1.93694,1.10444
0.45,4.75,0.5,0.475,18.6424,0.20765,38.5868,0.444914,37.3263,0.415758,59.0448,0.684255,5.73219,0.162161,8.97517,0.223033,0.148297,0.832308,2.55672,1.15223,0.609537,0.569431,1.03468,4.87802,1.1256,0.296924,0.343784,1.66647,5.11913,1.15223,0.932703,0.871333,1.58325,7.46426,1.1256
0.45,4.75,0.5,0.525,16.4489,0.195052,34.686,0.421826,33.1417,0.391761,55.8238,0.66533,4.76039,0.147777,8.14812,0.212508,0.159757,0.964396,2.25959,1.17115,0.649729,0.666786,1.19562,4.44212,1.14614,0.321883,0.404109,1.94309,4.5527,1.17115,1.04568,1.07313,1.92425,7.14918,1.14614
0.45,4.75,0.5,0.575,7.13858,0.128495,16.1227,0.287591,14.3154,0.257475,24.6826,0.442408,2.31564,0.103068,3.7419,0.14401,0.0804287,0.535367,0.963129,1.18568,0.342304,0.391213,0.69852,2.09936,1.16607,0.161289,0.222036,1.0736,1.93142,1.18568,0.52404,0.598917,1.06938,3.21396,1.16607
0.45,4.75,0.5,0.625,0.159618,0.0192142,0.349287,0.04233,0.311344,0.0379711,0.583694,0.068033,0.0468038,0.014653,0.103527,0.0239537,0.00201408,0.0149634,0.0207168,1.19581,0.00813655,0.010437,0.018645,0.0464029,1.18538,0.00392858,0.00596561,0.029187,0.0404094,1.19581,0.013597,0.0174413,0.0311577,0.077544,1.18538
0.45,4.75,0.5,0.675,0,0,0,0,0,0,0,0,0,0,0,0,0,0,0,1.20154,0,0,0,0,1.20408,0,0,0,0,1.20155,0,0,0,0,1.20408
0.45,4.75,0.5,0.725,0,0,0,0,0,0,0,0,0,0,0,0,0,0,0,1.20288,0,0,0,0,1.22217,0,0,0,0,1.20289,0,0,0,0,1.22217
0.45,4.75,0.5,0.775,0,0,0,0,0,0,0,0,0,0,0,0,0,0,0,1.19982,0,0,0,0,1.23964,0,0,0,0,1.19984,0,0,0,0,1.23964
0.45,4.75,0.5,0.825,0,0,0,0,0,0,0,0,0,0,0,0,0,0,0,1.19237,0,0,0,0,1.25649,0,0,0,0,1.1924,0,0,0,0,1.25649
0.45,4.75,0.5,0.875,0,0,0,0,0,0,0,0,0,0,0,0,0,0,0,1.18052,0,0,0,0,1.27273,0,0,0,0,1.18056,0,0,0,0,1.27273
0.45,4.75,0.5,0.925,0,0,0,0,0,0,0,0,0,0,0,0,0,0,0,1.16427,0,0,0,0,1.28836,0,0,0,0,1.16433,0,0,0,0,1.28836
0.45,4.75,0.5,0.975,0,0,0,0,0,0,0,0,0,0,0,0,0,0,0,1.14363,0,0,0,0,1.30337,0,0,0,0,1.1437,0,0,0,0,1.30337
0.45,4.75,0.6,0.025,0,0,0,0,0,0,0,0,0,0,0,0,-0,0,0,0.78414,-0,0,0,0,0.913031,-0,-0,0,0,0.784215,-0,0,0,0,0.913031
0.45,4.75,0.6,0.075,0,0,0,0,0,0,0,0,0,0,0,0,-0,0,0,0.842622,-0,-0,0,0,0.939108,-0,-0,0,0,0.842682,-0,-0,0,0,0.939108
0.45,4.75,0.6,0.125,0,0,0,0,0,0,0,0,0,0,0,0,-0,0,0,0.896708,-0,-0,0,0,0.964571,-0,-0,0,0,0.896754,-0,-0,0,0,0.964571
0.45,4.75,0.6,0.175,0,0,0,0,0,0,0,0,0,0,0,0,-0,0,0,0.946398,-0,0,0,0,0.989419,-0,-0,0,0,0.946433,-0,0,0,0,0.989419
0.45,4.75,0.6,0.225,0,0,0,0,0,0,0,0,0,0,0,0,-0,0,0,0.991693,-0,0,0,0,1.01365,-0,-0,0,0,0.991717,-0,0,0,0,1.01365
0.45,4.75,0.6,0.275,0,0,0,0,0,0,0,0,0,0,0,0,-0,0,0,1.03259,-0,0,0,0,1.03727,-0,0,0,0,1.03261,-0,0,0,0,1.03727
0.45,4.75,0.6,0.325,0,0,0,0,0,0,0,0,0,0,0,0,0,0,0,1.0691,0,0,0,0,1.06027,0,0,0,0,1.0691,0,0,0,0,1.06027
0.45,4.75,0.6,0.375,0,0,0,0,0,0,0,0,0,0,0,0,0,0,0,1.1012,0,0,0,0,1.08266,0,0,0,0,1.10121,0,0,0,0,1.08266
0.45,4.75,0.6,0.425,0,0,0,0,0,0,0,0,0,0,0,0,0,0,0,1.12892,0,0,0,0,1.10444,0,0,0,0,1.12891,0,0,0,0,1.10444
0.45,4.75,0.6,0.475,0,0,0,0,0,0,0,0,0,0,0,0,0,0,0,1.15223,0,0,0,0,1.1256,0,0,0,0,1.15223,0,0,0,0,1.1256
0.45,4.75,0.6,0.525,6.9724,0.154569,14.7786,0.30958,14.3686,0.30024,23.0749,0.504001,2.41597,0.128176,3.56604,0.21208,0.0677182,0.408791,0.957803,1.17115,0.276829,0.284097,0.509419,1.89265,1.14614,0.139553,0.175202,0.842431,1.97383,1.17115,0.432234,0.443581,0.795391,2.95513,1.14614
0.45,4.75,0.6,0.575,12.2516,0.204893,27.1194,0.419369,25.4274,0.399403,42.5178,0.684143,4.08032,0.166574,6.74952,0.291771,0.138036,0.918823,1.65297,1.18568,0.575776,0.658045,1.17495,3.53125,1.16607,0.286485,0.394385,1.90696,3.43064,1.18568,0.902702,1.03168,1.8421,5.5363,1.16607
0.45,4.75,0.6,0.625,6.72918,0.151849,15.8441,0.320546,13.7258,0.293446,23.4691,0.508288,2.05051,0.118084,3.73028,0.216909,0.0849097,0.630828,0.873382,1.19581,0.369083,0.473434,0.84576,2.10489,1.18538,0.173194,0.262998,1.28673,1.78147,1.19581,0.546708,0.701278,1.25279,3.11789,1.18538
0.45,4.75,0.6,0.675,1.06704,0.0604675,2.6426,0.13091,2.2349,0.11841,3.70439,0.201939,0.267977,0.0426882,0.624008,0.0887159,0.0146894,0.122578,0.130163,1.20154,0.0658603,0.0953235,0.170804,0.359351,1.20408,0.0307666,0.0517274,0.256738,0.272624,1.20155,0.0923229,0.133624,0.239434,0.503739,1.20408
0.45,4.75,0.6,0.725,0,0,0,0,0,0,0,0,0,0,0,0,0,0,0,1.20288,0,0,0,0,1.22217,0,0,0,0,1.20289,0,0,0,0,1.22217
0.45,4.75,0.6,0.775,0,0,0,0,0,0,0,0,0,0,0,0,0,0,0,1.19982,0,0,0,0,1.23964,0,0,0,0,1.19984,0,0,0,0,1.23964
0.45,4.75,0.6,0.825,0,0,0,0,0,0,0,0,0,0,0,0,0,0,0,1.19237,0,0,0,0,1.25649,0,0,0,0,1.1924,0,0,0,0,1.25649
0.45,4.75,0.6,0.875,0,0,0,0,0,0,0,0,0,0,0,0,0,0,0,1.18052,0,0,0,0,1.27273,0,0,0,0,1.18056,0,0,0,0,1.27273
0.45,4.75,0.6,0.925,0,0,0,0,0,0,0,0,0,0,0,0,0,0,0,1.16427,0,0,0,0,1.28836,0,0,0,0,1.16433,0,0,0,0,1.28836
0.45,4.75,0.6,0.975,0,0,0,0,0,0,0,0,0,0,0,0,0,0,0,1.14363,0,0,0,0,1.30337,0,0,0,0,1.1437,0,0,0,0,1.30337
0.45,4.75,0.7,0.025,0,0,0,0,0,0,0,0,0,0,0,0,-0,0,0,0.78414,-0,0,0,0,0.913031,-0,-0,0,0,0.784215,-0,0,0,0,0.913031
0.45,4.75,0.7,0.075,0,0,0,0,0,0,0,0,0,0,0,0,-0,0,0,0.842622,-0,-0,0,0,0.939108,-0,-0,0,0,0.842682,-0,-0,0,0,0.939108
0.45,4.75,0.7,0.125,0,0,0,0,0,0,0,0,0,0,0,0,-0,0,0,0.896708,-0,-0,0,0,0.964571,-0,-0,0,0,0.896754,-0,-0,0,0,0.964571
0.45,4.75,0.7,0.175,0,0,0,0,0,0,0,0,0,0,0,0,-0,0,0,0.946398,-0,0,0,0,0.989419,-0,-0,0,0,0.946433,-0,0,0,0,0.989419
0.45,4.75,0.7,0.225,0,0,0,0,0,0,0,0,0,0,0,0,-0,0,0,0.991693,-0,0,0,0,1.01365,-0,-0,0,0,0.991717,-0,0,0,0,1.01365
0.45,4.75,0.7,0.275,0,0,0,0,0,0,0,0,0,0,0,0,-0,0,0,1.03259,-0,0,0,0,1.03727,-0,0,0,0,1.03261,-0,0,0,0,1.03727
0.45,4.75,0.7,0.325,0,0,0,0,0,0,0,0,0,0,0,0,0,0,0,1.0691,0,0,0,0,1.06027,0,0,0,0,1.0691,0,0,0,0,1.06027
0.45,4.75,0.7,0.375,0,0,0,0,0,0,0,0,0,0,0,0,0,0,0,1.1012,0,0,0,0,1.08266,0,0,0,0,1.10121,0,0,0,0,1.08266
0.45,4.75,0.7,0.425,0,0,0,0,0,0,0,0,0,0,0,0,0,0,0,1.12892,0,0,0,0,1.10444,0,0,0,0,1.12891,0,0,0,0,1.10444
0.45,4.75,0.7,0.475,0,0,0,0,0,0,0,0,0,0,0,0,0,0,0,1.15223,0,0,0,0,1.1256,0,0,0,0,1.15223,0,0,0,0,1.1256
0.45,4.75,0.7,0.525,0,0,0,0,0,0,0,0,0,0,0,0,0,0,0,1.17115,0,0,0,0,1.14614,0,0,0,0,1.17115,0,0,0,0,1.14614
0.45,4.75,0.7,0.575,0.45721,0.0409613,1.15509,0.0964592,1.05561,0.0840473,1.64287,0.135175,0.150834,0.0304897,0.286188,0.0578105,0.00515127,0.034289,0.0616862,1.18568,0.0245239,0.0280279,0.0500445,0.150406,1.16607,0.0118933,0.0163727,0.0791667,0.142421,1.18568,0.0348801,0.0398638,0.0711778,0.21392,1.16607
0.45,4.75,0.7,0.625,5.73733,0.145101,12.8409,0.321613,11.675,0.279512,20.1551,0.473463,1.68802,0.101998,3.36517,0.198237,0.0723944,0.537847,0.74465,1.19581,0.299125,0.383696,0.685449,1.70592,1.18538,0.147316,0.223703,1.09447,1.5153,1.19581,0.469507,0.602251,1.07588,2.67761,1.18538
0.45,4.75,0.7,0.675,1.54948,0.0754066,3.77895,0.17447,3.38223,0.150444,5.71843,0.252193,0.428493,0.0513897,0.863646,0.100427,0.0213309,0.177999,0.189014,1.20154,0.094181,0.136314,0.244252,0.513877,1.20408,0.0465613,0.0782826,0.388539,0.412581,1.20155,0.142518,0.206275,0.369611,0.777616,1.20408
0.45,4.75,0.7,0.725,0,0,0,0,0,0,0.0215371,0.0214796,0,0,0,0,0,0,0,1.20288,0,0,0,0,1.22217,0,0,0,0,1.20289,0.000562431,0.000922602,0.00166028,0.00300685,1.22217
0.45,4.75,0.7,0.775,0,0,0,0,0,0,0,0,0,0,0,0,0,0,0,1.19982,0,0,0,0,1.23964,0,0,0,0,1.19984,0,0,0,0,1.23964
0.45,4.75,0.7,0.825,0,0,0,0,0,0,0,0,0,0,0,0,0,0,0,1.19237,0,0,0,0,1.25649,0,0,0,0,1.1924,0,0,0,0,1.25649
0.45,4.75,0.7,0.875,0,0,0,0,0,0,0,0,0,0,0,0,0,0,0,1.18052,0,0,0,0,1.27273,0,0,0,0,1.18056,0,0,0,0,1.27273
0.45,4.75,0.7,0.925,0,0,0,0,0,0,0,0,0,0,0,0,0,0,0,1.16427,0,0,0,0,1.28836,0,0,0,0,1.16433,0,0,0,0,1.28836
0.45,4.75,0.7,0.975,0,0,0,0,0,0,0,0,0,0,0,0,0,0,0,1.14363,0,0,0,0,1.30337,0,0,0,0,1.1437,0,0,0,0,1.30337
0.55,4.75,0.4,0.025,0,0,0,0,0,0,0,0,0,0,0,0,-0,-0,-0,0.90085,-0,-0,-0,0,0.704903,-0,-0,-0,-0,0.90085,-0,-0,-0,0,0.704903
0.55,4.75,0.4,0.075,0,0,0,0,0,0,0,0,0,0,0,0,-0,-0,0,0.935493,-0,-0,-0,0,0.777426,-0,-0,-0,0,0.935493,-0,-0,-0,0,0.777426
0.55,4.75,0.4,0.125,0,0,0,0,0,0,0,0,0,0,0,0,-0,-0,0,0.968569,-0,-0,-0,0,0.843863,-0,-0,-0,0,0.968569,-0,-0,-0,0,0.843863
0.55,4.75,0.4,0.175,0,0,0,0,0,0,0,0,0,0,0,0,-0,-0,0,1.00008,0,-0,-0,0,0.904214,-0,-0,-0,0,1.00008,0,-0,-0,0,0.904214
0.55,4.75,0.4,0.225,0,0,0,0,0,0,0,0,0,0,0,0,0,-0,0,1.03002,0,0,-0,0,0.958478,0,-0,-0,0,1.03002,0,0,-0,0,0.958478
0.55,4.75,0.4,0.275,0,0,0,0,0,0,0,0,0,0,0,0,0,0,0,1.0584,0,0,0,0,1.00666,0,-0,0,0,1.0584,0,0,0,0,1.00666
0.55,4.75,0.4,0.325,2.95708,0.077306,6.09545,0.151234,6.26789,0.17054,8.8039,0.222451,0.887781,0.0593843,1.3855,0.0961001,0.0110385,0.0707729,0.324381,1.0852,0.0803344,0.0445369,0.10418,0.614656,1.04875,0.0233976,0.0148412,0.150012,0.687567,1.0852,0.11603,0.0643264,0.150471,0.887772,1.04875
0.55,4.75,0.4,0.375,13.5936,0.165748,30.0533,0.33581,29.5934,0.370564,43.4327,0.494089,4.77303,0.137694,6.47187,0.2077,0.0684505,0.509374,1.56246,1.11045,0.472533,0.326859,0.726003,3.12467,1.08475,0.149018,0.151533,1.10891,3.4015,1.11045,0.682899,0.472373,1.04921,4.51574,1.08475
0.55,4.75,0.4,0.425,9.84171,0.141032,22.3121,0.289346,21.671,0.317106,32.5213,0.427544,3.26394,0.113865,4.45181,0.172262,0.0615046,0.480068,1.1459,1.13412,0.396667,0.329225,0.671762,2.34141,1.11467,0.13543,0.173849,1.05709,2.52323,1.13412,0.578169,0.479868,0.979137,3.41277,1.11467
0.55,4.75,0.4,0.475,0.962797,0.0441113,2.32006,0.0933032,2.08235,0.0982975,3.43167,0.138883,0.319517,0.0356259,0.448307,0.0546649,0.00710023,0.0557029,0.109926,1.15623,0.0448801,0.0439536,0.0810688,0.240691,1.1385,0.0153565,0.0230578,0.120475,0.23775,1.15623,0.0663834,0.0650131,0.119911,0.356013,1.1385
0.55,4.75,0.4,0.525,0,0,0,0,0,0,0,0,0,0,0,0,0,0,0,1.17677,0,0,0,0,1.15624,0,0,0,0,1.17677,0,0,0,0,1.15624
0.55,4.75,0.4,0.575,0,0,0,0,0,0,0,0,0,0,0,0,0,0,0,1.19574,0,0,0,0,1.1679,0,0,0,0,1.19574,0,0,0,0,1.1679
0.55,4.75,0.4,0.625,0,0,0,0,0,0,0,0,0,0,0,0,0,0,0,1.21315,0,0,0,0,1.17347,0,0,0,0,1.21315,0,0,0,0,1.17347
0.55,4.75,0.4,0.675,0,0,0,0,0,0,0,0,0,0,0,0,0,0,0,1.22899,0,0,0,0,1.17296,0,0,0,0,1.22899,0,0,0,0,1.17296
0.55,4.75,0.4,0.725,0,0,0,0,0,0,0,0,0,0,0,0,0,0,0,1.24326,0,0,0,0,1.16636,0,0,0,0,1.24326,0,0,0,0,1.16636
0.55,4.75,0.4,0.775,0,0,0,0,0,0,0,0,0,0,0,0,0,0,0,1.25597,0,0,0,0,1.15367,0,0,0,0,1.25597,0,0,0,0,1.15367
0.55,4.75,0.4,0.825,0,0,0,0,0,0,0,0,0,0,0,0,0,0,-0,1.26711,0,0,0,0,1.13489,0,0,0,-0,1.26711,0,0,0,0,1.13489
0.55,4.75,0.4,0.875,0,0,0,0,0,0,0,0,0,0,0,0,0,0,-0,1.27668,0,0,0,0,1.11003,0,0,0,-0,1.27668,0,0,0,0,1.11003
0.55,4.75,0.4,0.925,0,0,0,0,0,0,0,0,0,0,0,0,0,0,-0,1.28468,0,0,0,-0,1.07908,0,0,0,-0,1.28468,0,0,0,-0,1.07908
0.55,4.75,0.4,0.975,0,0,0,0,0,0,0,0,0,0,0,0,0,0,-0,1.29112,0,0,0,-0,1.04205,0,0,0,-0,1.29112,0,0,0,-0,1.04205
0.55,4.75,0.5,0.025,0,0,0,0,0,0,0,0,0,0,0,0,-0,-0,-0,0.90085,-0,-0,-0,0,0.704903,-0,-0,-0,-0,0.90085,-0,-0,-0,0,0.704903
0.55,4.75,0.5,0.075,0,0,0,0,0,0,0,0,0,0,0,0,-0,-0,0,0.935493,-0,-0,-0,0,0.777426,-0,-0,-0,0,0.935493,-0,-0,-0,0,0.777426
0.55,4.75,0.5,0.125,0,0,0,0,0,0,0,0,0,0,0,0,-0,-0,0,0.968569,-0,-0,-0,0,0.843863,-0,-0,-0,0,0.968569,-0,-0,-0,0,0.843863
0.55,4.75,0.5,0.175,0,0,0,0,0,0,0,0,0,0,0,0,-0,-0,0,1.00008,0,-0,-0,0,0.904214,-0,-0,-0,0,1.00008,0,-0,-0,0,0.904214
0.55,4.75,0.5,0.225,0,0,0,0,0,0,0,0,0,0,0,0,0,-0,0,1.03002,0,0,-0,0,0.958478,0,-0,-0,0,1.03002,0,0,-0,0,0.958478
0.55,4.75,0.5,0.275,0,0,0,0,0,0,0,0,0,0,0,0,0,0,0,1.0584,0,0,0,0,1.00666,0,-0,0,0,1.0584,0,0,0,0,1.00666
0.55,4.75,0.5,0.325,0,0,0,0,0,0,0,0,0,0,0,0,0,0,0,1.0852,0,0,0,0,1.04875,0,0,0,0,1.0852,0,0,0,0,1.04875
0.55,4.75,0.5,0.375,0,0,0,0,0,0,0,0,0,0,0,0,0,0,0,1.11045,0,0,0,0,1.08475,0,0,0,0,1.11045,0,0,0,0,1.08475
0.55,4.75,0.5,0.425,5.5617,0.115539,11.8359,0.24171,11.188,0.211021,18.2471,0.373069,1.6773,0.0852385,2.70962,0.140081,0.0347572,0.271294,0.647567,1.13412,0.21042,0.174644,0.356349,1.24205,1.11467,0.0699181,0.0897526,0.545738,1.30266,1.13412,0.3244,0.269245,0.549376,1.91484,1.11467
0.55,4.75,0.5,0.475,8.49391,0.142784,19.0304,0.306491,17.3542,0.262816,28.535,0.466532,2.80068,0.110144,4.05245,0.171311,0.0626391,0.491418,0.969781,1.15623,0.368131,0.360532,0.664971,1.97428,1.1385,0.12798,0.192162,1.00403,1.98139,1.15623,0.551992,0.540598,0.997087,2.96032,1.1385
0.55,4.75,0.5,0.525,4.01232,0.0981352,8.6319,0.206418,7.64502,0.174437,13.3521,0.31913,1.12206,0.0697168,1.71988,0.111603,0.0337482,0.259601,0.43398,1.17677,0.17628,0.202373,0.333729,0.866499,1.15624,0.0643032,0.109115,0.49464,0.826899,1.17677,0.272676,0.313037,0.516224,1.34033,1.15624
0.55,4.75,0.5,0.575,0.102978,0.0157217,0.250555,0.0351679,0.222259,0.0297426,0.408307,0.0558066,0.0328013,0.01192,0.00916764,0.00814806,0.000963771,0.007138,0.0101328,1.19574,0.00526432,0.00707932,0.0103396,0.0237675,1.1679,0.00208011,0.00391654,0.015406,0.0218698,1.19574,0.00857877,0.0115365,0.0168494,0.0387316,1.1679
0.55,4.75,0.5,0.625,0,0,0,0,0,0,0,0,0,0,0,0,0,0,0,1.21315,0,0,0,0,1.17347,0,0,0,0,1.21315,0,0,0,0,1.17347
0.55,4.75,0.5,0.675,0,0,0,0,0,0,0,0,0,0,0,0,0,0,0,1.22899,0,0,0,0,1.17296,0,0,0,0,1.22899,0,0,0,0,1.17296
0.55,4.75,0.5,0.725,0,0,0,0,0,0,0,0,0,0,0,0,0,0,0,1.24326,0,0,0,0,1.16636,0,0,0,0,1.24326,0,0,0,0,1.16636
0.55,4.75,0.5,0.775,0,0,0,0,0,0,0,0,0,0,0,0,0,0,0,1.25597,0,0,0,0,1.15367,0,0,0,0,1.25597,0,0,0,0,1.15367
0.55,4.75,0.5,0.825,0,0,0,0,0,0,0,0,0,0,0,0,0,0,-0,1.26711,0,0,0,0,1.13489,0,0,0,-0,1.26711,0,0,0,0,1.13489
0.55,4.75,0.5,0.875,0,0,0,0,0,0,0,0,0,0,0,0,0,0,-0,1.27668,0,0,0,0,1.11003,0,0,0,-0,1.27668,0,0,0,0,1.11003
0.55,4.75,0.5,0.925,0,0,0,0,0,0,0,0,0,0,0,0,0,0,-0,1.28468,0,0,0,-0,1.07908,0,0,0,-0,1.28468,0,0,0,-0,1.07908
0.55,4.75,0.5,0.975,0,0,0,0,0,0,0,0,0,0,0,0,0,0,-0,1.29112,0,0,0,-0,1.04205,0,0,0,-0,1.29112,0,0,0,-0,1.04205
0.55,4.75,0.6,0.025,0,0,0,0,0,0,0,0,0,0,0,0,-0,-0,-0,0.90085,-0,-0,-0,0,0.704903,-0,-0,-0,-0,0.90085,-0,-0,-0,0,0.704903
0.55,4.75,0.6,0.075,0,0,0,0,0,0,0,0,0,0,0,0,-0,-0,0,0.935493,-0,-0,-0,0,0.777426,-0,-0,-0,0,0.935493,-0,-0,-0,0,0.777426
0.55,4.75,0.6,0.125,0,0,0,0,0,0,0,0,0,0,0,0,-0,-0,0,0.968569,-0,-0,-0,0,0.843863,-0,-0,-0,0,0.968569,-0,-0,-0,0,0.843863
0.55,4.75,0.6,0.175,0,0,0,0,0,0,0,0,0,0,0,0,-0,-0,0,1.00008,0,-0,-0,0,0.904214,-0,-0,-0,0,1.00008,0,-0,-0,0,0.904214
0.55,4.75,0.6,0.225,0,0,0,0,0,0,0,0,0,0,0,0,0,-0,0,1.03002,0,0,-0,0,0.958478,0,-0,-0,0,1.03002,0,0,-0,0,0.958478
0.55,4.75,0.6,0.275,0,0,0,0,0,0,0,0,0,0,0,0,0,0,0,1.0584,0,0,0,0,1.00666,0,-0,0,0,1.0584,0,0,0,0,1.00666
0.55,4.75,0.6,0.325,0,0,0,0,0,0,0,0,0,0,0,0,0,0,0,1.0852,0,0,0,0,1.04875,0,0,0,0,1.0852,0,0,0,0,1.04875
0.55,4.75,0.6,0.375,0,0,0,0,0,0,0,0,0,0,0,0,0,0,0,1.11045,0,0,0,0,1.08475,0,0,0,0,1.11045,0,0,0,0,1.08475
0.55,4.75,0.6,0.425,0,0,0,0,0,0,0,0,0,0,0,0,0,0,0,1.13412,0,0,0,0,1.11467,0,0,0,0,1.13412,0,0,0,0,1.11467
0.55,4.75,0.6,0.475,0.412507,0.0380167,0.903686,0.0818739,0.858033,0.0753373,1.2598,0.114247,0.106098,0.0209539,0.18207,0.0355174,0.00304207,0.0238657,0.0470974,1.15623,0.0174812,0.0171204,0.0315771,0.0937515,1.1385,0.00632764,0.00950097,0.0496418,0.0979648,1.15623,0.02437,0.0238669,0.0440205,0.130695,1.1385
0.55,4.75,0.6,0.525,3.89218,0.116776,8.33782,0.248693,7.74745,0.22638,13.0653,0.36792,1.15016,0.0689906,1.89308,0.114527,0.0327376,0.251827,0.420985,1.17677,0.170274,0.195478,0.322359,0.836978,1.15624,0.0651648,0.110577,0.501267,0.837978,1.17677,0.266818,0.306312,0.505134,1.31154,1.15624
0.55,4.75,0.6,0.575,0.933395,0.0571862,2.07099,0.123944,1.97639,0.114339,3.26275,0.183859,0.250325,0.0321856,0.30965,0.0463188,0.00873562,0.0646989,0.0918441,1.19574,0.0435127,0.0585147,0.0854626,0.196452,1.1679,0.018497,0.0348271,0.136995,0.194473,1.19574,0.0685523,0.0921873,0.134643,0.309502,1.1679
0.55,4.75,0.6,0.625,-nan,-nan,0,0,-nan,-nan,0.0181231,0.0180453,0,0,0,0,-nan,-nan,-nan,1.21315,0,0,0,0,1.17347,-nan,-nan,-nan,-nan,1.21315,0.000382589,0.000604846,0.000774864,0.0015798,1.17347
0.55,4.75,0.6,0.675,0,0,0,0,0,0,0,0,0,0,0,0,0,0,0,1.22899,0,0,0,0,1.17296,0,0,0,0,1.22899,0,0,0,0,1.17296
0.55,4.75,0.6,0.725,0,0,0,0,0,0,0,0,0,0,0,0,0,0,0,1.24326,0,0,0,0,1.16636,0,0,0,0,1.24326,0,0,0,0,1.16636
0.55,4.75,0.6,0.775,0,0,0,0,0,0,0,0,0,0,0,0,0,0,0,1.25597,0,0,0,0,1.15367,0,0,0,0,1.25597,0,0,0,0,1.15367
0.55,4.75,0.6,0.825,0,0,0,0,0,0,0,0,0,0,0,0,0,0,-0,1.26711,0,0,0,0,1.13489,0,0,0,-0,1.26711,0,0,0,0,1.13489
0.55,4.75,0.6,0.875,0,0,0,0,0,0,0,0,0,0,0,0,0,0,-0,1.27668,0,0,0,0,1.11003,0,0,0,-0,1.27668,0,0,0,0,1.11003
0.55,4.75,0.6,0.925,0,0,0,0,0,0,0,0,0,0,0,0,0,0,-0,1.28468,0,0,0,-0,1.07908,0,0,0,-0,1.28468,0,0,0,-0,1.07908
0.55,4.75,0.6,0.975,0,0,0,0,0,0,0,0,0,0,0,0,0,0,-0,1.29112,0,0,0,-0,1.04205,0,0,0,-0,1.29112,0,0,0,-0,1.04205
0.55,4.75,0.7,0.025,0,0,0,0,0,0,0,0,0,0,0,0,-0,-0,-0,0.90085,-0,-0,-0,0,0.704903,-0,-0,-0,-0,0.90085,-0,-0,-0,0,0.704903
0.55,4.75,0.7,0.075,0,0,0,0,0,0,0,0,0,0,0,0,-0,-0,0,0.935493,-0,-0,-0,0,0.777426,-0,-0,-0,0,0.935493,-0,-0,-0,0,0.777426
0.55,4.75,0.7,0.125,0,0,0,0,0,0,0,0,0,0,0,0,-0,-0,0,0.968569,-0,-0,-0,0,0.843863,-0,-0,-0,0,0.968569,-0,-0,-0,0,0.843863
0.55,4.75,0.7,0.175,0,0,0,0,0,0,0,0,0,0,0,0,-0,-0,0,1.00008,0,-0,-0,0,0.904214,-0,-0,-0,0,1.00008,0,-0,-0,0,0.904214
0.55,4.75,0.7,0.225,0,0,0,0,0,0,0,0,0,0,0,0,0,-0,0,1.03002,0,0,-0,0,0.958478,0,-0,-0,0,1.03002,0,0,-0,0,0.958478
0.55,4.75,0.7,0.275,0,0,0,0,0,0,0,0,0,0,0,0,0,0,0,1.0584,0,0,0,0,1.00666,0,-0,0,0,1.0584,0,0,0,0,1.00666
0.55,4.75,0.7,0.325,0,0,0,0,0,0,0,0,0,0,0,0,0,0,0,1.0852,0,0,0,0,1.04875,0,0,0,0,1.0852,0,0,0,0,1.04875
0.55,4.75,0.7,0.375,0,0,0,0,0,0,0,0,0,0,0,0,0,0,0,1.11045,0,0,0,0,1.08475,0,0,0,0,1.11045,0,0,0,0,1.08475
0.55,4.75,0.7,0.425,0,0,0,0,0,0,0,0,0,0,0,0,0,0,0,1.13412,0,0,0,0,1.11467,0,0,0,0,1.13412,0,0,0,0,1.11467
0.55,4.75,0.7,0.475,0,0,0,0,0,0,0,0,0,0,0,0,0,0,0,1.15623,0,0,0,0,1.1385,0,0,0,0,1.15623,0,0,0,0,1.1385
0.55,4.75,0.7,0.525,0,0,0,0,0,0,0,0,0,0,0,0,0,0,0,1.17677,0,0,0,0,1.15624,0,0,0,0,1.17677,0,0,0,0,1.15624
0.55,4.75,0.7,0.575,0.177744,0.0245406,0.474494,0.0600436,0.293417,0.0436669,0.613863,0.0767021,0.0586517,0.0149517,0.143663,0.0510991,0.0016635,0.0123204,0.0174896,1.19574,0.00996941,0.0134066,0.0195808,0.0450101,1.1679,0.00274609,0.00517047,0.0203384,0.0288717,1.19574,0.0128976,0.0173444,0.0253321,0.0582305,1.1679
0.55,4.75,0.7,0.625,0.00619334,0.00619334,-nan,-nan,0.00816117,0.00890207,0.0426595,0.0202199,0,0,0,0,6.32845e-05,0.000444059,0.000525703,1.21315,-nan,-nan,-nan,-nan,1.17347,8.3392e-05,0.000172359,0.000585151,0.000692735,1.21315,0.000900567,0.00142373,0.00182393,0.00371866,1.17347
0.55,4.75,0.7,0.675,0,0,0,0,0,0,0,0,0,0,0,0,0,0,0,1.22899,0,0,0,0,1.17296,0,0,0,0,1.22899,0,0,0,0,1.17296
0.55,4.75,0.7,0.725,0,0,0,0,0,0,0,0,0,0,0,0,0,0,0,1.24326,0,0,0,0,1.16636,0,0,0,0,1.24326,0,0,0,0,1.16636
0.55,4.75,0.7,0.775,0,0,0,0,0,0,0,0,0,0,0,0,0,0,0,1.25597,0,0,0,0,1.15367,0,0,0,0,1.25597,0,0,0,0,1.15367
0.55,4.75,0.7,0.825,0,0,0,0,0,0,0,0,0,0,0,0,0,0,-0,1.26711,0,0,0,0,1.13489,0,0,0,-0,1.26711,0,0,0,0,1.13489
0.55,4.75,0.7,0.875,0,0,0,0,0,0,0,0,0,0,0,0,0,0,-0,1.27668,0,0,0,0,1.11003,0,0,0,-0,1.27668,0,0,0,0,1.11003
0.55,4.75,0.7,0.925,0,0,0,0,0,0,0,0,0,0,0,0,0,0,-0,1.28468,0,0,0,-0,1.07908,0,0,0,-0,1.28468,0,0,0,-0,1.07908
0.55,4.75,0.7,0.975,0,0,0,0,0,0,0,0,0,0,0,0,0,0,-0,1.29112,0,0,0,-0,1.04205,0,0,0,-0,1.29112,0,0,0,-0,1.04205
0.6,5.5,0.45,0.025,0,0,0,0,0,0,0,0,0,0,0,0,0,-0,0,0.739919,0,-0,-0,-0,0.918523,0,0,-0,0,0.739919,0,-0,-0,-0,0.918523
0.6,5.5,0.45,0.075,0,0,0,0,0,0,0,0,0,0,0,0,0,-0,0,0.823355,0,-0,-0,-0,0.964718,0,0,-0,0,0.823355,0,-0,-0,-0,0.964719
0.6,5.5,0.45,0.125,0,0,0,0,0,0,0,0,0,0,0,0,0,-0,0,0.89858,0,-0,-0,0,1.00616,0,0,-0,0,0.89858,0,-0,-0,0,1.00616
0.6,5.5,0.45,0.175,0,0,0,0,0,0,0,0,0,0,0,0,0,-0,0,0.965596,0,-0,-0,0,1.04285,0,0,-0,0,0.965596,0,-0,-0,0,1.04285
0.6,5.5,0.45,0.225,0,0,0,0,0,0,0,0,0,0,0,0,0,-0,0,1.0244,0,0,-0,0,1.07478,0,0,-0,0,1.0244,0,0,-0,0,1.07478
0.6,5.5,0.45,0.275,0,0,0,0,0,0,0,0,0,0,0,0,0,-0,0,1.075,0,0,-0,0,1.10195,0,0,-0,0,1.075,0,0,-0,0,1.10195
0.6,5.5,0.45,0.325,0,0,0,0,0,0,0,0,0,0,0,0,0,-0,0,1.11738,0,0,0,0,1.12438,0,0,-0,0,1.11738,0,0,0,0,1.12438
0.6,5.5,0.45,0.375,1.22764,0.0680949,2.97905,0.159193,2.85645,0.0866447,4.2113,0.135729,0.381591,0.0352871,0.673133,0.0666843,0.00900403,0.0276977,0.147601,1.15156,0.0696381,0.0717761,0.0442581,0.319617,1.14204,0.0209505,0.053863,0.0644468,0.343437,1.15156,0.0984432,0.101465,0.062565,0.451823,1.14204
0.6,5.5,0.45,0.425,4.4468,0.129599,9.74108,0.287866,8.48039,0.149292,13.556,0.243518,1.25326,0.0639495,1.71765,0.106522,0.0315402,0.18237,0.530141,1.17753,0.187579,0.256017,0.245469,1.08449,1.15496,0.0601497,0.116326,0.347794,1.01102,1.17753,0.261041,0.35628,0.341602,1.50921,1.15496
0.6,5.5,0.45,0.475,2.63795,0.0998188,5.49216,0.216151,4.73815,0.111592,8.04928,0.187648,0.699985,0.0477926,1.10541,0.0854546,0.019681,0.145696,0.307398,1.19528,0.0962991,0.141689,0.179728,0.60862,1.16311,0.0353501,0.0500944,0.261693,0.552133,1.19528,0.141135,0.207659,0.263409,0.89199,1.16311
0.6,5.5,0.45,0.525,0.0676167,0.0159811,0.519837,0.0664997,0.423467,0.0333609,0.619537,0.0520594,0.0515123,0.012965,0.117134,0.0292223,0.000570568,0.00440996,0.00758415,1.20483,0.00946531,0.0117705,0.0194585,0.0549687,1.16652,0.00357333,0.00399038,0.0276185,0.0474977,1.20483,0.0112807,0.0140279,0.0231904,0.0655111,1.16652
0.6,5.5,0.45,0.575,0,0,0,0,0,0,0,0,0,0,0,0,0,0,0,1.20617,0,0,0,0,1.16517,0,0,0,0,1.20617,0,0,0,0,1.16517
0.6,5.5,0.45,0.625,0,0,0,0,0,0,0,0,0,0,0,0,0,0,0,1.19929,0,0,0,0,1.15906,0,0,0,0,1.19929,0,0,0,0,1.15906
0.6,5.5,0.45,0.675,0,0,0,0,0,0,0,0,0,0,0,0,0,0,0,1.18421,0,-0,0,0,1.1482,0,0,0,0,1.18421,0,-0,0,0,1.1482
0.6,5.5,0.45,0.725,0,0,0,0,0,0,0,0,0,0,0,0,0,0,0,1.16092,0,-0,0,0,1.13258,0,0,0,0,1.16092,0,-0,0,0,1.13258
0.6,5.5,0.45,0.775,0,0,0,0,0,0,0,0,0,0,0,0,0,0,0,1.12941,0,-0,0,0,1.11221,0,0,0,0,1.12941,0,-0,0,0,1.11221
0.6,5.5,0.45,0.825,0,0,0,0,0,0,0,0,0,0,0,0,0,0,0,1.0897,0,-0,0,-0,1.08709,0,0,0,0,1.0897,0,-0,0,-0,1.08709
0.6,5.5,0.45,0.875,0,0,0,0,0,0,0,0,0,0,0,0,0,0,0,1.04178,0,-0,-0,-0,1.05721,0,0,0,0,1.04178,0,-0,-0,-0,1.05721
0.6,5.5,0.45,0.925,0,0,0,0,0,0,0,0,0,0,0,0,0,-0,0,0.985646,0,-0,-0,-0,1.02257,0,0,-0,0,0.985646,0,-0,-0,-0,1.02257
0.6,5.5,0.45,0.975,0,0,0,0,0,0,0,0,0,0,0,0,0,-0,-0,0.921304,0,-0,-0,-0,0.983182,0,0,-0,-0,0.921304,0,-0,-0,-0,0.983183
0.6,5.5,0.55,0.025,0,0,0,0,0,0,0,0,0,0,0,0,0,-0,0,0.739919,0,-0,-0,-0,0.918523,0,0,-0,0,0.739919,0,-0,-0,-0,0.918523
0.6,5.5,0.55,0.075,0,0,0,0,0,0,0,0,0,0,0,0,0,-0,0,0.823355,0,-0,-0,-0,0.964718,0,0,-0,0,0.823355,0,-0,-0,-0,0.964719
0.6,5.5,0.55,0.125,0,0,0,0,0,0,0,0,0,0,0,0,0,-0,0,0.89858,0,-0,-0,0,1.00616,0,0,-0,0,0.89858,0,-0,-0,0,1.00616
0.6,5.5,0.55,0.175,0,0,0,0,0,0,0,0,0,0,0,0,0,-0,0,0.965596,0,-0,-0,0,1.04285,0,0,-0,0,0.965596,0,-0,-0,0,1.04285
0.6,5.5,0.55,0.225,0,0,0,0,0,0,0,0,0,0,0,0,0,-0,0,1.0244,0,0,-0,0,1.07478,0,0,-0,0,1.0244,0,0,-0,0,1.07478
0.6,5.5,0.55,0.275,0,0,0,0,0,0,0,0,0,0,0,0,0,-0,0,1.075,0,0,-0,0,1.10195,0,0,-0,0,1.075,0,0,-0,0,1.10195
0.6,5.5,0.55,0.325,0,0,0,0,0,0,0,0,0,0,0,0,0,-0,0,1.11738,0,0,0,0,1.12438,0,0,-0,0,1.11738,0,0,0,0,1.12438
0.6,5.5,0.55,0.375,0,0,0,0,0,0,0,0,0,0,0,0,0,0,0,1.15156,0,0,0,0,1.14204,0,0,0,0,1.15156,0,0,0,0,1.14204
0.6,5.5,0.55,0.425,0,0,0,0,0,0,0,0,0,0,0,0,0,0,0,1.17753,0,0,0,0,1.15496,0,0,0,0,1.17753,0,0,0,0,1.15496
0.6,5.5,0.55,0.475,1.5464,0.0765898,4.11796,0.188743,3.18216,0.0875174,5.66761,0.165461,0.564441,0.0486234,0.768764,0.068552,0.0115373,0.0854091,0.180201,1.19528,0.072204,0.106237,0.134758,0.456337,1.16311,0.0237413,0.0336436,0.175754,0.370815,1.19528,0.0993753,0.146216,0.18547,0.628062,1.16311
0.6,5.5,0.55,0.525,1.05621,0.0632973,2.78501,0.155219,2.28187,0.0741104,3.81118,0.135683,0.412548,0.0415694,0.515202,0.0561194,0.00891257,0.0688859,0.118468,1.20483,0.0507101,0.06306,0.104248,0.294493,1.16652,0.019255,0.0215023,0.148824,0.255944,1.20483,0.0693948,0.0862951,0.14266,0.403002,1.16652
0.6,5.5,0.55,0.575,-nan,-nan,0.222514,0.0438742,0.186151,0.0211673,0.383815,0.0430582,0.0249851,0.01023,0.0286598,0.0132361,-nan,-nan,-nan,1.20617,0.00473498,0.00374149,0.00874959,0.0213857,1.16517,0.00186623,0.00191153,0.0132127,0.0197548,1.20617,0.0081674,0.00645373,0.0150922,0.0368884,1.16517
0.6,5.5,0.55,0.625,0,0,0,0,0,0,0,0,0,0,0,0,0,0,0,1.19929,0,0,0,0,1.15906,0,0,0,0,1.19929,0,0,0,0,1.15906
0.6,5.5,0.55,0.675,0,0,0,0,0,0,0,0,0,0,0,0,0,0,0,1.18421,0,-0,0,0,1.1482,0,0,0,0,1.18421,0,-0,0,0,1.1482
0.6,5.5,0.55,0.725,0,0,0,0,0,0,0,0,0,0,0,0,0,0,0,1.16092,0,-0,0,0,1.13258,0,0,0,0,1.16092,0,-0,0,0,1.13258
0.6,5.5,0.55,0.775,0,0,0,0,0,0,0,0,0,0,0,0,0,0,0,1.12941,0,-0,0,0,1.11221,0,0,0,0,1.12941,0,-0,0,0,1.11221
0.6,5.5,0.55,0.825,0,0,0,0,0,0,0,0,0,0,0,0,0,0,0,1.0897,0,-0,0,-0,1.08709,0,0,0,0,1.0897,0,-0,0,-0,1.08709
0.6,5.5,0.55,0.875,0,0,0,0,0,0,0,0,0,0,0,0,0,0,0,1.04178,0,-0,-0,-0,1.05721,0,0,0,0,1.04178,0,-0,-0,-0,1.05721
0.6,5.5,0.55,0.925,0,0,0,0,0,0,0,0,0,0,0,0,0,-0,0,0.985646,0,-0,-0,-0,1.02257,0,0,-0,0,0.985646,0,-0,-0,-0,1.02257
0.6,5.5,0.55,0.975,0,0,0,0,0,0,0,0,0,0,0,0,0,-0,-0,0.921304,0,-0,-0,-0,0.983182,0,0,-0,-0,0.921304,0,-0,-0,-0,0.983183
0.6,5.5,0.65,0.025,0,0,0,0,0,0,0,0,0,0,0,0,0,-0,0,0.739919,0,-0,-0,-0,0.918523,0,0,-0,0,0.739919,0,-0,-0,-0,0.918523
0.6,5.5,0.65,0.075,0,0,0,0,0,0,0,0,0,0,0,0,0,-0,0,0.823355,0,-0,-0,-0,0.964718,0,0,-0,0,0.823355,0,-0,-0,-0,0.964719
0.6,5.5,0.65,0.125,0,0,0,0,0,0,0,0,0,0,0,0,0,-0,0,0.89858,0,-0,-0,0,1.00616,0,0,-0,0,0.89858,0,-0,-0,0,1.00616
0.6,5.5,0.65,0.175,0,0,0,0,0,0,0,0,0,0,0,0,0,-0,0,0.965596,0,-0,-0,0,1.04285,0,0,-0,0,0.965596,0,-0,-0,0,1.04285
0.6,5.5,0.65,0.225,0,0,0,0,0,0,0,0,0,0,0,0,0,-0,0,1.0244,0,0,-0,0,1.07478,0,0,-0,0,1.0244,0,0,-0,0,1.07478
0.6,5.5,0.65,0.275,0,0,0,0,0,0,0,0,0,0,0,0,0,-0,0,1.075,0,0,-0,0,1.10195,0,0,-0,0,1.075,0,0,-0,0,1.10195
0.6,5.5,0.65,0.325,0,0,0,0,0,0,0,0,0,0,0,0,0,-0,0,1.11738,0,0,0,0,1.12438,0,0,-0,0,1.11738,0,0,0,0,1.12438
0.6,5.5,0.65,0.375,0,0,0,0,0,0,0,0,0,0,0,0,0,0,0,1.15156,0,0,0,0,1.14204,0,0,0,0,1.15156,0,0,0,0,1.14204
0.6,5.5,0.65,0.425,0,0,0,0,0,0,0,0,0,0,0,0,0,0,0,1.17753,0,0,0,0,1.15496,0,0,0,0,1.17753,0,0,0,0,1.15496
0.6,5.5,0.65,0.475,0,0,0,0,0,0,0,0,0,0,0,0,0,0,0,1.19528,0,0,0,0,1.16311,0,0,0,0,1.19528,0,0,0,0,1.16311
0.6,5.5,0.65,0.525,0.050417,0.0145711,0.176423,0.0404522,0.181071,0.0254542,0.219577,0.0381691,-nan,-nan,0.0271288,0.0155921,0.000425432,0.00328819,0.00565496,1.20483,0.00321235,0.00399468,0.00660384,0.0186553,1.16652,0.00152793,0.00170625,0.0118094,0.0203096,1.20483,0.00399812,0.00497181,0.0082192,0.0232186,1.16652
0.6,5.5,0.65,0.575,0.114879,0.021995,0.281177,0.0510687,0.174288,0.0249729,0.595614,0.0622858,0.0350458,0.0127543,0.0271288,0.0155921,0.0011517,0.00815394,0.0121912,1.20617,0.0059833,0.00472789,0.0110563,0.0270238,1.16517,0.0017473,0.00178971,0.0123707,0.0184958,1.20617,0.0126744,0.010015,0.0234205,0.0572442,1.16517
0.6,5.5,0.65,0.625,0,0,0,0,0,0,0,0,0,0,0,0,0,0,0,1.19929,0,0,0,0,1.15906,0,0,0,0,1.19929,0,0,0,0,1.15906
0.6,5.5,0.65,0.675,0,0,0,0,0,0,0,0,0,0,0,0,0,0,0,1.18421,0,-0,0,0,1.1482,0,0,0,0,1.18421,0,-0,0,0,1.1482
0.6,5.5,0.65,0.725,0,0,0,0,0,0,0,0,0,0,0,0,0,0,0,1.16092,0,-0,0,0,1.13258,0,0,0,0,1.16092,0,-0,0,0,1.13258
0.6,5.5,0.65,0.775,0,0,0,0,0,0,0,0,0,0,0,0,0,0,0,1.12941,0,-0,0,0,1.11221,0,0,0,0,1.12941,0,-0,0,0,1.11221
0.6,5.5,0.65,0.825,0,0,0,0,0,0,0,0,0,0,0,0,0,0,0,1.0897,0,-0,0,-0,1.08709,0,0,0,0,1.0897,0,-0,0,-0,1.08709
0.6,5.5,0.65,0.875,0,0,0,0,0,0,0,0,0,0,0,0,0,0,0,1.04178,0,-0,-0,-0,1.05721,0,0,0,0,1.04178,0,-0,-0,-0,1.05721
0.6,5.5,0.65,0.925,0,0,0,0,0,0,0,0,0,0,0,0,0,-0,0,0.985646,0,-0,-0,-0,1.02257,0,0,-0,0,0.985646,0,-0,-0,-0,1.02257
0.6,5.5,0.65,0.975,0,0,0,0,0,0,0,0,0,0,0,0,0,-0,-0,0.921304,0,-0,-0,-0,0.983182,0,0,-0,-0,0.921304,0,-0,-0,-0,0.983183
